text,joy,sadness,anger,fear,surprise,disgust
WHY THE FUCK IS BAYLESS ISOING,0,0,1,0,0,0
To make her feel threatened,0,0,0,1,0,0
OmG pEyToN iSn'T gOoD eNoUgH tO hElP uS iN tHe PlAyOfFs! Dumbass Broncos fans circa December 2015.,0,0,0,0,1,0
Fucking coward.,0,0,1,0,0,0
Stupidly stubborn / stubbornly stupid,0,0,1,0,0,0
I miss them being alive,0,1,0,0,0,0
"Troll, bro. They know they're saying stupid shit. The motherfucker does nothing but stink up libertarian subs talking shit",0,0,1,0,0,0
"Ok, then what the actual fuck is your plan?",0,0,1,0,0,0
Happy to be able to help.,1,0,0,0,0,0
Pretty sure I’ve seen this. He swings away with the harness he is wearing. Still looks painful but I think he lives,0,1,0,0,0,0
sorry [NAME]! 😘😘😘,0,1,0,0,0,0
my brain hurts...,0,1,0,0,0,0
It's because you play against 1000 ms ping EU players that have no idea what's going on. Happy hunting!,1,0,0,0,0,0
The fuck is “mog?!”,0,0,1,0,0,0
Especially that “Australia ain’t gonna cop it” ad on TV god I hate [NAME],0,0,1,0,0,0
"[NAME] dude I see [NAME] so rarely that I forget that he's the OG ""Fuck this character fuck this stupid game"" king. ",0,0,1,0,0,0
"Wow. I just read the synopsis, and that’s really what happens. ",0,0,0,0,1,0
I KILL YOU SCUM,0,0,1,0,0,0
Tournament was a blast met some really cool people loved it all. Thanks for holding it. Would love to do it again someday,1,0,0,0,0,0
youre a disgusting piece of filth.,0,0,0,0,0,1
You told me it was pointless to point it out. You're the idiot,0,0,1,0,0,0
2019 should just be a picture of a trash can or dumpster on fire. Amazing how shitty DICE can make things in 10 years.,0,0,0,0,1,0
Your coaching is terrible.... be ready and see how [NAME] uses [NAME],0,0,0,1,0,0
"He may have, I was more worried about the ""running and shooting the AR one handed, off to the side"".",0,0,0,1,0,0
"No problem at all, glad I could help :) Cheers!",1,0,0,0,0,0
My [NAME]! This isnt a vaccine! It's a jello shot!,0,0,0,0,1,0
"Oh wow. Yeah I’m very new, only about 8 hours gameplay",0,0,0,0,1,0
By [NAME]! That’s [NAME] music!,1,0,0,0,0,0
What the fuck is [NAME] doing in the background,0,0,1,0,0,0
[NAME],0,0,0,0,0,1
i think its cool because its a hybrid that comes in stickshift,1,0,0,0,0,0
wow so almost every sub has grown a lot in 7 months. Also 8.3k!! what!? that's insane,0,0,0,0,1,0
I've never been there before so I can't confirm or deny but I would be really surprised if a casino only had limit holdem,0,0,0,0,1,0
Go pursue that education. Let [NAME] wallow in her own sadness.,0,1,0,0,0,0
I was suffering a delirium flu during the phantom facemask game so it’s all sorts of suffering for me.,0,1,0,0,0,0
She has at least 12 elbows and all of them are happy. You get it gurl,1,0,0,0,0,0
"Not surprised, damn that sucks. Concussions are awful.",0,0,0,0,0,1
They look absolutely PERFECT together. I hope its that way in real life too. So happy for ya [NAME]!!!,1,0,0,0,0,0
"No he was given a bad team to work with unfortunately, and never got the final shot he deserved :(",0,1,0,0,0,0
Get him boys!,0,0,1,0,0,0
"At least you get sunny on Netflix, they took it off in Canada :(",0,1,0,0,0,0
"ick! That makes me feel gross. I have ""Addison's Disease"". ",0,0,0,0,0,1
"Here did you know that [NAME] slept with 35,000 women. Outrageous.",0,0,0,0,1,0
" I'm scared to even ask my mom ,I might get yelled at 😟",0,0,0,1,0,0
"Ah, victory ",1,0,0,0,1,0
I have his signature on my jersey. Lined up at Canadian Tire for it when I was younger. Happy retirement!,1,0,0,0,0,0
"They hated him, because he told them the truth",0,1,0,0,0,0
I am more than pleasantly surprised I clicked this link,0,0,0,0,1,0
I read fuck and not tuck. Was wondering how the hell it wasn't creepy....,0,0,0,0,1,0
Seeing that knife on this subreddit put the fear of [NAME] in me,0,0,0,1,0,0
"I feel awful posting it, but I couldn’t not share :|",0,0,0,0,0,1
The sin was refusing to impregnate his brother's widow when [NAME] directly told him to. It's not just about wasting semen.,0,0,0,0,0,1
"“Wow. Just .. wow. Read a book, sweatie!”",0,0,0,0,1,0
He will rest easy knowing how happy he made all of us,1,0,0,0,0,0
"Klokslag 12 I find really enjoyable, horror movie podcast, Im not a horror fan but I find these dudes very entertaining",1,0,0,0,0,0
"I am afraid to look, but my morbid curiosity draws me to ask.",0,0,0,1,0,0
"Frankly, partisan politics aside, I would REALLY like to know where this fever dream of historical came from. It's mind boggling.",0,0,0,0,1,0
This was potentially the most dangerous stunt I have ever seen someone do. One minor mistake and you die.,0,0,0,1,1,0
Omg so glad I’m not alone,1,0,0,0,0,0
wow! thats... a lot of water my dude was your bladder ok,0,0,0,0,1,0
Sad. My condolences to her family.,0,1,0,0,0,0
"I wasn't meaning it as an insult or anything, sorry if it came off that way. ",0,1,0,0,0,0
[NAME] looked terrible that game. I was really hoping to be wrong but he came just as advertised by Hawks fans,0,0,0,1,0,0
This stresses me out way too much.,0,1,0,0,0,0
Ouch! That hit hard,0,1,0,0,0,0
"Same here man, terrible feeling",0,0,0,1,0,0
"I’m glad things are coming to light, I pray justice is served for the victims. ",1,0,0,0,0,0
"I'm curious to see the difference, but sadly that's not really something you can just ask someone.",0,1,0,0,0,0
[NAME] fucking [NAME] please no,0,0,1,0,0,0
I get all the deja smells and it's terrible.,0,0,0,0,0,1
"she disrespected [NAME], i dont like her",0,0,0,0,0,1
Oh my god. Don't you know it's illegal to share memes if you don't have an IQ of 16 trillion?,0,0,0,0,1,0
In shock and was more concerned about my kid tbh. Now off course I wish I'd sued the arse off her for emotional distress.,0,0,0,0,1,0
".5x speed. Every moment I enjoy would last longer and any time I find myself in a pickle, I'll have more time to react appropriately.",1,0,0,0,0,0
"The sad thing is, relatively speaking these are actually pretty good living conditions. Check out Harris Ranch.",0,1,0,0,0,0
Wow.,0,0,0,0,1,0
old school from back when we won the cup,1,0,0,0,0,0
Thank you for that ! I’m glad it’s just not me !,1,0,0,0,0,0
Thank you I hate it,0,0,1,0,0,0
I was wondering that as well....,0,0,0,0,1,0
I would of taken a shit in the woods real quick,0,0,0,0,0,1
Everyday for the last year and a half has been very hard and I should be glad she's gone. I'm almost there.,1,0,0,0,0,0
[NAME] and his supporters are the dumbest humans in the fucking galaxy. They should be locked up for their own safety.,0,0,1,0,0,0
It’s fun until you’re looking back,1,0,0,0,0,0
"Lost my kid to the system, wanna see wha the wee lassie has tae say",0,1,0,0,0,0
Son of a bitch... here we go. Can't just stand there guys....,0,0,1,0,0,0
hehe cheeky little guy,1,0,0,0,0,0
I’m rather surprised that these books are STILL being made. Like I thought they died off around 2014.,0,0,0,0,1,0
Democrips & Rebloodicans was my favorite.,1,0,0,0,0,0
oh my [NAME],0,0,0,0,1,0
Okay I can see this looking really cool for a festival or photos though 😄,1,0,0,0,0,0
Its ok we all know you suck scrub.,0,0,1,0,0,0
This is my favorite game of all time. Thanks for bringing back some good memories!,1,0,0,0,0,0
You shouldn't force someone to come out you know. Now look at what you did! You killed [NAME]! You bastard!,0,0,1,0,0,0
I know how you feel and I’m sorry you’re going through that. But I’m glad you are still here,1,0,0,0,0,0
And then everyone clapped and cheered.,1,0,0,0,0,0
I enjoyed this TED talk.,1,0,0,0,0,0
So juicy i'm surprised the man from Del Monte isn't knocking at his door.,0,0,0,0,1,0
Ya i hate to talk bad about don’t but they should get the sticks out of their butts and make smarter decisions for their community,0,0,1,0,0,0
"Comments like these are the biggest reason I get so pissed off about fucking centrists crying about the ""both sides"" argument. ",0,0,1,0,0,0
fuck atheist countries,0,0,1,0,0,0
Is your job my job? Because I don't know what it is about hardware stores that make Ppl stupid but hell are they stupid...,0,0,1,0,0,0
Company car? Oh boy he’s in trouble now.,0,0,0,0,1,0
"Wow this was an eye-opening response, and you’re right it helped us learn more, be compassionate and focus on a better well-being.",0,0,0,0,1,0
This draft is one man deep tbh. Not getting Zion would be devastating and a waste of a whole year.,0,0,1,0,0,0
I miss being practically jello as a kid,0,1,0,0,0,0
A year ago I said that this continuous ISO by Houston is disgusting to watch. It s still disgusting.,0,0,1,0,0,1
I once looked at the I-95 and was hospitalised for weeks.,0,1,0,0,0,0
Because majority of moves have stupidly long names. GO INTO ANGEL PUNISHER INTO DIVE BOMB RADIANCE AND FINISH THE JOB WITH PUNISHING LIGHT BLADE,0,0,1,0,0,0
What? Who said I hated him? I dont give a damn about him either way.,0,0,1,0,0,0
Wow!!!,0,0,0,0,1,0
"Apologies, got a little carried away. ",0,1,0,0,0,0
"Oh, wow. Hope nothing happens to his arms on the way!",0,0,0,0,1,0
"No offense, but your parents are assholes.",0,0,1,0,0,1
I'm fucking starving here.,0,0,1,0,0,0
No! That's horrible news!..for Galaxy fans lol,0,1,0,0,0,0
What a coincidence. I also had a Bort.,0,0,0,0,1,0
Eat my fuck- [NAME],0,0,1,0,0,0
Fcuk you.,0,0,1,0,0,0
Sorry. This happens to too many good people.,0,1,0,0,0,0
[NAME] has a fun instagram,1,0,0,0,0,0
"Funny, coming from the tool circle jerk reddit.",1,0,0,0,0,0
Holy shit was that the one guy that supported remain? I didn't know we had a celebrity on this board.,0,0,0,0,1,0
"I forgot context and thought you meant the band was republican, please don’t worry me like this again ",0,1,0,0,0,0
Spending the day with family in beautiful Bowral 🌿,1,0,0,0,0,0
Sadly my boyfriend's family is the direct opposite but we'll still make it work :3,0,1,0,0,0,0
"I read this place obsessively and didn't see it, so I'm enjoying it and upvoting it anyway",1,0,0,0,0,0
The worst part is the character in the image behind it is great and this just hurts to read in his voice.,0,1,0,0,0,0
This is almost worse than Santa Con. Can we get millenials to destroy this please.,0,0,1,0,0,0
FIRE THE MEDICAL TEAM.,0,0,1,0,0,0
Also the fishing has been terrible for a month now. I am about to take the 5 story jump my friends.,0,0,0,0,0,1
"if he ended up with that chef, damn that will break my heart for sure.",0,1,1,0,0,0
"Ugh, he sounds like a slob and you should leave him.",0,0,1,0,0,0
I'm so sorry about your friend. What was he like?,0,1,0,0,0,0
"Will see,still better for Chelsea then [NAME] who looked completely lost and devoid of any confidence lately",0,1,0,0,0,0
That sounds intelligent. Wonder why you don’t have a job you have to interview for.,0,0,0,0,1,0
"Unfortunately, I don't. Sorry. 😔",0,1,0,0,0,0
so painful to watch,0,1,0,0,0,0
"Really glad the US just passed transparent pricing for healthcare providers, but it's just a first step.",1,0,0,0,0,0
Wow! I've never heard of a celebrity doing something so nice,0,0,0,0,1,0
So glad to hear that! you go girl<3,1,0,0,0,0,0
Omg!! They are kinda turning [NAME] into new [NAME].,0,0,0,0,1,0
Your just killing time now.,0,0,1,0,0,0
I'm glad :),1,0,0,0,0,0
Fucking and being a boy,0,0,1,0,0,0
"Congrats! That could not have been an easy step to take, so I'm so happy it's been a positive experience.",1,0,0,0,0,0
food pranks really irk me 😔,0,0,1,0,0,0
"Fuck the White House, fuck McDonald’s and fuck this post.",0,0,1,0,0,0
"Wow, Michelin star for $25. That's nuts. Thanks for the heads up. ",0,0,0,0,1,0
Bitch yes!,0,0,1,0,0,0
“Still wearing ATM” this bit has me crying! Thanks for the mental image.,0,1,0,0,0,0
Haha haha! Excellent,1,0,0,0,0,0
That has to be the saddest nba account ever. Like 4 likes every post :(,0,1,0,0,0,0
"God damn, [NAME] gets 2 Mikans? Lucky.",0,0,0,0,1,0
Spent time with them. Argue with them. Laugh with them. Cry with them. We all get lonely when we are old.,0,1,0,0,0,0
That is an exceedingly rare failure. I read an article about this guy. He was just stupid and stopped there.,0,0,1,0,0,0
"Now if you can teach her english, the real fun starts. ",1,0,0,0,0,0
I'm glad we have a place we can come to when we have doubts. Thank you so much.,1,0,0,0,0,0
"wow it’s literally disgusting that you’re getting downvoted for pointing out that she abuses her kids. this is the society we live in, eugh",0,0,0,0,0,1
Omg is this that what older kids call s*x?1?1??1??,0,0,0,0,1,0
Imagine if we dont trade [NAME] and [NAME] fans just kill all of us.,0,0,0,1,0,0
What a great photo and you two look so happy. 😍,1,0,0,0,0,0
Thank you. And I love your flair. My toddler is the same haha,1,0,0,0,0,0
I can’t believe only 3 people pet the cat. Not even the cameraman pet the cat!,0,0,0,0,1,0
What the hell,0,0,1,0,0,0
Which suggests nothing in itself. The same mods you claim are abusive are probably as hyperbolic about the racism issue as you are.,0,0,1,0,0,0
"Believe you me. TLJ is much, much worse.",0,0,0,0,0,1
"Troo, troo....worse eban dan eat pizza wif aht a ferk. ",0,0,0,0,0,1
Yes! What the hell is it with ikea? My husband and I don’t go together anymore.,0,0,1,0,0,0
Omg lala a housewife I can’t even imagine!,0,0,0,0,1,0
What the hell are you talking about?,0,0,1,0,0,0
"LOL top right one says ""It's MY birthday""",1,0,0,0,0,0
"I’m telling ya, we really need to impose a basic hockey knowledge test to post here. I’m sick of the mouth breathers.",0,1,0,0,0,0
Your son went to school in a treehouse?,0,0,0,0,1,0
"Don’t rush it .... it will eventually all fall into place, Enjoy today ",1,0,0,0,0,0
If it’s fan made they deserve an award. Or money. Something. The score is strange though,0,0,0,0,1,0
Wow really? I watched a fair bit of KR Contenders. I guess I just wasn’t paying that much attention.,0,0,0,0,1,0
"thats the future right there, robots trying to help but destroying your whole home in the process. ",0,0,0,0,0,1
Rape kit test from six year old migrant girl revealed DNA from 30 men.,0,1,0,0,0,0
"By ranting aimlessly on the internet about it, obviously ;)",0,0,1,0,0,0
Kotaku never ceases to amaze me with the horrible decisions they make in posting stories that can ruin people's lives with no confirmation or validity.,0,0,0,1,0,0
"The dad is like ARE YOU FUCKING SORRY Jokes aside, good on the dad and the 2nd pissed off dude Tryin to make a change :-",0,0,0,0,0,1
beautiful story arc. glad you decided to end it in my semi hometown of excelsior - really neat lil town.,1,0,0,0,0,0
"That actually sounds like it would help, I’m glad it worked for you and I hope you eye is ok now 👁💪🏻",1,0,0,0,0,0
I don't feel alive anymore. I don't feel anything. I'm just numb all over. All I know is I want it to stop,0,1,0,0,0,0
It is. Something I've wondered about many times,0,0,0,0,1,0
"Where the mask inside, too? Are air purifers not good enough for inside? Sorry for the dumb question... Just moved here this week.",0,1,0,0,0,0
I'm not on it I was just wondering for the sake of knowing.,0,0,0,0,1,0
This hurts me.,0,1,0,0,0,0
Well fuck my kids then,0,0,1,0,0,0
Why the fuck do people have these conversations in public,0,0,1,0,0,0
that's why im here in the overwatch university subreddit you fucking idiot.,0,0,1,0,0,0
Tastes better? Or maybe totally worse I don’t have experience,0,0,0,0,0,1
"An ex-friend of mine proclaimed than anyone who speaks of being raped is a horrible, unethical human being.",0,0,1,0,0,0
Finally something nice,1,0,0,0,0,0
Mommy bad man!!!,0,0,0,0,1,0
Ive seen that move no less than 5 times and I still get irrationally angry at the Harvard rich kid,0,0,1,0,0,0
I am glad your okay.,1,0,0,0,0,0
"Weird, FBI did an investigation and proved that never happened. White knights make me cringe.",0,0,0,1,0,0
Sorry to hear that was all it got :/,0,1,0,0,0,0
**I can't believe she held out for a full 24 hours before flip-flopping**,0,0,0,0,1,0
I'm surprised [NAME] didn't bust that dress open when she bent down to high [NAME],0,0,0,0,1,0
[NAME]!,0,0,1,0,0,0
"No, I don't mind all that much. I just hate being subjected to second hand carcinogens",0,0,1,0,0,0
If your enjoying your time with the other person then you are always on fun dates.,1,0,0,0,0,0
Hooray for the cancer! /s,1,0,0,0,0,0
Ah what a bummer! Better kill them herons & spoonbills!,0,0,0,0,1,0
"Oh my, it belongs to r/comedyheaven. Laughed for a good minute",1,0,0,0,0,0
In draft I see a lot of enchantress. Even without Enchantress if Lodestone Demolition gets 6 dmg(same as Lightning Strike) I am happy.,1,0,0,0,0,0
i hate this,0,0,1,0,0,0
oh gosh i heard about that and though it was absolutely disgusting,0,0,0,0,0,1
Yeah it sort of sucks now.,0,0,1,0,0,0
It's all fun and games until your crush turns into a spaceship.,1,0,0,0,0,0
Wow this team has no clue what to do against this right now. There has to be 15 turnovers already.,0,0,0,0,1,0
Ah i wish i would’ve come across one! Just left though Unfortunately :( in Manchester now,0,1,0,0,0,0
Being misunderstood really is the worst thing ever! I’m sorry some people are so unkind.,0,1,0,0,0,0
"I freakin’ love doing this, too!!! Makes me happy for a second or two!",1,0,0,0,0,0
"Whenever I'm having a bad day, I watch a few eps of Cosmos to chill out.",1,0,0,0,0,0
"But both lost, whereas moderate Sinema won. Its important because without Arizona there is no real path to Senate majority in 2020.",1,0,0,0,0,0
That game hurt.,0,1,0,0,0,0
"""So long, [NAME]""",1,0,0,0,0,0
That's awesome. Hahaha,1,0,0,0,0,0
"Wow either [NAME] misspoke or I didn't hear correctly. I swear he said chainsaw, that is totally different from knife or cooking accident.",0,0,0,0,1,0
Whaaaaaaat the heck was that?,0,0,1,0,0,0
Why is it that young girls seem to idolise serial killers? I had a friend like this and never understood the attraction. It's scary,0,0,0,1,0,0
"I would never tell anyone stick is better than pad, but speaking personally, it's way more fun",1,0,0,0,0,0
Let them argue. We've never done anything remotely as bad as MOST OF THE WORLD does routinely.,0,0,1,0,0,0
" I don’t give a F F the haters F all the haters Much love, no hate Machines within, machines within",0,0,1,0,0,0
Dude I have a verrrrry strong feeling the barber did that on purpose. Nowhere in the world is that an acceptable haircut. That’s fucked up,0,0,1,0,0,0
It's sad that we have to think of it as a miracle and not a regular occurrence :/,0,1,0,0,0,0
"You are the type of fellow that puts mommy in the cheap home and cashes her cheques, loyalty of a snake.",0,0,1,0,0,0
This is pretty worrying and makes me wonder why she can’t. That’s not normal.,0,0,0,1,0,0
He'd hate me. My standards are even higher.,0,0,1,0,0,0
My worst fear when I finally get over someone Those damn what ifs,0,0,0,1,0,0
I hate that I like them...,0,0,1,0,0,0
Right. I’m surprised everyone thinks he’s so cute...,0,0,0,0,1,0
And there I was blaming the poor black lads,0,1,0,0,0,0
This is a depressing r/tworedditorsonecup,0,1,0,0,0,0
"I agree with this. I'm extremely happy with the hires, but I think the draft may be a bigger tell tale on how the off-season goes.",1,0,0,0,0,0
"At least he was polite - ""please"" fuck off! ",0,0,1,0,0,0
Yes! Wonder how tall the girls will end up 😂,0,0,0,0,1,0
Wow. Of COURSE this happened,0,0,0,0,1,0
"Well, this is the first time I've seen that in over three years.",0,0,0,0,1,0
[NAME]? I'd be surprised if he plays.,0,0,0,0,1,0
[NAME] I hate this,0,0,1,0,0,0
"Fuck right off, it was illegal at the time so the law was being broken. Learn to live with your actions and their consequences you whiny socialists.",0,0,1,0,0,0
She’s a disgusting snob.. Feel bad for the workers. :(,0,1,0,0,0,1
"Holy fuck, report this now. The fuck you doing on reddit? ",0,0,1,0,0,0
I wouldn't be surprised if the Cheetos dust was coming out of his sweat.,0,0,0,0,1,0
It always makes me super happy when I see stuff like this. Go live your best life girl!,1,0,0,0,0,0
Go fuck yourself.,0,0,1,0,0,0
Happy new years!!!!,1,0,0,0,0,0
Damn you and your facts.,0,0,1,0,0,0
wow! trust issues.,0,0,0,0,1,0
i am. This means i will move from MTN to VODACOM. and i only roam!! Wow,1,0,0,0,0,0
Exercising. Yoga. Meditation. Walks out by myself. ( walking meditation) Good friends. Time with good friends.,1,0,0,0,0,0
*losing hope Loose is what your mom is,0,1,0,0,0,0
Fuck that guy for game 2,0,0,1,0,0,0
The number of pedos is too damn high!,0,0,1,0,0,0
In my mind. I forgot everything :(,0,1,0,0,0,0
"Probably. Sorry, OP. But don't worry. A lot of us are in the same boat.",0,1,0,0,0,0
Happy little lies.,1,0,0,0,0,0
I mean... this is some shit right here,0,0,0,0,0,1
This is terrible,0,0,0,1,0,0
"I swear of all the people that dislike artifact, the gwent crew is by far the most obnoxious.",0,0,0,0,0,1
"Ignore him, he is a spiteful little rat who is mad because someone did something good and it reminds him how pathetic he is.",0,0,1,0,0,0
No one gives a fuck about your internet points guy,0,0,1,0,0,0
Damn you! Now all this dirty money is flooding Frankfurt and Dublin!,0,0,1,0,0,0
As high as ~72% in black families. Truly heartbreaking what the expansion of the welfare state has done to the black family.,0,1,0,0,0,0
That was so sad. And she kept calling for mommy the whole time. Then they ditched her with grandma.,0,1,0,0,0,0
You get a lot more freedom and free time. College is a blast,1,0,0,0,0,0
That's cause [NAME] really got his career ruined by injury.,0,1,0,0,0,0
"This is really disgusting, the 4x4 community is one of the nicest around, Shame that a few c*nts gotta do shit like this.",0,0,0,0,0,1
Too bad I do/,0,0,1,0,0,0
"Sorry i was thinking of the word ""Plaintiff""",0,1,0,0,0,0
"Hahaha, good point",1,0,0,0,0,0
How is one not amused by that? I can't imagine being angry even if it was my lunch. lmao...,0,0,1,0,0,0
Oh wow I didn't know this policy was in place in the 70s!,0,0,0,0,1,0
"i swear i've seen this on a poster somewhere at my school, it's awful",0,0,0,0,0,1
"Yeah, this is always my first thought when I read this kind of stuff, kinda sad to be honest ",0,1,0,0,0,0
I'm glad people with such foresight are the first to find this place unaffordable. Good riddance.,1,0,0,0,0,0
"We had a clown banging on dorm windows, on campus, with a knife in 2016. Was terrifying. ",0,0,0,1,0,0
I’m pregnant and my dog is with my parents across the country while we renovate. The feels were too much 😭,0,1,0,0,0,0
>Rise of Agon Literally the worst fucking game that man kind has ever managed to accomplish and you call him a carebear? Fuck out of here.,0,0,1,0,0,0
oh [NAME] I unleashed the beast,0,0,0,1,0,0
Vans are ugly as hell. You just cant make a Minivan look mean. Also why are they trying?,0,0,0,0,0,1
Sorry if I’m late to the party but when does the new season start? I’m getting withdrawals! Happily ever after that is.,1,0,0,0,0,0
"I wonder why the fuck out of this alive. well, there was a perfectly reasonable explanation.",0,0,1,0,0,0
Jokes are even more terrible lately,0,0,0,1,0,1
"Ouch, that looks horrible. Tagged his leg on the dumpster. Lucky he didn’t lose a leg going that fast.",0,0,0,1,0,1
Luckiest I’ve been is getting the toy I actually wanted from a McDonald’s happy meal.,1,0,0,0,0,0
This thought brings me too much joy. The tantrum-throwing traitor has taken me to a very dark place.,1,0,0,0,0,0
Don't call me bitch you fucking sexist. I bet you are one of those white devils. How many women and minorities have you suppressed today?,0,0,1,0,0,0
"ah gotcha, you zoomed in a lot further than i expected.",0,0,0,0,1,0
Doing a happy dance! Yay!,1,0,0,0,0,0
Happy Cake day!,1,0,0,0,0,0
"Really? In real life, she's wearing comfortable clothes with no makeup. Other than that she looks the same.",0,0,0,0,1,0
World has Turned and Left Me Here.,0,1,0,0,0,0
Stupid democrats!!!!!!!,0,0,1,0,0,0
"It saddens me that [NAME] legacy has become ""Posterboy for edgy manchilds""",0,1,0,0,0,0
"This is sad but not cringe, I hope he finds someone to play with soon 😪",0,1,0,0,0,0
what a bizarre post omg,0,0,0,0,1,0
"No, they couldn’t hav- They shouldn’t have. uh...this makes me feel sick 🤕 ",0,1,0,0,0,0
Yes - sometimes I see amazingly detailed little faces. It's so weird.,1,0,0,0,0,0
Holy heckin heck,0,0,0,0,1,0
"Wow, that’s a big 3 year old!",0,0,0,0,1,0
I want my fucking cake back.,0,0,1,0,0,0
"Cheers, [NAME]!",1,0,0,0,0,0
Its natural to fear what is unknown. Especially when someone is trying to force you to open a sketchy box while probably grinning the whole time.,0,0,0,1,0,0
"[NAME], [get_user_id] is a moron.",0,0,1,0,0,0
ah good find. I guess I saw some sort of grade 9 class photo then. Cheers.,1,0,0,0,0,0
"Me, for example. I am very very happy.",1,0,0,0,0,0
that this ridiculous comparison is this detailed and explicit makes me think the whole beating-a-little-girl-thing is part of his disgusting sexual fantasies.,0,0,0,0,0,1
"I was quoting him. He wanted an ""outsider rich business type"", piss off",0,0,1,0,0,0
"Kinda reminds me of my Uncle, [NAME].",0,1,0,0,0,0
Sounds like a really bad time. Just wait till you have a nice time and place to trip.,0,1,0,0,0,0
"That is so sad, just goes to show we have a lot more to learn about the other beings we share this rock with : /",0,1,0,0,0,0
I enjoy being a girl. (are shutdown memes still allowed? ...No matter. Couldn't find a decent one for this),1,0,0,0,0,0
I visibly recoiled from that.,0,0,0,1,0,0
Shocked basement leaking got you freakin lady,0,0,0,0,1,0
What's the fucking point of this post? Is just baseless claims with no proof to back them up.,0,0,1,0,0,0
Everyone upvote this - gotta spread the good news!!!,1,0,0,0,0,0
"I am glad, and enjoy. It has some pretty cool theological discussions.",1,0,0,0,0,0
I always thought filet mignon had bacon and garlic butter. Colour me surprised Deliberately ignoring anything to do with the minion,0,0,0,0,1,0
Well then I’d say you have a pretty good chance if it’s any girl lol,1,0,0,0,0,0
my favorite moment in the history of the show is when he thrashed that woman.,1,0,0,0,0,0
And that's an issue. Councils are *so* unrepresentative it hurts.,0,1,0,0,0,0
It's a bitter cycle,0,1,0,0,0,0
I very happy with my character. I took my sweet ass time picking one that I liked.,1,0,0,0,0,0
"Yay, now we're only down by 7",1,0,0,0,0,0
It would be hilarious if it was a pasta place too,1,0,0,0,0,0
And I'm crying. But you're so right. Thank you.,0,1,0,0,0,0
"I was like you man, 3 felt so bad. But street part 4 3 becomes a so bad it's hilarious imo.",0,1,0,0,0,0
I was worried about that too honestly,0,0,0,1,0,0
"I remember 2008-2010. Phones couldn't do that yet. Phones had 640x480 screens back then, and believe me, we were amazed by that.",1,0,0,0,0,0
I never knew this! Nuts are a total fear food for me,0,0,0,1,0,0
"They played loud music on a ‘school night’, seriously! You’re backing the bastards here just to be contrary.",0,0,1,0,0,0
hit or miss would anybody care or miss huh..? aint nobody love me and ma dad also left me yuh...,0,1,0,0,0,0
look more 4th grade comments. sorry you're a child who has no brain. I bet your mother wishes she had a child who lived.,0,1,0,0,0,0
She should kick him out... next best thing from abortion.,0,0,1,0,0,0
"I know you can’t read this, but I feel really bad and hope you learn to read soon ",0,1,0,0,0,0
"Come to Somerset, quite a few women are cricket crazy because everybody is cricket crazy here. It’s weird. ",0,0,0,0,0,1
I'm so sorry you were bullied in a place you should have felt safe.,0,1,0,0,0,0
Nah no one can help me,0,1,0,0,0,0
Wait for real? That's how they met? lol that's both terrifying and completely fitting considering how nuts they both are,0,0,0,1,0,0
Same here. My refund almost doubled from last year. I almost cried when I saw how much I'm getting back.,1,0,0,0,0,0
your character's so broken!,0,0,1,0,0,0
"I wonder how that works if the seatbelt wouldn’t fit even if they were sitting in a regular seat? They only go so far, right?",0,0,0,0,1,0
"Don't worry, when you turn 20 you'll look back and cringe, too.",0,0,0,1,0,0
"The problem is your husband. If he prioritized you, he would have figured something out. I’m so sorry.",0,1,0,0,0,0
"Sorry for bringing up so many problems without any solutions, and sorry for just being whiny overall. Thanks for the time you've spent talking with me",0,1,0,0,0,0
My soul twin must be [NAME] because I’m terrified of water!,0,0,0,1,0,0
That might’ve been the worst pass he’s ever thrown. Yikes,0,0,0,0,0,1
Yawn. They’re toxic together and their only trait seemed to be getting naked together.,0,0,0,0,0,1
The internet never disappoints.,1,0,0,0,0,0
That's awesome to hear :),1,0,0,0,0,0
They killed me [NAME]. They killed me with schlock,0,0,1,0,0,0
I try my damndest. Hard to be sad these days when I got this guy with me,0,1,0,0,0,0
This is blatant racism and harassment of minors. These people need to be fired.,0,0,1,0,0,0
Just be glad you’re not his wife,1,0,0,0,0,0
I was wondering what that was!,0,0,0,0,1,0
"I'm just gonna hit ""back"" now. See you guys.",1,0,0,0,0,0
"Those splits of Marla's still amaze me! Not only in terms of flexibility, but STRENGTH. Just imagine how heavy that leg is...",0,0,0,0,1,0
Now I'm wondering on what I've been missing out. Again thank you for this.,0,0,0,0,1,0
Mad stinky.,0,0,0,0,0,1
My toes hurt watching this,0,1,0,0,0,0
"Me too, except there’s no hookup. (I’m so lonely) ",0,1,0,0,0,0
"That's just....sorry, but stupid is the only correct word.",0,1,0,0,0,0
I enjoyed that [NAME] kept saying [NAME] last name wrong over and over.,1,0,0,0,0,0
I keep hearing [NAME] is a terrible hire.,0,0,0,1,0,0
Omg lol at least now you Will be more careful before throwing out words like that. I would die.,0,0,0,0,1,0
"Thanks, I appreciate that. It's about what I expected though. Sadly, I'm used to it.",0,1,0,0,0,0
I feel your pain 😪 i got scammed $1400 in November. I felt like a dumbass for falling for it too.,0,1,0,0,0,0
"No, I generally feel like slugging them in the head repeatedly with an iron bar. Spitting is just petty. *Let your hatred flow!*",0,0,1,0,0,0
Yeah [NAME] is actually really cute and nice but best boi and best girl goes to [NAME] and [NAME]. Just kidding. [NAME] all the way,1,0,0,0,0,0
What a beautiful sight that was to behold. Glad I was able to attend a couple of great [NAME] performances. “K” signs everyone,1,0,0,0,0,0
That was painful.,0,1,0,0,0,0
"Ah u/The_White_Baron... I didn't read all of it, but glad I know the reference now",1,0,0,0,0,0
>he definitely doesn't value my pleasure this is very sad,0,1,0,0,0,0
"Guess we don't need to be afraid of hell, then, 'cause we can easily get out.",0,0,0,1,0,0
YOU SHUT YOUR MOUTH WHEN YOU’RE TALKIN’ TO ME!,0,0,1,0,0,0
Happy birthday!,1,0,0,0,0,0
"She want to take it slow, I can see that... I deal with those girls all the time, they my favorite ",1,0,0,0,0,0
That’s scary,0,0,0,1,0,0
"Threaten to release....welp , nothing coming from this.",0,0,0,1,0,0
It’s pretty cringe,0,0,0,1,0,0
Pins are given out? My store hordes that shit like there’s a coming apocalypse and pins are the only thing that will save them.,0,0,0,0,0,1
BUT ATHEISTS ARE DOING THE SAME THING AND ARE TREATED BETTER. No. You're just being a bigot.,0,0,1,0,0,0
Get the fuck out,0,0,1,0,0,0
"[NAME] is so cute ^_^, the second bunny image is my favourite. Since you haven't got any requests... I request Himiko.",1,0,0,0,0,0
Lakers running an awful lineup and [NAME] was too dumb to change it after the timeout. Thibs levels of Stubbornness,0,0,0,0,0,1
Who fucking cares. People have sex all the time. You're just an asshole for trying to to profit from it or ruin her.,0,0,1,0,0,0
You shut your stupid mouth troll. Thy absolutely matter,0,0,1,0,0,0
Someone get fat boy [NAME] a happy meal.,1,0,0,0,0,0
Makes me sad at how brain damage effects boxers so much,0,1,0,0,0,0
Probably scared they’re gonna get flashed by a camera.,0,0,0,1,0,0
Fucking Real Madrid,0,0,1,0,0,0
To drool on.,0,0,0,0,0,1
"[NAME] didn’t just fight dogs, he, personally, tortured them too. He isn’t a dog fighter, he is a sociopath.",0,0,1,0,0,0
They are loving this choice in maga canada of course. Just a typical day of bigotry.,1,0,0,0,0,0
"Serious question, where was this? That looks like my ex in the green top.",0,0,1,0,0,0
"Great story. Maybe it isn't malicious compliance, but I enjoyed it anyway. Damn companies who lack empathy for other humans.",1,0,0,0,0,0
Well I am happy you believe that.,1,0,0,0,0,0
You’re a vile vile person and a rapist. I hope the police are onto you.,0,0,1,0,0,0
"The double fist bump made me smile, her happiness was contagious",1,0,0,0,0,0
"I mean I dont think your wrong at all, but I would still be happy to fight you for funsies.",1,0,0,0,0,0
She refuses them by inhaling them [I'm sorry if that sounded bad plz no downvite],0,1,0,0,0,0
Fuuuuck that's rough,0,0,1,0,0,0
Poor poor poor bastard,0,0,1,0,0,0
You said that it is a fact that [NAME] is a rapist based on the testimony of 1 person. I merely stated the same argument based on your logic.,0,0,1,0,0,0
"Wow, someone had a lot of golds to give!!",0,0,0,0,1,0
- But mom! I don’t wanna go to school today! - You’re going little shit.,0,0,1,0,0,0
"Honestly, this would creep me out a bit.",0,0,0,0,0,1
He's been cheered for years now.,1,0,0,0,0,0
"Ugh, this fucking tumblr account. I posted about this bitch before, they wrote that [NAME] drug rehab fanfiction.",0,0,1,0,0,0
Worst case scenario here is he dodged a psychopathic bullet.,0,0,0,0,0,1
I friggin choked scrolling up to this,0,0,0,1,0,0
I'm so sorry. This is no way to be live or be treated. It's so immature and emotionally-abusive. I really hope your circumstances improve,0,1,0,0,0,0
Great place and they're super sweet. Happy to support them.,1,0,0,0,0,0
"Thanks grandpa, it’s always good to see you around the holidays. That joke is hilarious every time!",1,0,0,0,0,0
I hope this is better than The Middle I mean it's [NAME] so it's going to be decent at worst.,0,0,0,0,0,1
"As a teacher with a bunch of sick students, this scares the hell out of me.",0,0,0,1,0,0
Uhhhh... didn’t y’all just eat the light lunch that you said you wanted on your preference sheets? Shut up.,0,0,1,0,0,0
You are my beer god thank you haha,1,0,0,0,0,0
Unexpected Funhaus?,0,0,0,0,1,0
Greasy bastards are getting part of what they deserve. Some fines just don’t seem to be enough sometimes,0,0,1,0,0,0
I like surprises.,0,0,0,0,1,0
> ftw Awesome statistic. Made my day! Love it,1,0,0,0,0,0
"It's not his fault, it's your wife's. Shes the one you need to be pissed at",0,0,1,0,0,1
Wow .. this is more terrifying than if they were a ghost ! Amazing twist,0,0,0,1,1,0
Sad face it is,0,1,0,0,0,0
...holy crap.,0,0,0,0,1,0
This team needs to tighten up in the third. Absolutely brutal.,0,0,0,0,0,1
[NAME] saved by the very compassion in society that he is trying to destroy.,0,0,0,0,0,1
It continually amazes me how many people don't understand this.,0,0,0,0,1,0
"She took the fucking kids, huh?",0,0,1,0,0,0
"Who the fuck reads news *papers* anymore? Baby boomers. This kind of crap is totally written by a ""journalist"" in need of a safe place.",0,0,1,0,0,0
This hurts to watch,0,1,0,0,0,0
After hearing weights drop - I can't imagine they're that good for the floor....,0,0,0,0,1,0
"[RELIGION] is what produces these people, there are plenty of them and a beheading has even occured in the streets of LONDON.",0,1,0,0,0,0
She must have a very boring life,0,1,0,0,0,0
"Dude, she had just lost her baby, too. ",0,1,0,0,0,0
"Yup, that's exactly what happened when the alt-right took over the sub. So glad I won't get banned for saying that now.",1,0,0,0,0,0
"Hey, you sound like you're living my exact life. It's a good life. Enjoy sharing the love. ",1,0,0,0,0,0
Wimbledon’s instagram posted about [NAME] and his relationship with the Open and I ended up crying. Not ready for him to hang it up,0,1,0,0,0,0
Cancel as soon as you can it’s far more enjoyable!!!!,1,0,0,0,0,0
The fucking worst game in the world.,0,0,1,0,0,0
I got mine a few months ago and honestly apprehensive to wear it out to a game in fear of staining it.,0,0,0,1,0,0
"Not really sweaty palms, but holy hell that's uncomfortable as all hell...",0,0,0,0,0,1
"Funk Night @ Marble Bar is Friday, 1/25. Always a good time and only $5 to get in.",1,0,0,0,0,0
"Cheers, I will do ",1,0,0,0,0,0
I switched to Ally and love it. 2.2% interest is awesome,1,0,0,0,0,0
Our education system has been a complete and utter failure...,0,1,0,0,0,0
Cool have fun,1,0,0,0,0,0
Wait... today isn't April 1st...,0,0,0,0,1,0
"And when the 4th Quarter needed it most, it vanished!",0,0,0,0,1,0
My balls shrunk up looking at that,0,0,0,1,0,0
"If you are as ugly as you say you are, you're already a statistical outlier.",0,0,0,0,0,1
What have I watched ?! My eyes!!! Mom!!!,0,0,0,0,1,0
Yeah those glimpses of the person I fell in love with too but unfortunately the glimpses are not enough which hurts :/,0,1,0,0,0,0
How disgusting. Those vile people can burn in hell!,0,0,0,0,0,1
WON ME 1K LAST GAME IN PARLAY!!,1,0,0,0,0,0
Pointless but fun,1,0,0,0,0,0
"I remember that. It was a crushing experience that started a whole other level of depression. But hey, maybe things will work out for you. ",0,1,0,0,0,0
What's worse is using self destruct without the pilot DLC. You just die :(,0,0,0,0,0,1
Did he just get fat? What caused him to fall off so much? It's amazing how quickly he flamed out.,0,0,0,0,1,0
"They're upset because, if the slime that makes 4chan stink were to congeal into a person, it would be [NAME].",0,1,0,0,0,0
Wow. So I figure you two are both at least considerably older than me (24) and ...wow his response,0,0,0,0,1,0
I miss him...,0,1,0,0,0,0
Scared? A little bit. It's more of a simmering disgust at this point for myself.,0,0,0,1,0,1
"I don't filter it out because I enjoy my daily cringe from the constant open letters. ""To the ____ who ____""",1,0,0,0,0,0
Happy cake day !,1,0,0,0,0,0
Feeling this so hard right now. Virtual hug.,1,0,0,0,0,0
It still seems dangerous,0,0,0,1,0,0
Feel you pain. Stay strong,0,1,0,0,0,0
[NAME] damn it,0,0,1,0,0,0
FUCKING DIN!!!,0,0,1,0,0,0
This genuinely made me angry. He and his sociopath of a wife deserve each other.,0,0,1,0,0,0
I'm working on it. But there is always the fear lurking around....,0,0,0,1,0,0
He happily accepts the hugs. He hugs me now and again. He also has no problem accepting hugs from his mum.,1,0,0,0,0,0
Fucking fuck! 2 (or more) sets of fucking socks in fucking sandals.,0,0,1,0,0,0
I’m very sorry for the loss of your friend.,0,1,0,0,0,0
annoyed at most,0,0,1,0,0,0
oh my [NAME],0,0,0,0,1,0
"Wow, I’m going to have to remember this one...",0,0,0,0,1,0
My favourite goes back to one of the first battles ever on YouTube:,1,0,0,0,0,0
Too right. I hate the Sun. worst tabloid out there,0,0,1,0,0,1
shut your deregulating lying mouth bill,0,0,1,0,0,0
But what if that's the only job I would enjoy?,1,0,0,0,0,0
just awful I'm gonna throw a barbeque to get back at them,0,0,0,0,0,1
I want to end myself when it happens,0,1,0,0,0,0
Sad truth is you cant run away from who you are no matter how hard you try :(,0,1,0,0,0,0
To each their own. I enjoy it for what it is,1,0,0,0,0,0
"This is almost irritating. Like, take a breath, shithead..,",0,0,0,0,0,1
My parents are going to kill me when they find out.,0,0,0,1,0,0
Just life.. I feel like i'm just a parasite that should be removed.,0,1,0,0,0,0
Yeah lets celebrate that only one guy (well maybe put dirk and [NAME] up with him) has come to play.,1,0,0,0,0,0
Luckily he is not.,1,0,0,0,0,0
Outdoor cats have a lifespan of about 5 years so allowing them outside is basically a prolonged death sentence.,0,1,0,0,0,0
Tears of happiness rolls down the eyes,1,0,0,0,0,0
This is infuriating but what’s also infuriating is missing all of our chances and players being constantly in offsides positions,0,0,1,0,0,0
I'm sensitive! :'(,0,1,0,0,0,0
Looks like the next level of a horror character,0,0,0,1,0,0
I hate to say this but I love the drama around this all.... idk. My life is boring,0,0,1,0,0,0
"""If you don't support no go zones, you are racist!""",0,0,1,0,0,0
How do you know he likes beer. Did he ever once state that he likes beer?,0,0,0,0,1,0
I love foreign money. I enjoy making origami from it.,1,0,0,0,0,0
Wow you’re mom is truly living by the love first motto that is [RELIGION].,0,0,0,0,1,0
Her comments are disgusting. Reminds me of my mother. I'm so sorry.,0,0,0,0,0,1
Long straight hair on the face is going to look quite odd I would guess.,0,0,0,0,0,1
Looks like complete slop with 4 turds thrown on top. 🤢,0,0,0,0,0,1
Hooray! ...But I'll still never be able to afford a home.,0,1,0,0,0,0
Mrs.Frizzle has found herself on hard times.,0,1,0,0,0,0
You were used as a weapon to inflict pain on your father. Glad you reconnected and found a good parent.,1,0,0,0,0,0
I’m glad you did,1,0,0,0,0,0
[NAME] said it best. Un-fuckin-believable bro,0,0,0,0,0,1
"I hate the message that's being pushed, and it's even worse that it's being pushed by this guy.",0,0,1,0,0,1
"Grey socks and leather sandals, that hurts me through the screen.",0,1,0,0,0,0
"I can hear [NAME] now: ""Why don't I have a mic why don't I have a mic FUCK I need a mic""",0,0,1,0,0,0
"For as long as she’s been gone, I’m terrified to think why she was kept alive that long.",0,0,0,1,0,0
Both consenting adults so nope not creepy,0,0,0,1,0,0
"correct me if i’m wrong but when [NAME] eliminates [NAME], she technically has a better track record than [NAME]?? i’ll fucking cry",0,1,0,0,0,0
Omg the hockey god’s actually helped us !?,0,0,0,0,1,0
Nothing more Jersey than the sound of car horns over [NAME] rambling out an annoyed answer to a caller.,0,0,1,0,0,0
I wonder how many tries it took to get the spacing right,0,0,0,0,1,0
Omg. It's Viv from [NAME] !,0,0,0,0,1,0
Those ads actually make me feel bad for financial advisors gouging clients with excessive fees.,0,1,0,0,0,0
"was i replying to you, you fucking degenerate? off yourself ( in game ofc )",0,0,1,0,0,0
Happy cake day!,1,0,0,0,0,0
"You're saying some surprisingly stupid things for someone named ""[NAME].""",0,0,0,0,1,0
It literally never occurred to me that there would be a sub for USAJOBS. Thank you so much,0,0,0,0,1,0
When that intro drops I get so into it and scare my cat,0,0,0,1,0,0
YES! And have some fun guests to dish with.,1,0,0,0,0,0
If your dog is an arctic breed they will go crazy with joy and be sad that you don’t share in their happiness for the bitter cold.,1,0,0,0,0,0
Mom will get sad. [NAME] still good. Hanging out with friends still good. Money buying foodie exp is still good.,0,1,0,0,0,0
Drs hate him!,0,0,1,0,0,0
What I know is you seem perfectly comfortable being a hypocrite but utterly outraged at the idea of admitting to it.,0,0,1,0,0,0
[NAME] got a serious case of the giggles today.,0,0,1,0,0,0
For the night is dark and full of terrors!,0,0,0,1,0,0
Dont keep your mouth shut.,0,0,1,0,0,0
he defended [NAME] when [NAME] drugged and butt raped a 13 year old girl,0,0,1,0,0,1
A fuckin men,0,0,0,0,0,1
"So, that's super illegal in the U.S. And a cooler is not worth slicing someone's finger tips open. ",0,0,0,1,0,0
"Wow im glad my uncle is dead , this sounds crazy .",1,0,0,0,1,0
I have a deep seeded hatred for close-minded people too.,0,0,1,0,0,1
"Such a sad, angry person. Take a break from reddit and go take up cycling or something.",0,0,1,0,0,0
Terrible... children are innocent and precious. This is so barbaric.,0,0,1,0,0,0
This is painfully fake,0,1,0,0,0,0
I'm sorry OP but this is all on you. Your parents played you like a $4000 fiddle.,0,1,0,0,0,0
That last story was absolutely beautiful and sad.,0,1,0,0,0,0
Probably. Government contracts are already terrible as they rarely pay on time,0,0,0,1,0,0
I must be getting old. Much more likely to be horny at 2 pm.,0,1,0,0,0,0
I can understand political acrimony but the death of humor is really disappointing. Very sad indeed.,0,1,0,0,0,0
"This is the sweetest thing ever, im gonna steal it and use it on my fiance",1,0,0,0,0,0
Ehhh but as a survivor I hate noed and hex ruin why would I run them against someone else,0,0,1,0,0,0
What an idiot.,0,0,1,0,0,0
This hit way too close to home. I’m suing for emotional damage.,0,1,0,0,0,0
"Take an updoot for making me smirk and smile. It might be immature, but it's hilarious.",1,0,0,0,0,0
No need for pity! It was a happy moment. Tears of joy not sadness,1,0,0,0,0,0
"Can we ban posts about him now he's a predator? It just makes me sad now, Idk about anyone else",0,1,0,0,0,0
22 years to the day. It was uncanny.,0,0,0,0,1,0
the fuck? I would do it in a heart beat. ya'll nuts if you think [NAME] will draft any better than [NAME],0,0,1,0,0,0
"Stop, your hurting me!",0,0,1,0,0,0
Wow. That went south both times. Wanna try for a third?,0,0,0,0,1,0
"Wow, *only* 7 exes. You are definitely FA.",0,0,0,0,1,0
"Oh you're getting trolls trolls. Damn what sub you think they are getting you from, lol I'm not gonna mess with them.",0,0,0,0,0,1
The truly sad thing is she's getting burned to legitimize Russiagate. It's a shame she wasn't a legit whistleblower.,0,1,0,0,0,0
"Upvoted because [NAME] is a good boi and can’t help it, but tbh it makes me sad to see him struggle like that..!",0,1,0,0,0,0
I eat crayons I shit crayons,0,0,0,0,0,1
Hate them. I really don't need to hear about you pissing your pants in the first grade.,0,0,1,0,0,0
I did not know Donuts could be so complicated.,0,0,0,0,1,0
The more you wind me up the worse it gets for her later on,0,0,0,0,0,1
"Sadly, it looks like there are a ton of [NAME] in this sub",0,1,0,0,0,0
What the hell. Poor [NAME]. Poor you. Wow.,0,0,0,0,1,0
"I am just afraid the Pistons front office, specifically [NAME] overvalues [NAME] and says no to this.",0,0,0,1,0,0
I just wish he got more screen time. Im enjoying this season but I feel like the huge cast of side characters get all the attention.,1,0,0,0,0,0
This is so aesthetically pleasing. Wow. And yum!,0,0,0,0,1,0
The Internet is a weird place.,0,0,0,0,0,1
GIVE ME OTHER PEOPLES MONEY!!!!!,0,0,1,0,0,0
I'm so glad I saw this!!! Now I know how to wash my face! I can't wait for the tooth brushing tutorial🤗,1,0,0,0,0,0
No stop. One Red and yellow team had to be sacrificed for the fortunes of the other. I’m sorry,0,1,0,0,0,0
[NAME] Wednesday’s 😎 Good to know he’s enjoying the retirement life. ,1,0,0,0,0,0
I don’t fucking care,0,0,1,0,0,0
Idk why you're surprised. [NAME] and [NAME] had identical philosophies. It's why the offense didn't change when he came back.,0,0,0,0,1,0
I have a moronphobia. I'm going to need to ask you to step away as I have an irrational fear and distaste of you.,0,0,0,1,0,0
Wow random irrelevant internet person has the secret goods on [NAME]. Maybe we’ll finally get to the bottom of this birth certificate thing...,0,0,0,0,1,0
WHAT. It says due date 12/31/18. Did she have the kid yet? Oh [NAME] I feel so bad for her and that child...... nooooooo,0,1,0,0,0,0
* Fuck [NAME] * Yes,0,0,1,0,0,0
This made me smile so hard. I am happy for you. May we all find our own happy and worthy constellations 💕,1,0,0,0,0,0
"I was, and it's not. He's mad that someone posts articles he disagrees with. Pathetic and his fury is deranged ",0,0,1,0,0,0
Coming from [NAME] even though it’s a hypothetical question it’s still gotta feel scary,0,0,0,1,0,0
Exactly hate when people try to spit facts when they don’t know if those facts are even right😂😂,0,0,1,0,0,0
It's not even the ads. It's the complete lack of anything worth watching between the ads.,0,0,0,0,0,1
I think it's even sadder to go through someone's Reddit account looking for stuff like this to post.,0,1,0,0,0,0
I don’t think anyone will miss me either aha,0,1,0,0,0,0
Their numbers seem large because they get so much publicity. But I suspect that even most young people find that ludicrous.,0,0,0,0,0,1
It's the worst when it's something you are passionate about,0,0,0,0,0,1
The poor car.,0,1,0,0,0,0
"So happy for you, enjoy ",1,0,0,0,0,0
Oh [NAME] how awful,0,0,0,0,0,1
Wow 😮 you really convinced me... like gtfo here,0,0,0,0,1,0
"5'11"" [NAME]. He's basically 6 foot, so I must be missing something here.",0,1,0,0,0,0
I can’t believe that’s real,0,0,0,0,1,0
Oi he got stabbed in the eye,0,1,0,0,0,0
"I'm happy however those two don't get a ring. Would be overjoyed if it was at the hands of [NAME], [NAME], and [NAME].",1,0,0,0,0,0
But everybody got mad when Russia recognized [NAME] as US president. Go figure.,0,0,1,0,0,0
He drives to the basket like [NAME] used to. And can shoot the 3. And he's super clutch. Love the dude,1,0,0,0,0,0
"I feel like people kind of just... forgot about it, somehow? I watched the whole thing and it was a really really fun one",1,0,0,0,0,0
So true it hurts.,0,1,0,0,0,0
I’m feeling the same about the nets and hornets. I’m only worried the hornets can’t cover,0,0,0,1,0,0
this video made me feel like screaming,0,0,0,1,0,0
i didnt realize i was avoiding a question. i am afraid to talk to cops to be honest. even my own mother doesnt know what i saw,0,0,0,1,0,0
"It is funny and sad, when faced with the option to laugh or cry I choose laugh",0,1,0,0,0,0
""" [NAME] has come down with a terrible sickness which caused him to deactivate his twitter account"" Jeez sicknesses these days get worse and worse. ",0,0,0,0,0,1
She was carrying all my burdens >:((,0,1,0,0,0,0
How dare u/Reijka92 disrespect [NAME] like that!,0,0,1,0,0,0
"lmao dana just like ""i fucking hate my nephew""",0,0,1,0,0,0
Best! Episode! Ever! There is like a joke every 20 seconds.,1,0,0,0,0,0
Your husband isn’t at all worried about your reputation since he’s the one who spread the lie. Something to think about,0,0,0,0,0,1
Welp these were my happy tears of the days. :’),1,0,0,0,0,0
"Heh, U.S. only has a partial government right now :/",0,1,0,0,0,0
"Exactly. I forget what the ""killed per year in a school shooting"" figure is but it's shockingly low.",0,0,0,0,1,0
TYT is a gossip shitpost panel for race baiting idiots. By race baiting idiots.,0,0,0,0,0,1
"Thats nice to hear, glad I could help.",1,0,0,0,0,0
This game is actually worse than I was anticipating and I knew it was gonna be bad,0,0,0,0,0,1
I’m so sorry you are going through this. Sounds like an awful experience.,0,1,0,0,0,0
"Finally, one win for the war on drugs!",1,0,0,0,0,0
I just worked 6 hrs today and already hate it lol work just sucks. I'm not sure how other people do it.,0,0,1,0,0,0
Does this really work? Any one else try this yet? I'm surprised I've never heard of this before thank you.,0,0,0,0,1,0
I suppose. It was just weird how they went on a NASCAR tangent for like 3 minutes lol.,0,0,0,0,0,1
Ya got a good life... *ya got a good life...*,1,0,0,0,0,0
Reddit culture is truly the worst.,0,0,0,0,0,1
"No it’s not, I can give you multiple examples of cops getting physically assaulted and not even using their guns. Stop lying.",0,0,1,0,0,0
Sadly it happens randomly and I wouldn't want to lie to someone for money if the thoughts didn't appear.,0,1,0,0,0,0
"I like this template, it makes me happy.",1,0,0,0,0,0
"Thank you! [NAME] is a character that means a lot to me, and it makes me happy that you like my portrayal of her.",1,0,0,0,0,0
"Only thing TO know is that this motherfucker is obviously living his best birdy life and good for him. Fly high little buddy, fly high. ",0,0,1,0,0,0
"More like trash ass link. Wtf is “Apple Music”, probably some shitty limewire ripoff.",0,0,1,0,0,0
Ahhhh fond memories,1,0,0,0,0,0
"Yes but iy also makes complete sense that morty woild want it gone too, so i hate how he instantly assumes it was rick",0,0,1,0,0,0
Sounds painful man,0,1,0,0,0,0
my parents got engaged in the courtyard of [NAME] back in the 70s,1,0,0,0,0,0
I remember being three years old and feeling mortified and frustrated that my preschool teacher and classmates were freely dancing to ridiculous music.,0,1,0,0,0,0
"I was so scared, I thought the kid was going to backpedal into a street.",0,0,0,1,0,0
Scars do not fade after 2 weeks. Its gonna take a few months. I've got some nasty scars too girl I feel your pain,0,1,0,0,0,0
Justice for that horrendous no call,0,0,0,0,0,1
I cannot believe a woman in her 30s has never had an orgasm. I would have tried everything on the planet to have one.,0,0,0,0,1,0
[NAME] family must be having a field day there today!,1,0,0,0,0,0
The frankness of this comment made me giggle,1,0,0,0,0,0
"Disgusting trash feminazis, fuck your hijab",0,0,1,0,0,1
I'm sad we have you at home this year. I want to make a trip to see Allianz.,0,1,0,0,0,0
"Turn off your phone, computer or even the internet. It is scary to do but just for now when the urges hits.",0,0,0,1,0,0
This guy fucking gets it.,0,0,1,0,0,0
"Look what time it is. It's Fuck You, It's January!",0,0,0,0,1,0
This is awful.,0,0,0,0,0,1
Yep that was incredibly rude. What kind of adult sits down and decides to put that in a major magazine? Just unbelievable.,0,0,1,0,0,0
shut up LIBTARD you right now:🤯😭🥺,0,0,1,0,0,0
BREAKING NEWS: The new girl had to shred/chip a 6lb entire chub of Kentucky Gold ham today. Poor girl's arm ached the rest of the day.,0,1,0,0,0,0
Scotland aren’t the best team to compare against. On their day the could debatably beat NZ on a bad day they lose to America,0,1,0,0,0,0
Im so glad that he Reacted that way i feel the same way about my college but im in the last semester 🤓,1,0,0,0,0,0
Glad to see [NAME] are finally admitting they are babies who are unable to take care of themselves.,1,0,0,0,0,0
Her Twitter checks also clearly a fucking idiot.,0,0,1,0,0,0
"you did drug her though, and assault her by undressing her and taking her photo. you committed multiple crimes. you need professional help.",0,0,1,0,0,0
So cool! Me and my sissy got the same but on our arms! On twitter!,1,0,0,0,0,0
What the fuckkkkk burn itt,0,0,1,0,0,0
I'm so sorry,0,1,0,0,0,0
Had a stroke reading these.,0,0,0,0,1,0
"Welcome to The World of... Mobile MMOs. Where power can be yours, for a price.",1,0,0,0,0,0
I’m just gonna go ahead and call bullshit on most of the details of this story.,0,0,1,0,0,1
DAMN!!!,0,0,1,0,0,0
I feel digestive regret just looking at them.,0,1,0,0,0,0
"And a hell of a lot better receivers. [NAME], [NAME], prime [NAME], [NAME]. ",0,0,1,0,0,0
Now all we need is to beat them in the playoffs one last time and win the super bowl THEN I'll be able to be happy,1,0,0,0,0,0
"Oh, sweet. It's the gaming guy who hasn't uploaded any gaming videos yet! /s (I like him and am just poking fun)",1,0,0,0,0,0
...says the opioid addicted narcissist with multiple untreated physical and psychological ailments and is completely unable to work with anyone but his own clone.,0,0,1,0,0,0
This grammar is horrible. Discovering something is a fixed single point in history which should have been simple past “was” instead of “had been.”,0,0,0,1,0,0
"> So basically, if you're responsible with guns, you have nothing to worry about. I'm worried about *other people* not being responsible with guns.",0,0,0,1,0,0
Would I rather be feared or loved? Easy. Both. I want people to be afraid of how much they love me.,0,0,0,1,0,0
ah Yuk!,0,0,0,0,0,1
I visited NYC 2 summers ago and I have the same exact feeling as you do. Glad you liked the city just as much as I did!,1,0,0,0,0,0
"I'm saying put up or shut up. If you can't back up your point with evidence, your opinion is worthless. ",0,0,1,0,0,0
"That’s not munchausen. She has a diagnosed illness that’s a terrible, terrible one to suffer from. This is a pretty shitty reply.",0,0,0,1,0,0
"Yeah, it’d be weird to have two green arrows running around. ",0,0,0,0,0,1
"I enjoy vintage cooking porn. A young [NAME] trussing a round roast, for example. ",1,0,0,0,0,0
"I watched that worm fish sauce thing. So gross, disgusting, bleh, NO,NO, and HELL NO!!",0,0,0,0,0,1
So so good,1,0,0,0,0,0
Fuck you I was in the bed:/,0,0,1,0,0,0
Omg!! Its rainbow!!,1,0,0,0,0,0
Wow this was awful. What kind of audience do these morons have? I mean no one with the money to buy that junk would watch these fools,0,0,0,0,0,1
because energy drinks are the most fucked up you can get while still being sober,0,0,1,0,0,0
Is that a little poot at :09?,0,0,0,0,1,0
11 years goddamit I’m old,0,0,1,0,0,0
That must have bean awesome to find those,1,0,0,0,0,0
What a fucking idiot lol,0,0,1,0,0,0
"And also, turning someone's hands into spaghetti is cruel and inhumane and not a reasonable punishment for theft.",0,0,1,0,0,0
This is so true cause I always think “are they just using me for sex?”,0,1,0,0,0,0
"Dear [NAME], please help [NAME] be less disgusting. Amen.",0,0,0,0,0,1
i’m so sorry.....,0,1,0,0,0,0
Because idiots in this sub care too much about what other people have on their screen? It only tells me that too many people on here are narcissists.,0,0,1,0,0,0
I really like the colours but I'm wondering where that bit of shadow on the chin comes from.,0,0,0,0,1,0
That sounds so terrible. I'm very sorry.,0,1,0,0,0,0
"People are gonna end up hating Deus Ex because of this, and that's just a travesty",0,0,1,0,0,0
Fuck your shitty ass title,0,0,1,0,0,0
Because ridiculously attractive people also have self esteem issues and depression Guess what honey The world sucks for everyone There’s no escape We will all die in misery and alone,0,1,0,0,0,0
Possible sad tyre,0,1,0,0,0,0
I am so sorry to hear about your wife’s tragic injury.,0,1,0,0,0,0
Wow! Never thought of it this way but that's a REALLY good point.,0,0,0,0,1,0
felt that so hard too,0,1,0,0,0,0
Damn this guy just had a bad day!,0,1,0,0,0,0
Happy for u!!,1,0,0,0,0,0
did not know she speaks fluent Ukrainian.,0,0,0,0,1,0
[NAME] with that birthday gift,0,0,0,0,1,0
Ahhh. A civil and interesting conversation on the internet. How refreshing.,1,0,0,0,0,0
"Oh my god, who in the world eats their cracker without its Shell? Simply disgusting, didn't even had to ask. Smh",0,0,0,0,0,1
Puppies in 95% of cases. Sorry but some dogs are ugly no matter how old they are.,0,0,0,0,0,1
Wow so glad [NAME] is getting it done quicker. Better for later in tourney,1,0,0,0,0,0
So did mine! And I'm now one myself. Sending a trillion hugs and props to you!,1,0,0,0,0,0
Fuck that. Anyone who makes a career out of spreading bullshit to morons is worthless trash.,0,0,1,0,0,0
*How???* The internet never ceases to amaze me.,0,0,0,0,1,0
Good [NAME] we look horrible,0,0,0,0,0,1
But milk is beta food! Who wants that girly ass shit from a boob? My child will drink bone broth and the tears of broken women!!,0,0,1,0,0,0
"Not gonna happen, pure delusion I *aggressively* call this ridiculous bluff",0,0,1,0,0,0
I always wondered why that never happened with the “muscles from Brussels” in any of his movies.,0,0,0,0,1,0
"Wow, thanks whoever did the silver❣ put a ray of sunshine into an otherwise cloudy day! ",0,0,0,0,1,0
Stop lying to me,0,0,1,0,0,0
The Button was amazingly fun. By far my favourite reddit memory.,1,0,0,0,0,0
And..the reality of it hurts,0,1,0,0,0,0
I am so sorry. My kids are the only thing keeping me going. The loneliness is agony.,0,1,0,0,0,0
I need therapy but I’m too scared to go to therapy.,0,0,0,1,0,0
It's Incredible! So glad I could help with this! :D,1,0,0,0,0,0
"Very tired us can attendant: ""here are your vagina slimes."" ... thankfully the customer just laughed kt off.",1,0,0,0,0,0
oh my gooooood,0,0,0,0,1,0
Damn don’t sell this,0,0,1,0,0,0
"Yeah, it's disgusting & I'm so disturbed by everything going on. Never ever would I have believed this is where people were headed. ",0,0,0,0,0,1
Good. Stay the fuck away.,0,0,1,0,0,0
"A Canadian Breakfast for €0?!? Unbelievable, what a world we live in.",0,0,0,0,1,0
Isn't the minimum 3 majors or something? I don't think he made the cut but I'd be happy to be proven wrong,1,0,0,0,0,0
I miss [NAME],0,1,0,0,0,0
Oh really? I didn’t know someone else posted it haha Edit: just looked and someone posted it right after me,0,0,0,0,1,0
I can't believe he told that story. I'm sure the minister that released the water is now so totally regretting not asking for a bj!,0,0,0,0,1,0
"On VPR yes she is awful. On WWHL she seems very nice, and likeable. Not sure what's going on there. ",0,0,0,0,0,1
Stranger things have happened.,0,0,0,0,1,0
That poor soul,0,1,0,0,0,0
There is a surprisingly large number of [NAME] who play.,0,0,0,0,1,0
NIKE NIKE NIKE NIKE NIKE NIKE NIKE NIKE NIKE Those leggings lmao,0,0,1,0,0,0
"Oh my gosh, my Dodger blue heart goes out to yours and your family. I am so sorry.",0,1,0,0,0,0
I enjoyed speaking to [NAME],1,0,0,0,0,0
Hopefully you get a good bashing soon,0,0,1,0,0,0
Oh I never knew you could do that,0,0,0,0,1,0
Merrily merrily merrily merrily something something scream... (I am not creative),1,0,0,0,0,0
Goosebumps had the same take on those too. Those books used to scare the shit out of me,0,0,0,1,0,0
That’s part of why I hate porn so much - other than the exploitation of women,0,0,0,0,0,1
"This is a huge stretch, but I would enjoy seeing some tweets from her hubby about it...",1,0,0,0,0,0
"Me too! So pumped! Enjoy the game, bud!",1,0,0,0,0,0
":-) Lunch with the wife on a weekday is such a special treat, even when one is under the weather.",1,0,0,0,0,0
"hahaha, this is great. We need more anarchist jokes.",1,0,0,0,0,0
"Yep, it's all extremely frustrating.",0,0,1,0,0,0
"Gnarly ballsack is the technical term, I believe. Sadly, it's just a face beard.",0,1,0,0,0,0
Damn furries. We don't have animal ears!,0,0,1,0,0,0
Wow! You are close to me in age. I would never do that.,0,0,0,0,1,0
No joke. Physics or chemistry I can see but comp 101? I’m surprised he has the ability to find the internet,0,0,0,0,1,0
Shh don't spoil it for us,0,0,1,0,0,0
What a fucking cunt,0,0,1,0,0,0
I'm having a hard time understanding what exactly happened. I'm sorry you're having these problems. 🙁,0,1,0,0,0,0
"For art? I think it's kind of silly, but it's also fun. Let people live :P",1,0,0,0,0,0
Well that was disheartening.,0,1,0,0,0,0
I’m worried about [NAME] too,0,0,0,1,0,0
That head must hurt!,0,1,0,0,0,0
why wont i just fucking die,0,0,1,0,0,0
Stunning considering you have the exact same opinion.,0,0,0,0,1,0
I cringe when I see [NAME] playing while we’re stuck with sensitive old [NAME].,0,0,0,1,0,0
Here too. I just find weird colorful stuff and hope it doesn't clash too bad.,0,0,0,0,0,1
[NAME] damn you're toxic asf,0,0,0,0,0,1
I watch it because I enjoy it,1,0,0,0,0,0
oh my [NAME] easily one of the worst sounds aaahhhhhh,0,0,0,0,1,0
"Not sensitive, just scared that a sub I enjoy will become divided and will have in-fighting.",1,0,0,0,0,0
My condolences.,0,1,0,0,0,0
"What? They all look entirely different. Yes, they are all handsome, masculine men, but that's it.",0,0,0,0,1,0
"Which is odd, he was terrible on Sunday",0,0,0,1,0,0
But that jumper looks hella cosy,1,0,0,0,0,0
Can you freak bitchhhhh,0,0,1,0,0,0
Fucking happy this jerk is still well and alive.,1,0,0,0,0,0
Well they called and said there was a pricing discrepancy and they could not honor it. 😭 sad day.,0,1,0,0,0,0
"Shut up, [NAME]. ",0,0,1,0,0,0
So happy for [NAME]. So sad he's not here. Imagine this team with [NAME] instead of [NAME]. Ugh.,1,1,0,0,0,0
This is giving me so much life.,1,0,0,0,0,0
Worse. They told us to mind our own business,0,0,1,0,0,0
"Didn’t know if you knew, so I was just trying to give context to your statement. Sorry. ",0,1,0,0,0,0
Oh a cat !,0,0,0,0,1,0
This is nasty NSFW,0,0,0,0,0,1
She's as beautiful and as happy as ever,1,0,0,0,0,0
"Oh [NAME], me and kiwi or pineapple. Or that feeling when a tortilla chip gets stuck in the roof of your mouth",0,0,0,0,0,1
Poor thing. Her arm looked stuck in the crutch as she fell. That had to hurt,0,1,0,0,0,0
"They've actually gotten a bit worse :D Started with just a dry cough, now it's pain swallowing, stuffed nose, but the cough is now better",0,1,0,0,0,0
"Nah, black bears are big scaredy cats Now brown ones on the other hand...",0,0,0,1,0,0
It’s kinda sad that this made me lol.,0,1,0,0,0,0
Please. I can’t even with these comments.,0,1,0,0,0,0
[NAME] that is frightening...,0,0,0,1,0,0
This is kinda sad,0,1,0,0,0,0
There is nothing more disgusting than those who put children in danger unless it is the people who allow them to do more harm.,0,0,0,0,0,1
Aye but happy cake day mate.,1,0,0,0,0,0
I hate [NAME] and [NAME] for what they've done to this franchise. And I'm growing to hate [NAME] as well.,0,0,1,0,0,0
"The real villains are those aware of the cruelty of life, but then reproduce anyway.",0,0,0,0,0,1
Ahhh [NAME] its in my eye.,0,0,0,1,0,0
It's ridiculous people blind fellow faith here in algeria,0,0,0,0,0,1
no way I have never heard of that! wow!,0,0,0,0,1,0
"i had all of those. checked myself with a GP and found out i had low iron, migraines and needed to visit the therapist re my anxiety.",0,0,0,1,0,0
"the sky, living a happy and amazing life in the clouds.",1,0,0,0,0,0
I still hate Catcher Eggman!,0,0,1,0,0,0
"Completely correct. But he Might have lost control, blown a tire, etc., or maybe just panicked human error. ",0,0,0,1,0,0
That’s very unfortunate for the bosses. Capitalism sure does commit genocide. Ireland. India. Indonesia. Vietnam. Iraq. Should I name more?,0,1,0,0,0,0
I had a blast watching it and am glad you did too!,1,0,0,0,0,0
"I feel bad for house slaves, even if it's in their understandable self-interest. ",0,1,0,0,0,0
You have no right to be there waiting to be nudged.,0,0,1,0,0,0
NO I HAVE NOT EVER FIRED MY GUN IN THE AIR AND GONE AAAAGGHHH!,0,0,1,0,0,0
I mean. Wtf is there to do online. GTAO had a shit economy but at least had things to do,0,0,1,0,0,0
This is lovely. Didn’t expect the end.,0,0,0,0,1,0
"You're a freak, you dirty dog you.",0,0,1,0,0,0
"Bipolar symptoms tend to be very fun and exciting, but they can also be very bad and harmful. She should get some help.",1,0,0,0,0,0
"Human nature also leads us to greed, violence and aggression. Natural doesn’t equal good. Cancer is natural.",0,0,0,0,0,1
Oh come on! Stop posting this stuff. FFS will you think of my blood pressure!? You’re killing me (figuratively speaking).,0,0,1,0,0,0
I’m an NA boy and Rival/Dig were my two favorite orgs. Glad to see at least one of them is returning.,1,0,0,0,0,0
"It's a cruel, uncaring universe we live in. Fingers crossed things won't completely fall apart for them.",0,0,1,0,0,0
With those pieces I’d be surprised 😒,0,0,0,0,1,0
"Thanks for the encouragement, it means a lot! Glad you liked it, seeya around 👌",1,0,0,0,0,0
Yuuuuuuuuuup. It's horrible.,0,0,0,1,0,0
Typically the speeches come from a functional adult. The Idiot is an unindicted co-conspirator with a visible personality disorder. Feigning normalcy is part of what's wrong.,0,1,0,0,0,0
Yep first to go crying to the government but happy to bully single mums on the benefit,1,0,0,0,0,0
"OMG, I thought the same",0,0,0,0,1,0
If I died I've always wondered who will be at my funeral. I imagine only my mom. Maybe one of these days I'll find out.,0,1,0,0,0,0
"Wow, hearing him swear, thats gonna be something ",0,0,0,0,1,0
Ah yes three of my ~~best friends~~ worst enemies,0,0,1,0,0,0
Had to comment just to say that I don't even know what to say to this. It's so mindblowingly stupid.,0,0,1,0,0,0
I'm sorry my Baby [NAME] joke made you so angry.,0,1,0,0,0,0
"see im on here having fun meming on all yall basement dwellers, stay salty ",1,0,0,0,0,0
"He's a selfish bastard druggie, so we no longer care about him. Thank you for your condolences <3",0,0,1,0,0,0
"I know, pain in the asses.",0,1,0,0,0,0
Translation: you should see her vagina! She can't fight you off! The double entendre is more than a bit unsavory.,0,0,0,0,0,1
Never would have thought about that,0,0,0,0,1,0
Outraged suburban white moms ranting about stupid things that don’t matter and making ridiculous comparisons are peak humor,0,0,1,0,0,0
Gotta wonder how a fake BC could possibly result from a 'mixup'.,0,0,0,0,1,0
HAHA so sorry. I've had a very slow day at work. Been hitting F5 repeatedly. Was surprised it wasn't already posted.,0,0,0,0,1,0
Winning is fun,1,0,0,0,0,0
That was a terrible pass regardless. Wasn’t close,0,0,0,1,0,0
"""IT'S GET YOUR GAME ON! SAY IT RIGHT!""",0,0,1,0,0,0
im sorry for your loss. your aunts behavior is disgusting. dont give her anything.,0,0,0,0,0,1
I miss [NAME] butt.,0,1,0,0,0,0
"First of all, sorry for your loss. Keep in mind that funerals are for the people still alive not the person who has just died.",0,1,0,0,0,0
Every point you make is proven wrong lol. Just stop.,0,0,1,0,0,0
Because it was a terrible idea.,0,0,0,1,0,0
"You’re disgusting. I hope your wife finds somebody much, much better than you.",0,0,0,0,0,1
Yeah. I killed them both.,0,0,1,0,0,0
HEY! NO OC IN r/ComedyCemetery,1,0,0,0,0,0
I enjoyed the effort from your dad so I must downvote but I want the subreddit to see this so I’ll upvote,1,0,0,0,0,0
"I had a young woman patient who was repeatedly found on the floor, naked and masturbating.",0,0,0,0,0,1
Weird way to type YYYY-MM-DD,0,0,0,0,0,1
I'm so surprised they haven't done it yet tbh!,0,0,0,0,1,0
Fight me coward! I will never ne frego!,0,0,1,0,0,0
I cannot believe the fucking audacity of him. Have some shame for [NAME] sake.,0,0,1,0,0,0
With a lot of severe brain damage after being beat back to life with an ugly stick.,0,1,0,0,0,0
We did it guys! We’re the real heroes!,1,0,0,0,0,0
Bloody Peasant!,0,0,1,0,0,0
I’m literally shaking right now😫,0,0,0,1,0,0
He already sucks. Let’s just nerf him some more.,0,0,1,0,0,0
This is so painfully 80s. I hate it.,0,1,1,0,0,0
Yeah but scary brown people. Ever thought of that libtard? /s ^just ^^in ^^^case,0,0,0,1,0,0
I don’t understand the point you’re making sorry,0,1,0,0,0,0
I miss my Shrek Ghrok :(,0,1,0,0,0,0
What a terrible list,0,0,0,1,0,0
Is it weird that I was practically drooling while watching this,0,0,0,0,0,1
"Great person, tough as hell, will truly be missed😢",0,1,0,0,0,0
HOLY MOTHER DUCKER,0,0,1,0,0,0
I wonder if the mapgen portion of the population will die in the first place. Dwarves just waste all their time working on the labyrinth it hits 30.,0,0,0,0,1,0
Happy to assist with the credit repairs. I've been in the industry for over 20 years. It takes time but it's fixable.,1,0,0,0,0,0
Yup those are the two worst tasting out of my cocktail!,0,0,0,0,0,1
Tear all of it down - that place is such a horrific example of trash civil engineering,0,0,0,1,0,0
Sadly the same way know people who know people and being in public. Maybe an online game with chat like league or xbox,0,1,0,0,0,0
"I played for a decade+ on release, I'd be happy to help you or anyone else!",1,0,0,0,0,0
"Wow, great news bro!",0,0,0,0,1,0
BUT I STILL HAD ALL THEEEEEESE,0,0,1,0,0,0
Yes what the fuck is going on here,0,0,1,0,0,0
RIP. Sad for his family and the bull riding community.,0,1,0,0,0,0
Meanwhile in western society grown-ass adults will leave their McDonald's trash scattered all over the place just feet away from the bin.,0,0,1,0,0,0
Hardly surprising. Now they also lost their coach... rip,0,0,0,0,1,0
"Sorry, you misspelled disrespectful. You don't have my trust. Here are the divorce papers.",0,1,0,0,0,0
Wow! It's dead af here,0,0,0,0,1,0
I wonder if we will get to actually see the demise of their relationship. I doubt they will do it on the show though.,0,0,0,0,1,0
It's tasty. Had one on bone marrow once. I've had weirder things before,0,0,0,1,0,0
Damn! A 4-pack! That’s awesome.,1,0,0,0,0,0
"Both [NAME] and [NAME] were broken up, so it wasnt cheating.",0,1,0,0,0,0
I mean you can want a break from something and still enjoy it.,1,0,0,0,0,0
"Weird, Tuxedo Mask looks shorter and pudgier than I pictured him to be",0,0,0,0,0,1
"Disgusting, but fascinating.",0,0,0,0,0,1
FBI OPEN UP!!!!,0,0,1,0,0,0
"yikes, as someone who dislocates things often ([NAME]), this scares me!",0,0,0,1,0,0
"Wrong on so many levels. Just sit back and watch it implode. It will hurt at first, but guarantee, you will have the last laugh. ",1,0,0,0,0,0
I might be having carrot cake tonight!!! I love it! And that coffee sounds like the perfect pair! Enjoy it,1,0,0,0,0,0
I wish I could forget. Stop reminding me :(,0,1,0,0,0,0
Done and done in the memory of [NAME]. I am sorry for your loss.,0,1,0,0,0,0
There’s this which is terrifying to think about,0,0,0,1,0,0
You're a horrible person.,0,0,0,1,0,0
Wonder if some of the ‘cuse guys we got because nobody was available anymore will be cycled out,0,0,0,0,1,0
Power trip blindness is scary; how someone can't see the obvious aftermath of acting like this with their employees?,0,0,0,1,0,0
Yeeesss...... let the anger flow through you...,0,0,1,0,0,0
> The headline writers are misrepresenting her words (second publication I have seen in minutes that has done so). Oh wow I wonder why,0,0,0,0,1,0
I had to mute cause the sound was making me cry.,0,1,0,0,0,0
"It's awesome. Sorry, I am a red-blooded male. I see a beautiful woman with a thick 10/10 body and I like it. 😎",0,1,0,0,0,0
I would have tactically thrown dynamite and blown my self up about 2 seconds in.,0,0,0,1,0,0
Royals can be prosecuted. Princess [NAME] was charged under the dangerous dogs act many years back the monarch enjoys sovereign immunity.,1,0,0,0,0,0
I'm scared to do these cuz the S.A.G.E. told me I was a transvestite,0,0,0,1,0,0
"Or at the very least, why can't healers have HAMMERS!? (... I miss Legion :(]",0,1,0,0,0,0
Honestly- live your life as a person who can love what others hate- because that’s just a little more joy in your life versus their hate.,1,0,0,0,0,0
Wooah :o Didn't know [NAME] had a son xD,0,0,0,0,1,0
"...oh goddamn it, that's in my sales territory.",0,0,0,0,1,0
Upvoted twice because this is EXACTLY what they think it is and it sucks rat balls.,0,0,1,0,0,0
And let us not forget the lord's privilege with a new bride. Ahhhh......the good old days.,1,0,0,0,0,0
I hate everything about this.,0,0,1,0,0,0
This makes me smile.,1,0,0,0,0,0
Honestly I wouldn’t mind. Glad he’s still in the NHL. Poor [NAME] was playing in the KHL last I heard.,1,0,0,0,0,0
Oh. Much less exciting than the edit. We live inside the fungus.,0,0,0,0,0,1
SHE DESERVES TO BE TRULY HAPPY. LEAVE HER [NAME].,0,0,1,0,0,0
"Considered going for the 1st time this year, then I see all the ads targeting kids specifically. Feels weird as a 26 year old seeing all this..",0,0,0,0,0,1
"So glad my mom didn’t act this way when I was diagnosed.... oh, and my mom was smart and vaccinated me",1,0,0,0,0,0
"oops, my bad.",0,1,0,0,0,0
Ill take condoms and council tax over dying in horrible pain from typhoid but each to there own.,0,0,0,0,0,1
Ayee it made it ! Enjoy,1,0,0,0,0,0
That was an horrendous season to an otherwise amazing show,0,0,0,1,0,0
Crossposting is a terrific feature on Reddit. I'm happy if someone does it to me because it means more people will read one of my posts.,1,0,0,0,0,0
"I didn’t think it was possible for one Twitter account to be so obnoxious, but here it is.",0,0,0,0,0,1
"Wow, didn't expect this thread to get philosophical.",0,0,0,0,1,0
I'm nauseous,0,1,0,0,0,0
"I love them, it's so fun to jump around everywhere",1,0,0,0,0,0
omg that's gonna be a hell of a reunion as well,0,1,0,0,0,1
Yeah but they actully had/have shit to be mad about. Their board is incapable.,0,0,1,0,0,0
You admit to discrimination based on your personal criteria. Say no more.,0,0,1,0,0,0
Fuck the cubs,0,0,1,0,0,0
I feel like I'm in a yoghurt advertisement announcing how my digestive system is all rejuvenated. Its that wholesome.,1,0,0,0,0,0
"Oh my goodness it's like a happy little cloud! What breed is it? Either way, omg enjoy petting that super soft puppy coat for me! ",1,0,0,0,0,0
"Oh [NAME], someone did it already, and it was 3 DAYS AGO O.O",0,0,0,0,1,0
"""Sigh"" I thought you were better than this I thought we were over this but no you just had to do it ""Upvotes angrily""",0,0,1,0,0,0
Oh ok sorry,0,1,0,0,0,0
"I have [NAME] hat so I could marry it, flip it and kill it",1,0,0,0,0,0
Yes I really miss his streams...the ONLY reason I chose adc as my main role was because of how chill chaox was.,0,1,0,0,0,0
I hope [NAME] does get a new devil trigger. I’m sorry but seeing the same one repeatedly has gotten old.,0,1,0,0,0,0
Ah well I still feel a bit bad for the parrot but at least he won‘t be harmed :),0,1,0,0,0,0
"Such a great thing to hear. Setting aside my very immense distaste for SA, this really just makes me happy. I love our country.",1,0,0,0,0,0
[NAME] has broken his brain so bad he’s turning [NAME] into [NAME],0,1,0,0,0,0
This is so scary. Keep safe! I would put fencing up and become a licensed carrier at that point. Sounds like crazy druggies!,0,0,0,1,0,0
"I've got my sticker peeled off, nasty desperate notes left on the windshield, driver door..",0,0,0,0,0,1
How the fuck do you moan tho,0,0,1,0,0,1
The internet never ceases to surprise,0,0,0,0,1,0
wat u fecker,0,0,1,0,0,0
"I should say to you that it's ok but at the cancer thing my mind changed Asshole, also get help",0,0,1,0,0,0
This is a really lovely ends to a crappy means. I’m glad you enjoyed yourself and got something out of it.,1,0,0,0,0,0
"Thank fuck they died... I mean rip, so sad 💭🙏",0,1,0,0,0,0
"The possibilities are fascinating. In other times, I'd be enjoying watching the lawyers argue...!",1,0,0,0,0,0
Happy Cake Day [NAME]! Enjoy this slice on me 🍰,1,0,0,0,0,0
Removed and warned. R1,0,0,1,0,0,0
"Now that you're saying it, it actually makes sense. I'll be really hurt, but if she makes him happy I can't stop him.",1,0,0,0,0,0
That’s so nice! Kindness like this makes my heart happy.,1,0,0,0,0,0
Crazy how quick people are to forget.,0,0,0,0,1,0
"For crying out loud, all they had to do was use the smegging wipers!",0,1,0,0,0,0
"Pretty terrifying. Imagine if you went on a school trip, did nothing, and came home to this.",0,0,0,1,0,0
She looks like one of my exs always feels weird seeing her about,0,0,0,0,0,1
"Yes, this is karma farming and it is disgusting to do that, BUT the title *could* be correct. It probably is made up though. ",0,0,0,0,0,1
"The foul, smelly dump I just took > fallout 76",0,0,0,0,0,1
How does that get past the health department? Birds are filthy. Half cooked birds wing is disgusting.,0,0,0,0,0,1
Same thing happened to me last year ended horribly,0,0,0,1,0,0
So many? I’d be amazed if it was more than 0.1% of active players at any time,0,0,0,0,1,0
"Even after achieving 100% in this game, his performance still amazes me.",0,0,0,0,1,0
"I'm crying right now, I don't know why. Doesn't even make me feel anything. ",0,1,0,0,0,0
I wonder if the school closures with MLK holiday reduce the priority to plow ...,0,0,0,0,1,0
Oh we’re TANKING tanking,0,0,1,0,0,0
"Hi from a former [NAME]! Enjoy all the snow this weekend, we're barely getting anything in Iowa, which is frankly ridiculous. ",0,0,0,0,0,1
Females living on Recruit difficulty. Smh,0,1,0,0,0,0
The only one to really be sad about losing is [NAME] tbh,0,1,0,0,0,0
I understand why... But it's so sad we have to lie... It breaks my heart...,0,1,0,0,0,0
That was awesome. Momentum is really something isn't it?,1,0,0,0,0,0
Oh my [NAME] stop,0,0,0,0,1,0
Too bad =(,0,1,0,0,0,0
They both crazy,1,0,0,0,0,0
"My favorite so far is ""national emergency declares national emergency.""",1,0,0,0,0,0
"They're all the same, all the ratemes are a trap. It's just sad people keep falling for them because its so obvious it genuinely hurts.",0,1,0,0,0,0
Nice-full circle! Leaving [NAME] for dust- I love it.,1,0,0,0,0,0
I enjoy shouting this at my husband and our friends when they're being especially nerdy.,1,0,0,0,0,0
I’m on mobile and I can see them. Omg it makes me so happy 😂 never noticed if before either. iPhone btw,1,0,0,0,0,0
I was surprised to see [NAME] towing the line on his show.,0,0,0,0,1,0
I’d say this is spot on. He’s not sorry he hurt me. He just wants me to shut up.,0,0,0,0,0,1
I amlooking to adopt from there! This makes me happy!,1,0,0,0,0,0
"Okay, that was actually shocking.",0,0,0,0,1,0
happy early birthday OP! have fun !,1,0,0,0,0,0
Is this from “Please Like Me”? I loved that show. The last season had me in tears though. Really hard to watch. 😢,0,1,0,0,0,0
Omg it’s like you’re taking the words from my mind.,0,0,0,0,1,0
I wouldn't be surprised if their confidence is so shot that they lose this control and lose 3-0,0,0,0,0,1,0
ooh a piece of candy,1,0,0,0,0,0
I'm so delighted that my boyfriend has found this community.,1,0,0,0,0,0
"""Feed the wars and fuck the poors"" is pretty much their policy.",0,0,1,0,0,0
Glad you got her back! Fantastic way to start off the new year with good news!,1,0,0,0,0,0
"[NAME], don't fucking front the pass if your help defender is [NAME] he will not help you",0,0,1,0,0,0
"i mean i hate these takes that because we turned the ball over 26 times, the rotations werent a problem. They clearly were",0,0,1,0,0,0
lol..You're not getting [NAME] or any of the young core..,1,0,0,0,0,0
They laughed in our faces for a decade. Not to mention they were actually cheating (bountygate).,1,0,0,0,0,0
Pepsi tastes better in the UK than Coke but US/Canada coke is pure diabetes and Pepsi is disgusting.,0,0,0,0,0,1
"I know, that's why I said one of the reasons. The main reason is his uselessness when your team is bad",0,0,0,0,0,1
"If your friend ever decides to go public with their content, make sure to let us know. We're more than happy to promote them. ",1,0,0,0,0,0
My goodness I didn't even know this existed. This is my first time seeing something like this. Pretty cool stuff.,0,0,0,0,1,0
fuck the caps!,0,0,1,0,0,0
Take the child from them! Wtf? Theyre so dumb. You always secure the kids seat!,0,0,0,0,0,1
My 1 year old ate TWENTY TWO broccoli tots for lunch. And he still wanted a cookie afterwards. Like...what?!,0,0,0,0,1,0
Real class A asshole there,0,0,1,0,0,0
"Ah, alt right thinking. Afraid of people who have anything 'upstairs,' or 'between their ears.'",0,0,0,1,0,0
That is not a law. It's a freaking poem that someone decided to write.,0,0,1,0,0,0
That is profoundly messed up.,0,1,0,0,0,0
"Yea but I hate existing, it’s nothing but sadness ",0,1,0,0,0,0
Went on a date with someone whose 8 years older than me. She didn't realize I was only 20. Whoops.,0,0,0,0,1,0
The title made me laugh so much after reading this. Glad things are going great with your wife. Many more happy years to you three (:,1,0,0,0,0,0
that sounds absolutely adorable!! im glad you had those kittens there as a distraction :),1,0,0,0,0,0
Happy cake day!,1,0,0,0,0,0
Get out. And take your facts with you.,0,0,1,0,0,0
I wouldn’t expect anything less than those deplorable traitorous trumptards.,0,0,1,0,0,0
"His! Watch out! That cars coming straight for you! Omg guys she’s arguing with ferrah, she can’t hear us help!",0,0,0,0,1,0
"This feels more like ""Lofi Rock"" if that exists, or even Jazz. Very interesting.",1,0,0,0,0,0
This post fucking sucks because it doesn't cater to my beliefs.,0,0,1,0,0,0
First of all how DARE you plague this country with your USELESSNESS you degenerate smh,0,0,1,0,0,0
"[NAME] IS SO HAPPY AND SO AM I!! Edit: [NAME] I see you, relax",1,0,0,0,0,0
Ew yes I’m glad you brought that up.,1,0,0,0,0,0
>So that was a **fucking** lie. FTFY.,0,0,1,0,0,0
Laziest team I've ever seen.,0,0,0,0,0,1
"""Oh, how DARE you discuss the disgustingly unhealthy and dangerous lifestyle I pursue!"" /s",0,0,1,0,0,0
A better description would be she got a nasty fright rather than it being terrifying.,0,0,0,0,0,1
im trying to but my depression gets the better of me i have my good days and bad days,0,1,0,0,0,0
The scorpion one on the swing set looked so bad. I think I heard her back break/crack.,0,0,0,0,0,1
Glitter is awful for everything,0,0,0,0,0,1
You're an awful human being.,0,0,0,0,0,1
Because [NAME] was playing awful in the first two sets. Absolutely terrible.,0,0,0,0,0,1
"Noooo. I seriously did not know that. Yes, mind blown. ",0,0,0,0,1,0
"I'm not sure these guys are wingers, but other than that, I'm very happy so far",1,0,0,0,0,0
"[NAME], I love these kinds of threads.",1,0,0,0,0,0
No problem. Glad you were able to take something away from that.,1,0,0,0,0,0
I cried more here than in Star Wars.,0,1,0,0,0,0
I was just in shock when she answered the door for devoin.,0,0,0,0,1,0
Super Bowls are overrated anyways. s. I'm more angry about back-to-back seasons ending on a fade to Crabtree in the endzone.,0,0,1,0,0,0
Get in touch with a lawyer. No one in Reddit can answer this. Throwing her out really would be better.,0,0,1,0,0,0
I’m so glad I have my own car,1,0,0,0,0,0
Disgusting amount of oil.,0,0,0,0,0,1
"Doordash pays less than minimum wage, no money even to buy cheesecake from the cheesecake factory after paying rent and Bills 😥",0,1,0,0,0,0
"Really takes ya by surprise anyway though, huh?",0,0,0,0,1,0
Don't be a [NAME] and misuse this term. We've reserved it for a movement of women who are done with sexual harassment.,0,0,1,0,0,0
"You're didn't vote for her you are obviously a racist, sexist, homophobe, you're the worst kinda person.",0,0,1,0,0,1
[NAME] is on fire!!!,0,0,1,0,0,0
This comment is complete garbage.,0,0,0,0,0,1
"Because you're not making one in any coherent way. As such, I'm done. ",0,0,1,0,0,0
"fuck lacy evens, she has not been impressive at all",0,0,1,0,0,0
"DWIGHT, NEVER YELL AT THE CUSTOMERS",0,0,1,0,0,0
... and no one seemed to care Except that lonely woman with white hair,0,1,0,0,0,0
"shut up, [NAME]!",0,0,1,0,0,0
"I've said it before, but yuck, kissing that bloody mouth... Watch out, [NAME], you don't know where that's been.",0,0,1,0,0,0
If you really think a horror movie needs jump scares then I feel bad for you son.,0,1,0,0,0,0
hmm... it didnt work for me when i posted it but now it does... weird af,0,0,0,0,0,1
"You forgot [NAME] and [NAME] as [NAME] and [NAME] in the 2003 *Battlestar Galactica*, which was spectacular. ",0,0,0,0,1,0
I always flew out from Edinburgh. First time flying out from Glasgow and I was shocked at how small and... dingy it felt in comparison.,0,0,0,0,1,0
That damn FDR who America loved so much they had to write an amendment to the Constitution to keep anyone else from being elected that many times,0,0,1,0,0,0
Now THIS IS shitposting,0,0,1,0,0,0
Omg [NAME]! One of my favorite bb players,1,0,0,0,1,0
Yeaaahhh... *blushes*,1,0,0,0,0,0
"Ooh, that's interesting info actually (*heads to capfriendly to check how many years until [NAME] is a UFA*)",1,0,0,0,0,0
I got $10 on Anzac Day as the guy won money and 2 x $5 tips that’s all.,1,0,0,0,0,0
"The shipping container are my friends, damnit",0,0,1,0,0,0
You poor poor fellow,0,1,0,0,0,0
"The menzingers are sick, good luck out there bud",0,0,0,0,0,1
"Funny enough, not all [NAME] are celebrities.",1,0,0,0,0,0
[NAME] has gotta he replaced or that was just terrible writing,0,0,0,1,0,0
If you’re going to be a psycho you might as well smile and make it look like you’re a happy one.,1,0,0,0,0,0
She was walking like that shoe was up her butt at the club. So tacky and just nah.,0,0,0,0,0,1
"When it gushed out I caught myself saying ""ooof"" out loud",0,0,0,0,1,0
No worries. Glad you like it,1,0,0,0,0,0
"Man, I would cry tears of joy if my two-year-old cousin could just say my name, let alone say a coherent sentence.",1,0,0,0,0,0
My life has been destroyed,0,1,0,0,0,0
There must be some awful things happening right at this second,0,0,0,0,0,1
He hates the Falcon because his dad would leave him all the time on it as a kid,0,0,1,0,0,0
omg pizza time with junko time,0,0,0,0,1,0
I'm honestly surprised you haven't been banned yet.,0,0,0,0,1,0
Wall St is scared of the 2020 Democratic primary.. Good!,0,0,0,1,0,0
[NAME] Almighty. This may be the most empathetic and compassionate reddit thread I've ever seen! Who ever said drunks were mean? Terrible stereotype.,0,1,0,1,0,0
I would say they do because it was a horrible accident but they were also in the wrong. The military tried to get them to disperse they didnt.,0,1,0,0,0,0
This is my favorite wild memory,1,0,0,0,0,0
I both love and hate everything about this,0,0,0,0,0,1
People would still always parry them (600ms) :(,0,1,0,0,0,0
what a shame that online sellers have made malls obsolete,0,0,0,0,0,1
a partner of mine made it -- it's just about my favorite meme ever,1,0,0,0,0,0
"You are grieving a hard loss, and might benefit from some grief therapy.",0,1,0,0,0,0
"Nothing happens. However, I'm glad that ICOs have ceased to appear. ",1,0,0,0,0,0
"Oh damn, it’s gonna hunt me down. ",0,0,1,0,0,0
This is awful and borderline abuse. I can't imagine thinking that's even slightly okay,0,1,0,0,0,0
Sorry. Bad day.,0,1,0,0,0,0
"THE IMAGE ASKS ""WOULD YOU VIOLENCE THIS BABY IF BABY WORE HAT"" THE ANSWER IS ""NEH""",0,0,1,0,0,0
Y’all some sharks. I’m really just out here trying to be hopeful for the future of my team after a heart shattering lost.,0,1,0,0,0,0
You look like 1 of those ISIS fighters got shot in the head,0,0,0,0,0,1
Was getting ready to comment about this one. Was really surprised how much I liked it but can see why it’s not for everyone,0,0,0,0,1,0
That's the reason I am terrified to wear contacts on duty. I'm afraid it'll get stuck between my contacts and eyes and destroy my pupils.,0,0,0,1,0,0
Can you imagine not being able to pick your nose THE WHOLE GAME ! Those poor bastards.,0,0,1,0,0,1
oh my [NAME] that first post 🤢🤢,0,0,0,0,0,1
"I am so very, very happy at your last sentence. If you understand that, you will be permanently free.",1,0,0,0,0,0
I wonder why you're sitting at -2 for that comment. Very strange.,0,0,0,0,1,0
Oh. My. [NAME]. I can’t handle this,0,0,0,0,1,0
Oh cool. Did everything else that got listed not happen either?,1,0,0,0,0,0
"Yep. Two actually. Both older. Brother undiagnosed, sister diagnosed. It’s been a hellish nightmare... ",0,1,0,0,0,0
This mode is dead. Sorry :/,0,1,0,0,0,0
this is a thing? oh no,0,0,0,0,1,0
"Also, he never gets hurt so you can't Robidas the guy. ",0,1,0,0,0,0
Well new years eve people can hit it with some luck in my area haha,1,0,0,0,0,0
"I have never seen [NAME] playing like this! (only started watching this season, not sure about last one)",0,0,0,0,1,0
Wow. Yes,0,0,0,0,1,0
I hate when these crooks say it ain't so cuz it is🇫🇷😤,0,0,1,0,0,0
Weather forecast for Minnesota area. Wednesday -15 to -33. Sunday 43 to 29 and rain. What the fuck?,0,0,1,0,0,0
So THIS is the Bad Place!,0,0,0,0,0,1
That was horrible defending what the hell,0,0,1,0,0,0
"You can't be worse than [NAME], your hired!",0,0,0,0,0,1
I can never refold the paper properly so kudos just for that!,0,0,0,0,1,0
"He can’t do that! Shoot him, or something!",0,0,1,0,0,0
It’s harder when you have kids with the partner.,0,1,0,0,0,0
"Watch your back u/Youareapooptard, [NAME] might hunt you down and burn you alive for that relatively minor insult",0,0,1,0,0,0
"okay, enjoy living in ignorance and hatred",1,0,0,0,0,0
They're so scared,0,0,0,1,0,0
Lol okay. It's not like they're billion dollar organizations that have their own personal agenda. Fine. Enjoy your bubble.,1,0,0,0,0,0
"2000 kid, know cursive but really badly. I have old notebooks that are barely legible because of my cursive lol",0,0,0,0,0,1
"Oh man. Hardest lesson for me to learn as a new dm was that even with experienced players, combat with 7 PCs is brutally time consuming ",0,0,1,0,0,0
There’s a special place in hell for u,0,0,1,0,0,0
Sorry for having a working brain :3,0,1,0,0,0,0
Worst feeling ever,0,1,0,0,0,1
McDonalds without sauce is just sad... you take away my garlic mayo and my barbecue sauce and you take away my soul,0,1,0,0,0,0
I'm slightly ashamed to say I thought that was what the title implied too. Glad that's not the case,1,0,0,0,0,0
I’m thinking it’s from when she was abused when she was pregnant and lost the baby.,0,1,0,0,0,0
They’re so angry!,0,0,1,0,0,0
I can feel that man's feelings and I'm crying,0,1,0,0,0,0
I took a picture of a farmer treating his crops with roundup yesterday.. it was horrifying,0,0,0,1,0,0
kill me. lifes meaningless bc of this,0,1,0,0,0,0
I really felt for this mother. You could tell how frustrated and exasperated she was. Glad she was there to stand up for her kids.,0,1,0,0,0,0
Victimless crime? Fuck you! Sounds like your unrepentant for being a crippling alchoholic.,0,0,1,0,0,0
Putting them away feels so good it’s worth the frustration. Snipers dropped my career KD by like .15 >__<,0,0,1,0,0,0
Some people enjoy their music and their fans for the sake of others opinions.,1,0,0,0,0,0
What did I just read,0,0,0,0,1,0
They just shot up a mall. They’re complete fucking idiots.,0,0,1,0,0,0
Every time I see this it makes me so happy.,1,0,0,0,0,0
I hate that myself,0,0,1,0,0,0
Imagine being born in 1987 and not having been invited to a party since your friend's birthday party in 1999 though :(,0,1,0,0,0,0
This joke is disgusting and offensive. Dictionaries don't contain proper nouns!,0,0,0,0,0,1
"I'm not your buddy, friend. Btw, enjoy the rumble you nice dude. ",1,0,0,0,0,0
"Oh no, her eyebrows",0,0,0,0,0,1
"I'm more than sure we [NAME] lovers feel the same way, her outfits are awful",0,0,0,0,0,1
"All that interesting information and you get 3 upvotes , feels bad man ",0,1,0,0,0,0
I have trouble even remembering what true happiness feels like,0,1,0,0,0,0
I hate that you've forced me to deal with a reality I've been blissfully ignoring.,0,0,1,0,0,0
Tell that to r/Polygrumps (very *VERY* NSFW) dude. They scare me more than this sub.,0,0,0,1,0,0
I’m so sorry for your loss. It’s the smallest things that take up the biggest part of our hearts.,0,1,0,0,0,0
"[NAME] is a terrible writer, a raging narcissist, and not an actual friend to anyone. ",0,0,0,0,0,1
"Well, to them that probably was the polite term! That's funny though lol",1,0,0,0,0,0
I’m that skinny and have so much trouble gaining weight,0,1,0,0,0,0
Cheers! Let's keep it going!,1,0,0,0,0,0
"Kill me, [NAME] ",0,0,1,0,0,0
Ok cheers. I’m banned from there,1,0,0,0,0,0
If you had to think of a way to survive this how the hell would you. Damn,0,0,1,0,0,0
And in the worst fashion possible.,0,0,0,0,0,1
🙄 i hate these people.,0,0,1,0,0,0
"Wow, time to talk to the [NAME] about a FPTP alternative.",0,0,0,0,1,0
"I'm sorry, but that poor kitty looks miserable.",0,1,0,0,0,0
Wow.. You must be fun at parties,0,0,0,0,1,0
I'm so sorry. Hang in there.,0,1,0,0,0,0
[NAME] done fucked up.,0,0,1,0,0,0
You shut your mouth. shut it right now. *sobbing uncontrollably*,0,0,1,0,0,0
"I’d tell her nothing, that freaking weirdo would just never see my kid. The End. Disgusting.",0,0,0,0,0,1
I kiss the shade all dude. His username was trewdat. I miss that guy.,0,1,0,0,0,0
Try reading up. Not going to play these stupid games with a butt hurt Meltzer fan boy.,0,0,1,0,0,0
This helped me when I was in my worst mental state. I'm glad,1,0,0,0,0,0
Being so gullible is the frightening part. durr da durr he downvote me,0,0,0,1,0,0
Baby mama was a comedy about this- but with a much happier ending,1,0,0,0,0,0
He gets to watch boxing for free and get paid for it. It's probably his dream job. I'm happy for him! :),1,0,0,0,0,0
A lot of people call that this is only one they made her sick,0,1,0,0,0,0
[NAME] what an asshole.,0,0,1,0,0,0
"Hey, I bought a few issues of ""Lady Death"" and it was awesome! I wasn't hanging posters though.",1,0,0,0,0,0
"I would be unfulfilled and unhappy. I enjoy meat, thankfully I own my own plot of land and can hunt on it at will.",1,0,0,0,0,0
I watched a really bad horror movie she starred in but I think it predated VPR.,0,0,0,1,0,0
Wow I didn't know it changed your face so it doesn't break rule 1 and 2? /s,0,0,0,0,1,0
"Because people that comment on YouTube videos are toxic, filthy heathens.",0,0,1,0,0,0
I would see a doctor asap and get to a psychiatrist. Hallucinations of any kind are worrisome.,0,0,0,1,0,0
It’s like she’s forcing a fake British accent it’s so strange,0,0,0,0,1,0
"genuinely surprised me, 0",0,0,0,0,1,0
"Thanks, I hate it.",0,0,1,0,0,0
I did not downvote Mate :) In fact I just gave you two upvotes :) Cheers :),1,0,0,0,0,0
*Hey just noticed..* it's your **1st Cakeday** aerosvision! ^(hug),1,0,0,0,0,0
"I'm very glad too. She has been with me for twenty years now, so basically all my life.",1,0,0,0,0,0
"Keep spreading the word fellas. Wishing you all a great 2019, love you guys and the whole community.",1,0,0,0,0,0
I watched a video about fake makeup having rat piss in it. No thank you,0,0,0,0,0,1
"They look like great bros, sorry for your loss <3",0,1,0,0,0,0
Why am I gonna do? Stop the ant? I’m scared of him too,0,0,0,1,0,0
I’m so sorry to hear that! 😂😂😂,0,1,0,0,0,0
You are saying toxic people try to be the victim by calling you toxic.,0,0,1,0,0,0
I perform nostril waxing. It is surprising hardly painful at all. Feels so much better too!,0,0,0,0,1,0
"Easy, stop men from fucking them. Cant be a slut if no one fucking ya right?",0,0,1,0,0,0
[NAME] was a pleasant surprise. It might be something you'll enjoy.,0,0,0,0,1,0
"Breaking news, husband borrows wife's car and should lose their job because of this",0,0,0,0,1,0
"Wow, that was insane",0,0,0,0,1,0
"Good for you, [NAME]! You deserved a nice drink to end a year where you made an impact in peoples lives! Cheers!",1,0,0,0,0,0
OMG what??? ...[NAME] actually showed up for a gig without cancelling with a terrible excuse?,0,0,0,1,1,0
This is one of the dumbest things I’ve read on reddit this year.,0,0,0,0,0,1
I was scared of my room and even when I fell asleep in my bed I would sleep walk into my mom's room,0,0,0,1,0,0
"Oh [NAME]. someone finally posted something I can't bring myself to finish reading, it's too much",0,0,0,0,1,0
Sexual frustration.,0,0,1,0,0,0
YES FUCK THE LEAFS. MAY THEY CONTINUE TO CHOKE IN THE POST SEASON.,0,0,1,0,0,0
omg i cant believe that nifty is still a thing,0,0,0,0,1,0
Yet I still feel lonely doing it...,0,1,0,0,0,0
Rip hot chocolate 2019-2019,0,1,0,0,0,0
Glad you got to see a good one!,1,0,0,0,0,0
Please don’t murder me,0,0,0,1,0,0
I tried doing this for my son but he was afraid of it.,0,0,0,1,0,0
Imagine making a homophobic joke when your name is /u/Lebronlover23 OOF.,1,0,0,0,0,0
"Yeah I probably would've started crying on the spot. Loud, sudden and especially shrill noises are extremely *""cringey""* and uncomfortable and stressful",0,1,0,1,0,0
That is incredibly disheartening.,0,1,0,0,0,0
Oh man this gave me some flashbacks to awesome times playing with my dad,1,0,0,0,0,0
"Seattle has both, and is building a huge extension to the existing light rail system. Traffic is still absolutely fucked.",0,0,1,0,0,0
"No she does not, not alone and not during sex(sadly) ",0,1,0,0,0,0
"Im glad you took that step. Sometimes its really hard making that decision, but im glad you didnt force yourself to be miserable",1,0,0,0,0,0
"I figured this story would end with her screaming, ""I DON'T CARE WHO YOU ARE... THIS IS A CAR.. TAKE ME HOME!!!""",0,0,1,0,0,0
I laughed harder than I should have at this reply. Then the sadness hit me when I realized it wasn't meant to be funny.,0,1,0,0,0,0
French fried when he should have pizza'd and had a bad time.,0,1,0,0,0,0
There is something terrifying about petite crazy girls. LOL. The scariest girl in my middle school probably weighed 90 lbs. Everyone was scared of her.,0,0,0,1,0,0
I really enjoy my job but I get paid $62k I don't know if that's considered high paying but it's plenty for me.,1,0,0,0,0,0
I enjoy therapy...everyone's different I guess...I don't think there really is any other alternative....sexual abuse need professional help.,1,0,0,0,0,0
Surprised they aren't already doing this kind of stuff for Zion.,0,0,0,0,1,0
This is horrific,0,0,0,1,0,0
"I got to see some fish at a science museum not long ago and it really brightened my day, too.",1,0,0,0,0,0
This is why I clean my belly button every day. That’s disgusting,0,0,0,0,0,1
Happy birthday and I'm really glad I won't be feeling like you when you wake up tomorrow,1,0,0,0,0,0
So many of Pokimane’s fans are creepy 30+ year olds. I feel so bad for her.,0,1,0,0,0,0
Ya! It was a bangin’ movie! A super fun ride with characters I cared about.,1,0,0,0,0,0
Kill him the sinner,0,0,1,0,0,0
"Yeah I've been finding it so hard to not eat everything in sight since Christmas. I'm still staying under my TDEE, but I feel nasty. ",0,0,0,0,0,1
[NAME] shitting the bed like a 4 year old with diarrhea,0,0,0,1,0,0
Omg I’d happily live in Cape Town instead of the US!! It’s literally one of my favorite cities on earth!!,1,0,0,0,0,0
Sad/Sweet for her to put in the effort to fake it!,0,1,0,0,0,0
"To be fair, we’re still missing CP3 and [NAME]. This game has been pretty ugly overall though. ",0,0,0,0,0,1
Icing on a cake of sadness.,0,1,0,0,0,0
I think I'm kinda the same way like I change up so much everything I say feels like a lie... See just did it again. Fuck.,0,0,1,0,0,0
"Likewise, Reddit has just gotten strange recently, sorry for misinterpreting.",0,1,0,0,0,0
When it’s read this way it’s way more badass. The way people normally quote it just sounds stupid.,0,0,0,0,0,1
Yes. He was. Fuck off with your bullshit double standards.,0,0,1,0,0,0
Holy shit.,0,0,1,0,0,0
This meme describes how I feel about 2018 pretty accurately. Cheers to a golden 2019!,1,0,0,0,0,0
"It’s crazy how invisible, worthless internet points control us",0,0,1,0,0,0
[NAME] fuckin sucks,0,0,0,0,0,1
You look so happy now 😍 Hope you are doing well and that you get everything good you deserve. ❤️,1,0,0,0,0,0
They still make VCRs? This makes me happy and I’m not quite sure why.,1,0,0,0,0,0
It’s sad that some parents can’t accept some simple mistakes.,0,1,0,0,0,0
"I'm just concerned about [NAME] health. Do you think an old, ugly, fat, stupid person like him should be eating such unhealthy meals?",0,0,1,0,0,0
"I'm scared that they would turn out like me, even if I tried really hard to make them nice. ",0,0,0,1,0,0
$100 says your boyfriend is miserable.,0,1,0,0,0,0
Don't do that i think its dangerous,0,0,0,1,0,0
this is so sad Alexa play despacito,0,1,0,0,0,0
Burn themall!!!!,0,0,1,0,0,0
Sir that is a popular opinion. I'm too afraid of what sort of trade will happen to want one.,0,0,0,1,0,0
"I’m surprised it was uploaded today, especially since he uploaded a video just a few hours ago",0,0,0,0,1,0
Damn it.,0,0,1,0,0,0
I actually enjoy watching this while eating,1,0,0,0,0,0
I miss SFist's Apartment Sadness column.,0,1,0,0,0,0
you just use the word weird like that's all there is to it. weird isn't the issue. the issue is garbage,0,0,0,0,0,1
Burn it! er uh give it to your priest to burn it!,0,0,1,0,0,0
How dare you disrespect [NAME].,0,0,1,0,0,0
"ah, ok! i'm afraid i do, i just didn't realise that's what it meant (so old i am going stupid....)",0,0,0,1,0,0
"Or more aptly ""OHHHHH FUUUUUuuuck"" As you see me run away.",0,0,1,0,0,0
stop hurting my feelings,0,1,0,0,0,0
This was a hate crime. Cut and dried.,0,0,1,0,0,0
[NAME] has to have a shot. Tough son of a bitch. Also [NAME] = [NAME].,0,0,1,0,0,1
Theres the link I use you stupid fuck get the fuck off my post you fucking shill,0,0,1,0,0,0
"Yeah that’s a bit odd, wouldn’t be surprised to see that change come gametime unless [NAME] is shook or something.",0,0,0,0,1,0
I'm painfully aware of that having bought a FreeSync monitor with my Nvidia graphics card.,0,1,0,0,0,0
"I hated him too, just keep watching. Every character has their own personal journey which is such an admirable aspect of this show.",0,0,1,0,0,0
"For real though, I do apologize. That's a bad run of luck for sure, it's such a rare syndrome ",0,0,0,0,0,1
OH [NAME] I CAN'T TELL ANYMORE!,0,0,1,0,0,0
Surprising you choose to believe things that aren’t true 🤔,0,0,0,0,1,0
"The worst thing about this is, there is a good joke hiding deep down somewhere. Someone just used a jackhammer to retrieve it",0,0,0,0,0,1
I’m wondering the same; something seems weird about that interpretation of the law,0,0,0,0,1,0
"Withdrawal, psychic-shattering, and other activist groups, the principle is very sad.",0,1,0,0,0,0
"I'm terrible sorry, /u/bookluvr83, but I'm afraid I must join up with the giving-you-crap-for-not-liking-brownies bandwagon. ^kidding ^^^kinda",0,0,0,1,0,0
"Yes. It feels sharp and hurts in the chest sometimes. It will pass, but it freaking sucks. I'm here to listen, if you want❤",0,1,0,0,0,0
"I love how nobody posting here to decry the buzzfeed article is using their actual accounts, they’re all throwaways. Cowards. Just like your felonious President.",0,0,1,0,0,0
Yeah its too bad that there was someone at a university who wanted to research this and he got shut down.,0,1,0,0,0,0
Reality is often disappointing,0,1,0,0,0,0
Do you fucken mind,0,0,1,0,0,0
"ah thats my bad, she just finished the blog and im sharing it around, one sec and ill edit it. ",0,1,0,0,0,0
I'm glad to see I'm not the only one who snorted at it!,1,0,0,0,0,0
Can we put down weed bro? He’s faced too much suffering.,0,1,0,0,0,0
That sounds a little paranoid,0,0,0,1,0,0
A 12 million sub channel has value. Wouldn't be surprised if it's been hollowed out ready to be sold and rebranded.,0,0,0,0,1,0
"He was cut yesterday, unfortunately",0,1,0,0,0,0
Have fun.,1,0,0,0,0,0
I also love this decline in bch prices. Cheers.,1,0,0,0,0,0
Free with a price of $600+ if you want full standard collection or maybe $300+ if you grind with no life. What a deal!,1,0,0,0,0,0
that day humanity received a grim reminder,0,0,0,1,0,0
happy to help,1,0,0,0,0,0
"""Didn't know you can predict the future""",0,0,0,0,1,0
God [NAME] is awful,0,0,0,0,0,1
Well you're lying about my pun being better bitch,0,0,1,0,0,0
Thank you. I’ve been feeling a bit better since they make people happier.,1,0,0,0,0,0
So can relate. Hot to the point I hated feeling good because it wouldn't last. Might as well enjoy the moment!,1,0,0,0,0,0
Nope. Sadly early 30s,0,1,0,0,0,0
3h late comment. have fun at school !,1,0,0,0,0,0
Glad to hear it. You deserve your best life without that abuse and negativity.,1,0,0,0,0,0
"Nah, you’re pretty fucked given the amount of weed you smoke and the fact you’re planning on finishing your 1.5 grams before the test.",0,0,1,0,0,0
"True! Remember the geocentric universe? Oh man, they even put [NAME] in jail. What a hoot!",0,0,0,0,1,0
"Damn, but I’d miss my mother. Then again she’d be all happy in her heaven. The rest of us can party. ",1,0,0,0,0,0
one of them shotting 22lr if I recall? Heck most the worst used a pistol ether exclusively or with a shotty too,0,0,0,0,0,1
"No, YOU’RE crying!!!!",0,1,0,0,0,0
She reminds me of my crazy sister. Just a ball of nervousness and constantly just on the verge of crying.,0,1,0,0,0,0
Happy cake day man,1,0,0,0,0,0
Leave me alone :(,0,1,0,0,0,0
"The no rape was my favorite part, so glad people agree",1,0,0,0,0,0
[NAME] is ruining the Pittsburgh Steelers culture...don't fucking @ me. Sinking fucking ship,0,0,1,0,0,0
[NAME]! You made me the happiest girl that could eva be!,1,0,0,0,0,0
[NAME] damn cummonists,0,0,1,0,0,0
This comment is fucking cringey lol why the fuck do you talk like that,0,0,1,0,0,0
"Oh, the ""Thomas the nuclear bomb""? That scarred me.",0,0,0,1,0,0
"I'm glad I decided to watch this. Intense, entertaining football with an expert demonstration of how-not-to-use-VAR thrown in for free.",1,0,0,0,0,0
"Day one of new job official duties on the books. I survived! One day down, 35 years to go... :]",1,0,0,0,0,0
"More like 11 feet up, but still painful. ",0,1,0,0,0,0
I suspect wilful idiocy to sell books and merchandise to the even more idiotic.,0,0,1,0,0,0
Woah... I'm shortsighted and I can get 2 pairs of glasses for €149. $500 is insane!,0,1,0,0,0,0
Surprised there isn’t more of this lol,0,0,0,0,1,0
"Well, I bought cheese when I went, and was shocked at the great variety and lower prices. That probably skewed my view.",0,0,0,0,1,0
are u ugly?,0,0,1,0,0,0
"Amazing, I would also be deeply in love. So happy for you Hun. Enjoy every bit💕💕",1,0,0,0,0,0
Nice job. I'm surprised not a single one of them used their CC immune ults or had beads. That is usually really important in assault.,0,0,0,0,1,0
Same. All other map on OG with SSD were fine. [NAME] drops and it's terrible.,0,0,0,0,0,1
"Had a great time playing overwatch, but only *some* of us were getting too drunk for everyone's entertainment >.>",1,0,0,0,0,0
Who the hell has all these power tools but no hammer,0,0,1,0,0,0
I can barely remember when it was even possible to find shit that horrible,0,0,1,0,0,0
"Also the reason for last year, playing him as a cb was necessary but proven to be a terrible position to be in.",0,0,0,1,0,0
>[NAME] One of the most horrifying stories I've ever heard of: the mom should be in psychiatric care and the doctor thrown in jail IMO.,0,0,0,1,0,0
Sadly this story has died down why is he bringing it back up. Just let it die.,0,1,0,0,0,0
"YEAH, YOU MOTHERFUCKER",0,0,1,0,0,0
What the fuck is that horrifying picture,0,0,0,1,0,0
[NAME] and [NAME] for [NAME] then sign [NAME] afraid this battle station is fully operational,0,0,0,1,0,0
Eww that would mean creating a facebook account.,0,0,0,0,0,1
"Except for ""fighting liberalism"". Happy cake day.",1,0,0,0,0,0
"Aha! This is my fear, that the gloss over key elements because they want to target a wider audience!",0,0,0,1,0,0
I feel the same at 5 feet 9. Feels bad,0,1,0,0,0,0
The Square. The gross pretentious privilege in this film made me want to puke.,0,0,0,0,0,1
Yep. Seriously painful to read,0,1,0,0,0,0
Shithole universe i mean.,0,0,1,0,0,0
"if we follow this pannel she is non existent and you are just allucinating, im sorry to bring the sad news ",0,1,0,0,0,0
"😀ahhh I see what you did there, clever.",1,0,0,0,0,0
That's sad. You can be acquaintances with women. Not like you are driving them to the nail salon or something .,0,1,0,0,0,0
It’s fine. Baby boomers are always angry,0,0,1,0,0,0
"I’m broke, dealing with my own mental illness, and immediately concerned with just keeping the peace.",0,1,0,0,0,0
Oh I missed that part. So the cheeky poster was referring to that crash. ;0,0,0,0,0,1,0
"If this is the kind of game you enjoy, you should REALLY check out Blades in the Dark!",1,0,0,0,0,0
Which was in 2017. Enjoy your loss and shush. You'd think having 1 win in a month would humble you...,1,0,0,0,0,0
"That's totally my focus for today, just enjoy the day and being there for myself :) it's so liberating.",1,0,0,0,0,0
"Say it louder! I'm sick of these leeches, too.",0,1,0,0,0,0
"Ooooof, that’s annoying. I’m sorry.",0,1,0,0,0,0
Someone tell me why they are out passing us they taking the game to us when we should be controlling the tempo of the ball to keep the lead.,0,0,1,0,0,0
"So, [NAME] and [NAME] are over? Have to wonder why he thought marrying a 19 year old was the best thing to do!",0,0,0,0,1,0
"Well I'm glad the whole coffee vs beer exchange was the most accurate part of the episode. When it comes to accents, anyway...",1,0,0,0,0,0
Going to get hard for everyone after brexit,0,1,0,0,0,0
He is warped by porn. He's got a problem,0,1,0,0,0,0
Zionism is the ISIS of [RELIGION]. Brainwashed idiots like ISIS.,0,0,1,0,0,0
Sorry don’t follow you.,0,1,0,0,0,0
So cynical! 🙄 😂,0,0,0,1,0,0
The fact that they're flying their drone in the rain gives me anxiety.,0,0,0,1,0,0
"dude, thats grave danger for sure. thats terrifying. he was a predator for young men interested in sports cars. luring in for diabolic purposes!!",0,0,0,1,0,0
Your friend should be disowned by their family,0,0,1,0,0,0
> 333 Brothers and sisters are here now So much cringe.,0,0,0,1,0,0
"That looks like before Fox even owned it, I was surprised to see it's almost been 30 years",0,0,0,0,1,0
I'm just happy anybody's talking to me. I'll listen again :-),1,0,0,0,0,0
"Please get your soy away from me, i’m allergic.",0,0,0,0,0,1
Those women are the worst.,0,0,1,0,0,0
"Or maybe he does, and that’s why he scared of people thinking that; he’s afraid of people finding them out.",0,0,0,1,0,0
"22 points in 41 games with a pretty shitty Utica squad, first full year in NA... yeah I don’t want another Dahlen debacle ",0,0,1,0,0,0
"Childhood is happiness. After that the rest of your life is spent chasing that feeling, a feeling that you’ll never experience again ",1,0,0,0,0,0
I died a little inside watching all of that champagne go to waste.,0,1,0,0,0,0
Holy shit I think I see cheekbones.,0,0,0,0,1,0
"If someone has tithed 10% their entire life, fuck off with requests like this.",0,0,1,0,0,0
This bit was more fun than it should have been.,1,0,0,0,0,0
Damn that’s a big F from me :(,0,0,1,0,0,0
Uuuuh I bet they look sick :D,0,1,0,0,0,0
"Bruh, fake music was the fucking best, wish we could go back.",1,0,0,0,0,0
FaceTime with wifey!! Happy anniversary!,1,0,0,0,0,0
Yeah the non guarenteed packs are really the worst. I think I did 2/20 on those.,0,0,0,0,0,1
OH [NAME] THAT'S TERRIFYING SOMEBODY SAVE US ^/s,0,0,0,1,0,0
OLD can be a dangerous place. Gotta stay safe somehow!,0,0,0,1,0,0
"Wow, you are quite the romantic...",0,0,0,0,1,0
The only thing keeping me warm in this subzero temperature is my fucking hate for [NAME].,0,0,1,0,0,0
"I'm very sorry for u, they should treat you like royalty not a fleshlight",0,1,0,0,0,0
Wow that’s a fascinating belief,0,0,0,0,1,0
"That ""Hard work"" usually involved the junkrat pressing Q so I'm not about to shed tears",0,1,0,0,0,0
I cringe at every part of all of this,0,0,0,1,0,0
[NAME] I hate Twitter,0,0,1,0,0,0
I'm not really interested in collecting them but I do enjoy watching videos of people who restore old hotwheels.,1,0,0,0,0,0
Fuck her... don’t live to make your parents happy,0,0,1,0,0,0
I've always hated the 610/45 interchange. Everyone slows to a crawl when there is no need to slow down.,0,0,1,0,0,0
"The real worst though is when she says, ""I love you more"" 100% seriously.",0,0,0,0,0,1
Absolutely brutal.,0,0,0,1,0,0
I get abused on the daily fam ‍♀️‍♂️‍♂️‍,0,1,0,0,0,0
I never understood the real harm until I started reading about childhood emotional neglect and how much it affected me. It's very common with nParents.,0,1,0,0,0,0
Fuck your husband,0,0,1,0,0,0
Same. And then cried a little.,0,1,0,0,0,0
No clip? Screenshot? Picture at all? Sounds fake as hell,0,0,0,0,0,1
"Relatedly, my legs are lean because I run away from my problems.",0,0,0,1,0,0
Lmao!!! 🤣 He does look rather greasy.,0,0,0,0,0,1
"Wow amazing, anyone know where can I find more at higher resolution?",0,0,0,0,1,0
It's harder to find a decent picture of him,0,1,0,0,0,0
That would be really rough. However she is so incompetent I wouldn’t be surprised if she self immolates,0,1,0,0,0,0
I think you might be underestimating some people sadly.,0,1,0,0,0,0
[NAME] just ripped his jersey. He’s frustrated as hell right now,0,0,1,0,0,0
Gratzy-Gratzy. You have a brought a great joy to this old Italian stereotype.,1,0,0,0,0,0
You're back but you're still broken.,0,1,0,0,0,0
I miss their 100 Octane petrol...,0,1,0,0,0,0
"Exactly, or they thought he was saying it jokingly. The delusion these men live with continues to amaze me",0,0,0,0,1,0
I can’t translate /s to Texan speak well and forgot so my apologies y’all :),0,1,0,0,0,0
Occupation badges are dumb and I’m sad they made the transition to OCP.,0,1,0,0,0,0
"unrealistic, the little fuck didn't taunt post-kill",0,0,1,0,0,0
This spoke to my soul. I might cry 😭. I really do run away from my feelings,0,1,0,0,0,0
It's weird. You might be right to worry.,0,0,0,1,0,0
"I'll chase you till the ends of the eaaaaarth, Shooooooooooooooooooooooooooocker!!!!!!!",0,0,1,0,1,0
"I literally, like, hate people like that.",0,0,1,0,0,0
Don't judge our love,0,0,1,0,0,0
"Yes,on top of that feel like vomitting,can't breathe and thinking I will faint.",0,0,0,1,0,0
With the way [NAME] carried himself in Hard Knocks I wouldn’t be surprised if he flew off the handle during his firing.,0,0,0,0,1,0
"Not only does the overbooking hurt the customers financials and time, but violations like this one put lives in danger.",0,1,0,0,0,0
"My childhood horse died due to twisted intestines. Very traumatizing, since he crawled over and put his head in my lap at the end.",0,1,0,0,0,0
Wasn’t there a video of the exact same dude kicking down a fucking tree????,0,0,1,0,0,0
I'm glad you liked it :D,1,0,0,0,0,0
"Sadly, I don't have insurance so unless I'm bleeding out I won't be getting medical help.",0,1,0,1,0,0
Dear lord this woman is awful,0,0,0,0,0,1
"No I don't, but I'm assuming they are true for arguments sake Why is more stress relevant or bad? ",0,0,1,0,0,0
"Me and friends just got Vermintide 2, and it isn't an MMO but it solves a lot of MMO problems we had. Quite fun so far.",1,0,0,0,0,0
This is cursed,0,0,1,0,0,0
Ok. Believe what you want. Have fun starving to death.,0,0,1,0,0,0
Sad but true,0,1,0,0,0,0
I'm scared for her. The Saudi government has proven to be very brazen in its disrespect for international law.,0,0,0,1,0,0
Oh that’s so sad that she thinks anyone cares about her opinion,0,1,0,0,0,0
Oops! The bottle was so oily it slipped outta my hand and into the trash!,0,1,0,0,0,0
[NAME] I want to get that ~~monkey~~blackhawk off our back so bad.,0,1,0,0,0,0
"I can deal with pupper and doggo in moderation but heckin, hooman, fren all make me irrationally angry.",0,0,1,0,0,0
"A 2-day old account, and this is how you decided to use your time? Trolling the teacher subreddit? Ok dude...",0,0,1,0,0,0
Better slap that car roof.,0,0,1,0,0,0
"I'm shocked, shocked, to find that redditors don't read sources and stay with the info they get from the misleading titles. ",0,0,0,0,1,0
Yeah feel bad for people paying 200 to watch this crap. Better hockey watching my sons novice games.,0,0,0,0,0,1
You just made me so happy.,1,0,0,0,0,0
The level of denial the top boys reached was astonishing.,0,0,0,0,1,0
I'm still a little surprised at how god awful that defense was. The Bengals definitely have some talent to work with.,0,0,0,0,1,0
great for on the go! but i’ll always smoke glass if i’m home :),1,0,0,0,0,0
"Wow. AP should find that video and flag whoever did that...deep, scary issues at play",0,0,0,1,0,0
"I felt a great disturbance in the Force, as if millions of voices suddenly cried out in terror and were suddenly silenced.",0,0,0,1,0,0
You look like a failed attempt to gene splice [NAME] and [NAME] DNA,0,1,0,0,0,0
Holy shit. Those guys are scumbags. I'm so sorry you had to go through such an awful roleplay.,0,1,1,0,0,0
Damn that coyote was a fucking noob.,0,0,1,0,0,0
“Enjoy your dinner”,1,0,0,0,0,0
I can't not pick Savor the Flavor when playing Stitches though. It's just too damn fun.,1,0,0,0,0,0
And then you got a little vacation from work too! :D,1,0,0,0,0,0
"Wow City all of a sudden not so invincible anymore, have as many defeats as us now...",0,0,0,0,1,0
Happy for you!,1,0,0,0,0,0
I think you may just be an asshole/moron bud... sorry.,0,0,1,0,0,0
I love how the dog is just happy the cat is giving him attention.,1,0,0,0,0,0
Wow! Dude has aged well. Maybe I need some of that snek oil!,0,0,0,0,1,0
It does infuriate me.,0,0,1,0,0,0
DELETE THAT SCREEN SHOT! NOW!!!,0,0,1,0,0,0
OMG I looked at this they're coming I can hear the boots.,0,0,0,0,1,0
Wow. As much as I like pizza I would get sick of it if I were to eat it every single day.,0,0,0,0,1,0
I absolutely hate the guy. Can't stand him. But we live in country with laws and he broke none. I think lynch mobs are more gross,0,0,1,0,0,1
"Well that didn't take long, sorry for your loss :(",0,1,0,0,0,0
How dare the russian government expose the DNC and its corrupt behavior!!!!!,0,0,1,0,0,0
"The only thing worse than this guy, is an actual vegan lecturing random strangers on why meat is murder. ",0,0,0,0,0,1
Because prostitutes clearly can't be raped or kidnapped. It's so horrifying that our society still believes this.,0,1,0,0,0,1
*The Daily Wire.* Lol.,1,0,0,0,0,0
"""Yeah look"" like a toddler being surprised by his own genitals",0,0,0,0,1,0
"Not really, in my mind it was continuous cringe that I was always curious about",0,0,0,1,0,0
I feel bad for these guys. I'd like to be able to help ex-mos in trouble.,0,1,0,0,0,0
Weird flex but ok,0,0,0,0,0,1
They’re more and more surprised every week when this is reposted.,0,0,0,0,1,0
I'm lost here,0,1,0,0,0,0
I know I've heard this phrase before but it's driving me crazy not remembering what it's from Please save me from my torment,0,1,0,1,0,0
Everyone’s freaking out about our OC. Our need for O-line is more substantial imo,0,0,1,0,0,0
Yeah but how is that even possible if 99% of girls who are out are with friends? That’s pretty intimidating,0,0,0,1,0,0
You’re a women hating racist. That’s what you are. Stop talking shite and trying to pretend otherwise,0,0,1,0,0,0
I'm surprised [NAME] hasn't had a chance to be called up,0,0,0,0,1,0
...and show some respect to her parents!,0,0,1,0,0,0
It’s one of my worst nightmares to have skin like that...I hope that person gets actual help,0,1,0,0,0,0
I like how the last picture is of [NAME] beaming smile and not even so much about the tattoo at all.,1,0,0,0,0,0
Hey guys. Just made some dinner. Came to see the game and check ohhhhh my god.,0,0,0,0,1,0
NOO HES SO ANGRY,0,0,1,0,0,0
It’s called concern trolling. Don’t be so gullible and quick to politicize everything.,0,0,1,0,0,0
"A surprise, but a welcome one",0,0,0,0,1,0
*Hey just noticed..* it's your **2nd Cakeday** yosoyjackiejorpjomp! ^(hug),1,0,0,0,0,0
So many nice things here. Good vibes. Enjoy your cake day and weekend. ✌,1,0,0,0,0,0
New Title Idea : Man gets assaulted for voicing his (albeit awful and disgusting) opinion.,0,0,0,0,0,1
Poor fish :(,0,1,0,0,0,0
All good brother,1,0,0,0,0,0
Just for recreational use? Glad you are having a change of mind though,1,0,0,0,0,0
"I pirated this movie last night and can confirm: it's truly awful. Not just lacking in good, but *aggressively* bad.",0,0,0,0,0,1
Is that were its from ? All i know is since i was young that is scary af !,0,0,0,1,0,0
In what fucking world is this drawing not bad,0,0,1,0,0,0
Hulu is awful for this. The volume on their commercials is deafening.,0,0,0,0,0,1
Ngl the entire first order feels like a joke...,1,0,0,0,0,0
Wow. You basically found my dream woman and gave her up.,0,0,0,0,1,0
You know I’m sad the [NAME] hype is over because I actually think he’s been really good for us overall. I still trust him.,0,1,0,0,0,0
"When the gov shut down under [NAME] many were calling for his resignation. This is similar, but people already hate [NAME] so obviously people are more angry.",0,0,1,0,0,0
"That is so creepy and scary. Imagine if he really was a Dr, and the only one available in your hmo.",0,0,0,1,0,0
I’d be afraid to get high after that yo,0,0,0,1,0,0
"This is a person who has clearly danced a lot, I wonder what happened ",0,0,0,0,1,0
>How do you know I didn't Because you posted this dumbass post. And only someone who didn't would say that,0,0,1,0,0,0
ooh man I miss OutKast. brings me back to my childhood,0,1,0,0,0,0
"I was assaulted by my father once too. Please don’t hate yourself, it was not your fault. It was his doing. ",0,1,0,0,0,0
Omg! Sounds like [NAME] was right about calling [NAME] a weirdo! That is so so odd!,0,0,0,0,1,0
Oh [NAME] this is atrocious... I think I'm in love,0,0,0,0,1,0
then its lost man. So sad!...its terrible,0,1,0,0,0,0
wtf i hate [NAME] now,0,0,1,0,0,0
> super model strange Oh man,0,0,0,0,1,0
Only issue I have is that tiramisu is a beautifully layered cake and all of that is hidden by the container,0,0,1,0,0,0
"Sorry, ""semi"". Happy?",0,1,0,0,0,0
its disgusting where our society is. free tube sites need to be banned,0,0,0,0,0,1
"Oh my [NAME], is this the new transphobia specific ""Post Hog""? Because it really should be.",0,0,0,0,1,0
wow...u wanna say u were never toxic and u never rage okay if u can t do what I asked just go away ok???,0,0,0,0,1,0
I like how they roll,1,0,0,0,0,0
You cant.Its the idiot civilian drivers fault for probably just staying behind him like a zombie. Unless they come out with heated trailers soon.,0,0,1,0,0,0
Don’t worry it will work at some point haha.,1,0,0,0,0,0
"I should have known better, its obviously not a juul. I was just happy to see Oliver Tree tbh ",1,0,0,0,0,0
this is the perfect example of something that is a terrible combination without being outright disgusting.,0,0,0,0,0,1
that was an awful open shot....,0,0,0,0,0,1
Ah ha!,0,0,0,0,1,0
All the centrist liberals in the comments are furious...,0,0,1,0,0,0
"Don't blame me, I voted for Kodos.",0,0,1,0,0,0
Right... so true. I’m sorry you’re going through this too.,0,1,0,0,0,0
And that wig is awful,0,0,0,0,0,1
"Such a shame. Her butt was pert, cute and perfect in her Vogue days. Yes, I am showing my age.",0,0,0,0,0,1
Fuck no i wanna kill the living shit out of [NAME],0,0,1,0,0,0
Glad we got that criminal off the streets! No-good [NAME]. Tsk tsk,1,0,0,0,0,0
"My girlfriend's creepy uncle gets extremely triggered when I point this out, or that a lot of conservatives are gigantic fudds.",0,0,1,0,0,1
Yes!! THANK YOU. I’m happy the point of this story was not lost among all.,1,0,0,0,0,0
"Had the item hit you, I would have asked security to hold them, for you to press charges for assault. No one should be entertaining that foolishness",0,0,1,0,0,0
"Poor lady, she was the mother of a friend of my wife, and she went to school with my father in law :(",0,1,0,0,0,0
"Wow your sister is in abusive relationship, cool. ",0,0,0,0,0,1
"Which sucks, because it's a *bitch* to find replacements for those.",0,0,1,0,0,0
I'm sorry that happened. Was her hospice nurse aware that she was suffering?,0,1,0,0,0,0
"No, this is not polyamory. It's assholery.",0,0,1,0,0,0
Hard to believe we scored like 8 points through the first 6 minutes.,1,0,0,0,1,0
Sad but true lol,0,1,0,0,0,0
Cake! Happy days!,1,0,0,0,0,0
"Shut up, don’t block the sanctimony train.",0,0,1,0,0,0
[NAME] is unbearable. I wish [NAME] had killed her.,0,0,1,0,0,0
That fucking Mills charge is FUCKING BULLSHIT,0,0,1,0,0,0
I’m sorry. Your city blows.,0,1,0,0,0,0
That’s awesome man!,1,0,0,0,0,0
"Meh, the liga that we all knew and loved went away when [NAME] fled to Italy",0,1,0,0,0,0
And Meteor Man Edit: Hancock was a superhero movie too even though it was terrible.,0,0,0,0,0,1
Who the hell has reddit in anything other than dark mode ??,0,0,1,0,0,0
"People who WANT a border wall: idiots, racists.",0,0,1,0,0,0
that's horrifying,0,0,0,1,0,0
"Seriously, check his food. It is upsetting his stomach.",0,0,1,0,0,0
Wow! That takes guts! I’m so squeamish that I can hardly stand getting a shot 😂,0,0,0,0,1,0
Poor wee thing is probably terrified somewhere.,0,0,0,1,0,0
"You're just lonely, dude. Don't mix that feeling with love.",0,1,0,0,0,0
I can’t tell who’s wooshing who but I’m afraid to ask by this point,0,0,0,1,0,0
Actually pretty surprised that they made it fit as well as this.,0,0,0,0,1,0
Dan cool and rich,1,0,0,0,0,0
I am pleased to report that my 5 win streak was broken.,0,1,0,0,0,0
[NAME] is a moron. Why take the ball away from your best player and give arguably the best RB in the nation the chance to run it out.,0,0,1,0,0,0
Omg I just finished and I'm in awe...,0,0,0,0,1,0
Me too. I have so much shit and I can’t imagine taking any of it into my car and piling it that high. Wtf?,0,0,1,0,0,0
it’s what i would have wanted if i was a parent so yeah i’m glad i did something,1,0,0,0,0,0
"Then there you have it. From everything I have seen thus far, this game is doomed. I hate saying that.",0,0,0,0,0,1
But then you regret it because you realize you secretly liked the attention. Just bottom things.,0,1,0,0,0,0
Happy cake day brother!,1,0,0,0,0,0
"I am serious, and don't call me [NAME].",0,0,1,0,0,0
And other hilarious lies you can tell yourself...,1,0,0,0,0,0
"Wow that is one part disgusting and another part a huge waste of time for expecting an entertaining payoff. Warning, this video also includes spoilers for the latest Avengers.",0,0,1,0,0,1
i used to do this a lot when i was younger lmao glad to see my vision wasnt just mine,1,0,0,0,0,0
Shit he gets too close to a girl and she's liable to hit him with roach spray.,0,0,1,0,0,0
"Haha I’m not expecting anything at considering they’re 2,000 miles away from me. I’ll be surprised if she does give me numbers,",0,0,0,0,1,0
"Boston sports doesn’t deserve anymore titles, fuck the pats",0,0,1,0,0,0
"one dude puked on my patio, he fell out at 2am! weak!",0,1,0,0,0,1
You will also be removed from a jury if you utter anything about it.,0,0,1,0,0,0
Oh go fuck yourself with your BS generalization.,0,0,1,0,0,0
Most likely shock that had him so comatose.,0,0,0,0,1,0
"Wow dad, you took a baptismal for me",0,0,0,0,1,0
I'm a danger to myself,0,1,0,0,0,0
"I’ll miss you, [NAME] Today is a sad day for our high sock loving brethren [NAME]",0,1,0,0,0,0
"It's sad, but yes, zero. ",0,1,0,0,0,0
*Hey just noticed..* it's your **5th Cakeday** [NAME]! ^(hug),1,0,0,0,0,0
"In reality the kid said: “fuck off noob, Genji grandmaster main here boiii”",0,0,1,0,0,0
You’re an angry elf,0,0,1,0,0,0
Wow 40 years at 18 wow how unfortunate.,0,0,0,0,1,0
? sometimes i play ffa with my friends to have fun,1,0,0,0,0,0
It's also cruel how noone is informed about the execution at all. Relatives are left completely in the dark and likely never find out about their execution.,0,0,0,0,0,1
"Yeah i know, i'm just stating why it slipped my mind, i'm glad you brought it up. ",1,0,0,0,0,0
There’s a weird [NAME] version of this where the person falls and finds [NAME],0,0,0,0,0,1
1) I think my least favorite thing our kid has done would be spit up in my mouth. 2) Vomit is worse than spit up,0,0,0,0,0,1
">For those of us who stay, there may be more unhappiness than happiness. Probably the saddest thing I ever heard. ",0,1,0,0,0,0
"Damn, that was dirty.",0,0,0,0,0,1
How about breaking into tears whenever one of your friends tells you they trust you because you never understood what trust meant,0,1,0,0,0,0
"""We should be happy that we moved from 4th to 5th""",1,0,0,0,0,0
This is his worst season since his rookie year,0,0,0,0,0,1
It really is. I didn't know a thing about the feud and it caught me off guard how brutal it was. Enjoyed it a lot though.,1,0,0,0,0,0
"Wow, that was fast",0,0,0,0,1,0
Shameless karma whoring.,0,0,0,0,0,1
No. I wishm Why did I stop? Kids work and money. Not a minute to myself,0,0,0,0,1,0
"Ew her text is touching her photo, what a slut",0,0,0,0,0,1
I enjoyed [NAME] intermission report where he was very low energy until the end when he squeaked out a HI MOM =D because he's the best,1,0,0,0,0,0
"Yeah, all the stun cannonballs are horrible. ",0,0,0,0,0,1
Ashamed of being British,0,1,0,0,0,0
I actually have the complete collection so I can play any of them when I want to!,1,0,0,0,0,0
That’s sex discrimination. The male class has their own bathrooms but the female does not.,0,0,1,0,0,0
You sound like my gf. I'm so lucky to have her in my life.,1,0,0,0,0,0
Very scary.,0,0,0,1,0,0
Could also be an overwhelming guilt in the heat of the moment. Probably hard to stay rational when you realize you've killed your own friend on accident.,0,1,0,0,0,0
"Sad really. Are they really that threatened by people speaking a language? We all speak English everyday, not like we do for sectarian reasons.",0,1,0,0,0,0
Wait there are more psychopaths in this world than are diagnosed? Color me shocked,0,0,0,0,1,0
It's kinda sad knowing that ibises are only scavenging our bins & rubbish due to their natural habitats drying out.,0,1,0,0,0,0
Holy shit! Did not see that coming! Gonna miss you [NAME] :(,0,1,0,0,1,0
Biting the hand that feeds them,0,0,0,0,0,1
"I remember just feeling sick watching this, [NAME] made me cringe hard, I found [NAME] hilarious and ru looked terrible ",0,0,0,1,0,0
I prefer console and most of my friends play cod. I still enjoy gbs every year,1,0,0,0,0,0
"I'm so happy that this worked for you! Go forth, and have unashamed sex in my honour.",1,0,0,0,0,0
Today on someone flamed me in chat,0,0,1,0,0,0
"fucking melb transport. I knew it would go to shit today because of the heat wave, and it did. the only bad thing about this city.",0,0,1,0,0,0
It's a photograph with one of our greatest ever defender and captain. What's your problem?,0,0,1,0,0,0
"[NAME]? He's an absolute fool. If we need a coach to destroy our organization from top to bottom, he's the man.",0,0,1,0,0,0
I was 10 years old when this happened and seeing her heartbroken dad on tv and hearing her story still haunts me.,0,1,0,1,0,0
Stop it. You're giving me that warm fuzzies now.,1,0,0,0,0,0
Dirty secret. They retired the decks until they got a doozy.,0,0,0,0,0,1
Absolutely. It's exhausting.,0,1,0,0,0,0
"I'd understand if it was because of his conduct, but because of money? We're the Yankees, what the fuck man",0,0,1,0,0,0
Im so glad I grew up killing infants at hospitals instead of being on my nokia,1,0,0,0,0,0
I wondered what'd happen if I was away for too long from camp. So cool this happens,0,0,0,0,1,0
"Wonder if her steel balls make the same sound, clanging together, when they're frozen?",0,0,0,0,1,0
And sock puppets. Wow. Nothing out of you is in good faith.,1,0,0,0,0,0
Don’t forget sports gambling. THEN we’ll be happy.,1,0,0,0,0,0
*All I want is to be left alone* *In my average home* *But why do I always feel* *Like I'm in the Twilight Zone?*,0,1,0,0,0,0
An online poll that the Berners didn't manage to swarm? Color me shocked.,0,0,0,0,1,0
"Yeah, sorry for that one. Some opportunities are too good to pass up.",0,1,0,0,0,0
"Say thos: mom, dad, she's busted. Respect my wishes!",0,0,1,0,0,0
I actually want to die rn. I don't want to watch the SB but I know I'm going to.,0,1,0,0,0,0
The part where he carries her to the car had me howling! Poor guy was stumbling with the weight he obviously couldn’t handle,0,1,0,0,0,0
Breaking News: Man Write Op-Ed About What’s Bad For Women,0,0,0,0,1,0
"I have seen this gif like once a week for a year, and I still cringe every time. ",0,0,0,1,0,0
"That was such a bad yellow, he had the height and positional advantage such a bad challenge",0,0,0,0,0,1
I'm so happy you said this. I just accepted that I was going crazy.,1,0,0,0,0,0
She's passed away.,0,1,0,0,0,0
Wow. You don't have any self control?,0,0,0,0,1,0
"Sounds like my SIL with me/hubby. But she's a bitch and we never liked her anyways, so neither of us really care lol. ",0,0,0,0,0,1
"I'm wondering how many players have ""PhD In Punishment"" -comment unironically.",0,0,0,0,1,0
Who is bored? I happily entertain myself.,1,0,0,0,0,0
"Yeah suck it, California",0,0,1,0,0,0
I feel personally attacked.,0,0,0,1,0,0
"[NAME] can’t you see, you’re being way too loud for me",0,0,1,0,0,0
He must really hate changing dies.,0,0,1,0,0,0
You seem fun.,1,0,0,0,0,0
"Same here, she left the house we bought and is giving me till the end of the month. Woooo",0,0,0,0,1,0
"But still, crying ""castrate all pedophiles"" because they could be potential rapists is like crying ""kill all men, they are all potential rapists."" ",0,1,0,0,0,0
This is doubtful...he just won with over 50 percent,0,0,0,0,1,0
"I might be a prude. ""Suck him off in the bathroom of your friend's home!"" Those don't equate",0,0,1,0,0,0
Farewell wonderful traffic. It's been good 2 weeks.,1,0,0,0,0,0
"Gave ya an upvote but sadly, by reading this thread its not going to help",0,1,0,0,0,0
"I mean I still attend regular school, this is just a Saturday school. I'm just frustrated that I have to waste Saturday on this",0,0,1,0,0,0
Dude wtf that was definitely off Brooklyn,0,0,1,0,0,0
I really hate this family. Nothing but snake-oil salesmen who's negative influence will reverberate for a new generation of young women who deserve better role models.,0,0,1,0,0,0
Two horrible cunts,0,0,1,0,0,1
I did not even realize he was injured...,0,1,0,0,0,0
"That's absurd, people commit crimes blacked out on drugs/alcohol all the time. Also, they could just claim they don't remember it either way. ",0,0,1,0,0,0
"I cringed so much just reading that tweet, I didn't even make it to the comments. That's my fucking President. :(",0,0,1,0,0,0
Anyone else not like optics logo this year. The 2 greens look awful,0,0,0,0,0,1
WILL YOU TWO SHUT UP? PEOPLE ARE TRYING TO SLEEP,0,0,1,0,0,0
I really like this play on words.,1,0,0,0,0,0
Don't you fucken do it,0,0,1,0,0,0
Oh my gooooooooood,0,0,0,0,1,0
Somebody reverse this please I would be so happy.,1,0,0,0,0,0
"Wow, talk about being [NAME].",0,0,0,0,1,0
I do hate fortnite dances,0,0,1,0,0,0
I don't like sleeping in the couch :(,0,1,0,0,0,0
No. It’s not. This is disgusting behavior and anyone who supports it is a fool.,0,0,0,0,0,1
I really hate this jersey and it just doesn't seem like a Sabres logo despite being the most accurate to the name of the team.,0,0,1,0,0,0
"I read that as ""tarantula Mounting"" and was pleasantly surprised",0,0,0,0,1,0
The white thing high up in the yellow square is my uncle [NAME] glass eye. Wonder how it got there.,0,0,0,0,1,0
Come back here and fight me m8,0,0,1,0,0,0
was that hutty from [NAME]?? ahhh that makes me so happy. love those boys e: oh it was a rebound,1,0,0,0,0,0
I agree with everything you said. I still fell sad for her but this is the consequences of her own choices,0,1,0,0,0,0
they should just stop broadcasting road games,0,0,1,0,0,0
"What a disgusting pair of human beings, if you can even call them that",0,0,0,0,0,1
What a garbage post,0,0,0,0,0,1
Here's my [NAME]. and [NAME] in front of our tree :),1,0,0,0,0,0
"[NAME] also slept with his dads mistress, [NAME] is weird",0,0,0,0,0,1
I think it's safe to say I've peaked. 16/25 on the second half wouldn't all that surprising but I probably whiffed on [NAME],0,0,0,0,1,0
"Oh, sorry bud. Didnt mean to be rude",0,1,0,0,0,0
"Makeup existed in 2009 too. Whoever made this is stupid. I hate the whole ""milinials dumb"" shit.",0,0,1,0,0,0
I really can't imagine someone saying that if the gender was reversed.,0,0,0,0,1,0
See i hate [NAME] and got my ass kicked that game bc i couldnt use him so i was lime why me 😂,0,0,1,0,0,0
Legit. Can't beleive that society lets those people run around free like the walking sex crimes they are.,0,0,0,0,1,0
"Also interesting to note that [NAME] left Lille for Monaco, been an interesting player when I've watched Lille this season",0,0,0,0,1,0
That poor girl who said she'd help out is about to get a surprise when she finds out she has to pay for the coffee.,0,0,0,0,1,0
You don't go to college to learn. You go to college to have sex with college girls.,0,0,1,0,0,0
Gang beast is really only fun with friends,1,0,0,0,0,0
"Wow, the menacing head shake...(shivers) ",0,0,0,0,1,0
You’re an awful troll...,0,0,0,0,0,1
Purposefully hurt people. [NAME]. I don’t understand why anyone cares.,0,1,0,0,0,0
He’s 30 freaking years old and is scared of managing a bank account. *eyeroll*,0,0,0,1,0,0
Y'all taking this way too seriously...the point is they're both fierce.,0,0,1,0,0,0
"If it's used as an excuse to fuck the onchain throughput, it is.",0,0,1,0,0,0
From one eating disorder to another. That's not recovery that's just sad.,0,1,0,0,0,0
Lucky bastard the cool change came 5 minutes into the wedding,1,0,0,0,0,0
I still miss the north hills bottom dollar :(,0,1,0,0,0,0
OH MY GOD! The PTA has disbanded! Ahh! Ahh! AHHHHH •jumps through window•,0,0,0,0,1,0
I mean if my wife looks like that when I get married then I’ll be quite happy.,1,0,0,0,0,0
I stopped worrying about showing vulnerability years ago but there's still nobody there.,0,1,0,0,0,0
"ummmm Wulp I personally love a feminine man. I prefer it, ‘manly men’ are gross and stupid ",0,0,0,0,0,1
Omg [NAME] he’s there because you don’t listen. You ass!,0,0,1,0,0,0
Doesn't suck nearly as bad as Metropolitan Grill. I'm surprised that place is still open.,0,0,0,0,1,0
What the fuck is this doing in a cryptocurrency sub,0,0,1,0,0,0
"The finest example of an egotistical, ignorant and racist piece of trash. Humans like this disgust me.",0,0,0,0,0,1
That's really sad and shocking to hear this Really embarrassed to be a human being on this earth...,0,1,0,0,0,0
**Takes away membership card* HOW DARE YOU SIR!!!,0,0,1,0,0,0
"Yeah I was super surprised by how good Trench was, probably my top album from last year",0,0,0,0,1,0
I just see a car incessantly hogging the middle lane despite being undertaken on the inside!,0,0,1,0,0,0
"They seem to have very ""sick"" laws in Saudi Arabia. Where women don't have any protection from government against their perpetrators.",0,0,1,0,0,0
"[NAME] is my favorite character so I’m super happy they did what they did and I’m very happy she used her semblance, finally. ",1,0,0,0,0,0
"Don’t worry, he’s more afraid of you than you are of him. Just act tough, it’ll work...maybe...",0,0,0,1,0,0
"They usually do hoss, hence the steak and beer hard to be sad with good food. ",0,1,0,0,0,0
They took my favorite hair gel!! The bastards! Good thing I took a picture of it beforehand just in case,0,0,1,0,0,0
"Hope you enjoy it! Try not to leave it too long though, it's been taken down before. ",1,0,0,0,0,0
"My dyslexia read that as ""McFucking brilliant"" and I was wondering if we could make it a thing.",0,0,0,0,1,0
Did you just call me a *bitch*?? You will NOT disrespect me like this TODAY!,0,0,1,0,0,0
The denials is crazy in here,0,0,1,0,0,0
This is ugly af sry,0,0,0,0,0,1
Funny I’m on my second play through and this happens...,1,0,0,0,0,0
"Wow, that crazy. Hope this doesn't happen again with you. Stay safe!",0,0,0,0,1,0
How dare you disparage a 3D printed JV riding a goddamn raptor,0,0,1,0,0,0
The secondhand panic and embarrassment I feel from this is astounding,0,0,0,1,0,0
Better than selling our souls for a fucking trophy,0,0,1,0,0,0
My organs love me. I wonder how emotionally damaged a person has to be to come up with these. It's weird and sad.,0,1,0,0,1,0
This is racist,0,0,1,0,0,0
"""We've won the AFC less often than you have"" is a weird flex",0,0,0,0,0,1
This is very accurately funny and sad. 🤦🏻‍♂️,0,1,0,0,0,0
im glad that's not what the game is about then,1,0,0,0,0,0
Liberals have become the very thing they accuse everyone else of. Being intolerant and racist.,0,0,0,0,0,1
"It's like 20,000 words about a teenager. Fucking insanity.",0,0,1,0,0,0
"She haven't tried contacting me in 2 years, i guess she lied. Congrats to me, I won the 'miss you more' game. ):",0,1,0,0,0,0
[NAME] is scary,0,0,0,1,0,0
And KAT with 6. Weird game.,0,0,0,0,0,1
Old dirty Bastard?,0,0,1,0,0,0
Fuck it; just marry everyone,0,0,1,0,0,0
READ A BOOK YOU FUCKING CROOK.,0,0,1,0,0,0
When has the Alt-Right ever been working class? Its always the richest white guys who are horribly socially inept.,0,0,0,1,0,0
Let people enjoy things,1,0,0,0,0,0
It kind of blew my mind to see that after reading some of the most generic advices in that post. Who the f* upvote these posts?,0,0,1,0,0,0
How dare you hate [NAME],0,0,1,0,0,0
Wtf did I just read? That was painful,0,1,0,0,0,0
i love all harper news because i love the shit storm that ensues on here.,1,0,0,0,0,0
I hope that the talk goes ok. Though with these justno's it may not. I'm glad that you are prepared if it goes south.,1,0,0,0,0,0
Get this religious bullshit out of here smh [NAME] doesn't give a fuck about who wins or losses a child's game,0,0,1,0,0,0
Yeah but people are dumb and mesh everything together because thinking about specific situations is clearly too hard,0,1,0,0,0,0
You're glad Australia was playing politics at a time like this? That's not a vote of confidence in the [NAME].,1,0,0,0,0,0
Omg I did the same exact thing LOL,0,0,0,0,1,0
"When's he due? (Sorry, couldn't resist)",0,1,0,0,0,0
But he is. He won’t talk to us. [NAME] damnit OP answer us!!,0,0,1,0,0,0
SHUUUUUT UP THIS IS TOO TRUE,0,0,1,0,0,0
weird how they feel the need to announce themselves,0,0,0,0,0,1
I'm sorry *what*,0,1,0,0,0,0
BP can bulwark counter A good number of deflects and even drop attacks We have more than that to worry about,0,0,0,1,0,0
I just had a panic attack!,0,1,0,1,0,0
I'm glad the republican won cause I want the best high I have had 5 back surgeries and need another.,1,0,0,0,0,0
Well that’s horrific,0,0,0,1,0,0
I’m glad I’m not the only one who thought that.,1,0,0,0,0,0
"I am happy with North Sydney, Milson's Point or Kirribilli and happy with the 19th too!",1,0,0,0,0,0
"I sould have assissted in the stabbing, even ceasar would have been surprised by the amount of stab wounds on that little shit",0,0,0,0,1,0
Ha ha ha. That was a good one,1,0,0,0,0,0
that made me cry tears of sadness and joy at the same time.,1,1,0,0,0,0
Get out of my head.,0,0,1,0,0,0
I'm glad I'm not the only one that allocates points for road kills.,1,0,0,0,0,0
"Guys, even worse: He *paid* someone to set it up. Wow. ",0,0,1,0,0,0
This might be the worst FO in Orlando magic history,0,0,0,0,0,1
What the fuck is The Baffler? I can't even go there at work.,0,0,1,0,0,0
"Great questions. I don't have the answer, but I'm happy that were starting to discuss it.",1,0,0,0,0,0
"Cheers, brother. What are you doing to meet women? ",1,0,0,0,0,0
"I’m glad you do feel genuine, unconditional love for your own child :,)",1,0,0,0,0,0
HALLELUJAH!!!! YOUVE SEEN THE LIGHT!!!!,0,0,0,0,1,0
It pays well and I enjoy it. I travel 6 months a year. For the last 16 years.,1,0,0,0,0,0
"If it's anything like what happened in France, I'd assume because it disproportionately affects the poor. ",0,1,0,0,0,0
I now understand why everybody gets pissed off at these weak ass pump fake fouls.,0,0,1,0,0,0
So happy for you both!,1,0,0,0,0,0
The worst is when those moments pop up randomly. Especially when you’re feeling happy and then a mistake you did back in 2005 comes creeping up.,1,0,1,0,0,0
This is the worst advice I've ever read. You should be ashamed for posting it.,0,0,0,0,0,1
Lol kill me now,0,0,1,0,0,0
I love how all these suspects greet [NAME] like an old friend.,1,0,0,0,0,0
Holy shit!!,0,0,0,0,1,0
Woah Dude!!! I would be freaking out,0,0,0,0,1,0
PARENTS: VACCINATE YOUR FUCKING KIDS OR THE NEXT NAP THEY TAKE WILL BE IN A COFFIN OMFG,0,0,1,0,0,0
Just shut up dude,0,0,1,0,0,0
"Just because you lack critical thinking and reading skills doesnt mean i am a moron, it means you need to learn how to think for yourself.",0,0,1,0,0,0
That goddamn wink slayed me. Swoon so hard...,0,0,1,0,0,0
That face in 0:18. That's the face of happiness,1,0,0,0,0,0
Oh fuck. Is that legal?,0,0,0,0,1,0
You look like a bear.... An ugly cartoon bear,0,0,0,0,0,1
">Some ~~drugs~~ people are just... Scary... Some drugs tend to bring out what's bubbling under the surface, so in that way, yeah. ",0,0,0,1,0,0
Why is she the absolute worst,0,0,0,0,0,1
And pizza. Don't forget pizza. The roof of my mouth feels like a battlefield after I have eaten a hot pizza.,1,0,0,0,0,0
Omg its hannibal cooper,0,0,0,0,1,0
*aggressively tells friend I love them*,0,0,1,0,0,0
"This was the one post that truly frightened me about the insane left. They are a cult, and not on our side.",0,0,0,1,0,0
"That's really sad to hear, I can't imagine. I'm wishing the best for you",0,1,0,0,0,0
Terrifyingly accurate bot,0,0,0,1,0,0
"Man, this analogy is frighteningly spot on. Makes me sad for the province.",0,1,0,0,0,0
"Oh, the horror! We must defend the honor of Lord [NAME] against the scum of r/NFL!!",0,0,0,1,0,0
“It’s different because I deserve it.” These same assholes in rural areas.,0,0,1,0,0,0
Wow. A relevant and amusing Garfield comic.,0,0,0,0,1,0
"Lmao ""guys I was *coerced* into sending her a picture of my junk"". That just sounds dumb as hell ",0,0,0,0,0,1
Reading this made me clutch my nipples in pain,0,1,0,0,0,0
i just don’t think we are aggressive 100% of the time,0,0,1,0,0,0
I'm so glad you weren't physically hurt,1,0,0,0,0,0
"[NAME]: ""WTF, it's just a prank bro!""",0,0,1,0,0,0
dude stop your gonna make me cry. This is horrible please don't do this STOP right now. Dont it's just not worth it,0,0,0,1,0,0
My wife with BPD hasn't even kissed me in over a year. Get used to it if you're sticking around.,0,1,0,0,0,0
No. Going to a competitive high school was harder and more stressful than all my adult endeavors combined.,0,1,0,0,0,0
I remember writing on them was horrible. Slight delay which threw me off combined with the letters ending up looking like crap. Whiteboard was so much easier.,0,0,0,1,0,0
I fucking hate [NAME],0,0,1,0,0,0
The first comment wasn't but when you not wanted you should just fuck off,0,0,1,0,0,0
Sadly that's probably the worst game I've ever seen [NAME] play.,0,1,0,0,0,0
I think this is the first time I’ve ever seen this joke.,0,0,0,0,1,0
Watching it deteriorate into a horrific dystopia. Healthcare costs. Dental. Low wages.,0,0,0,1,0,0
This is horrible... One of my worst nightmares actually.,0,0,0,0,0,1
"Only when they have dirt underneath them, now that’s disgusting.",0,0,0,0,0,1
And those poor kids are still paying for it. And we have actual grown adults that are bullying them even today.,0,1,0,0,0,0
Nice! I’m glad you liked it. Have fun exploring :),1,0,0,0,0,0
One million points for Slytherin!,1,0,0,0,0,0
I CAN DOWNLOAD ADS BUT NOT THE THING ITSELF FFS,0,0,1,0,0,0
"""We lost good people on both sides""",0,1,0,0,0,0
Oh this belongs here,0,0,0,0,1,0
He literally laid in pain on the ground after the fight longer than the loser did,0,1,0,0,0,0
"Ohhhhh man, too real. I spent way too many years with full on raccoon eyes and just accepting that's what makeup was.",0,0,0,0,1,0
"Thank you so much for this link, watching [NAME] was an absolute delight! ",1,0,0,0,0,0
I accidentally swiped. I don't have time right now I swiped for ego and got it so I don't actually want to talk to anyone.,0,0,1,0,0,0
ITS TO THE POINT WHERE I LOVE AND I HATE YOU,0,0,1,0,0,0
That was truly disgusting,0,0,0,0,0,1
LOL at the tldr. What a crazy story. I'm glad the writer got some friendly new relatives out of it.,1,0,0,0,0,0
He can do a balloon party with his brony friends,1,0,0,0,0,0
Some bioshock shit right here.,0,0,0,0,0,1
Can you imagine the amount of backlash she’d get if it was ANOTHER [NAME] collab? Omg.,0,0,0,0,1,0
Sucks that [NAME] won't get to play [NAME],0,0,1,0,0,0
Yes my man,1,0,0,0,0,0
The nfl has been the outcome of ref interpretation and flag throwing for years. Why are we surprised this continues?,0,0,0,0,1,0
Wonder if the balls are deflated... that worked well against the colts last time.,0,0,0,0,1,0
"Some fragile egos seem very upset at the ad. womp, womp.",0,1,0,0,0,0
This made me smile. I watched it on YouTube.,1,0,0,0,0,0
You are a unique woman. Happy for you that you found someone who suits you so well.,1,0,0,0,0,0
"Exactly, last year was frustrating with our [NAME] awful home record. ",0,0,0,0,0,1
Its hard to look at. Its just gross.,0,0,0,0,0,1
I love those possum dives!,1,0,0,0,0,0
"35k? That's just crazy. Mine was less than 2k, and that includes the wedding dress.",0,0,0,0,1,0
[NAME] dude I’m sorry. That’s their problem now. Bump some [NAME] and keep moving forward.,0,1,0,0,0,0
"Im not a brexiter. In fact, this is my concern with a second referendum. I'm worried that remain will lose.",0,0,0,1,0,0
"> your character is so yuck Thank you, for confirming my suspicions of who/what you are.",0,0,0,0,0,1
"I'm happy that you got the [NAME] back, some people just don't have respect for others and think that they and their kids deserve everything",1,0,0,0,0,0
"You called me a troll and a liar and you're surprised that I sound ""antagonist and confrontational""? Wow, you're impressive. Good talk.",0,0,0,0,1,0
Ha me too. I’m afraid we’ve been called out,0,0,0,1,0,0
HYS is the worst Internet comments section. It makes Youtube comments look like Gardeners Question Time.,0,0,0,0,0,1
BURN IT DOWN,0,0,1,0,0,0
In my few years playing I never knew this ... I feel so lost now,0,1,0,0,0,0
I saw your missing post and hoped you found your baby! I'm sorry for your heartache,0,1,0,0,0,0
Fuck me daddy,0,0,1,0,0,0
YUP. I’ve been healthier since the new year FINALLY smh,1,0,0,0,0,0
I’m sorry to hear this. Live a hell of a life for your mate,0,1,0,0,0,0
Conservatives now hate dancing... anybody surprised?,0,0,0,0,1,0
I just want to die. I don't want to keep trying.,0,1,0,0,0,0
That was fun.,1,0,0,0,0,0
OMG. How have a I never heard this before? Absolutely dying. You can tell [NAME] just lost it off mic. 🤣,0,0,0,0,1,0
"If you're talking about drinking, unless there's tea or coffee in it, gross.",0,0,0,0,0,1
From my point of view the freefolk are evil,0,0,1,0,0,0
Damn who is [NAME] pissed at?,0,0,1,0,0,0
You're gross,0,0,0,0,0,1
I still can't believe those guys got nominated.,0,0,0,0,1,0
"Man I remember playing street hockey at desert breeze growing up, good times",1,0,0,0,0,0
yeah but FUCK devil roar. I swear a volcano happens every single time I step on land there,0,0,1,0,0,0
"Wow, whereabouts in Croydon are you it wasn't this bad where I am! ",0,0,0,0,1,0
I graduated in 2002 and had history books that ended with [NAME] 2nd term. I had great teachers but terrible materials.,0,0,0,1,0,0
I'd be happy with a Goff win too. And you can't hate Brees. Rams vs. Chargers would be perfect. final score 72-70.,1,0,0,0,0,0
"I don't find it awkward, it's relaxing and I want to enjoy having some else wash and cut my hair.",1,0,0,0,0,0
i wonder how people who are in college/undergrad who are in stable relationships do it.,0,0,0,0,1,0
I found some very interesting things on the mind shock podcasts about questions I had. Enjoy the digging in the reddit hole.,1,0,0,0,0,0
Hang on so Im not allowed to stroke your dog? Thats sad.,0,1,0,0,0,0
That's not true. There are people that genuinely want to cause harm to people and don't care about reactions.,0,0,0,0,0,1
"It's not like the picture looks bad. Wait, no, I take that back immediately. I can't unsee it now too.",0,1,0,0,0,0
just fed up of reading subjective opinions be paraded as fact that he was the worse ever.,0,0,0,0,0,1
I feel left out... I never get invited to our new world order meetings with our elders of zion,0,1,0,0,0,0
3:32 excuse me what the fuck.,0,0,1,0,0,0
Probably. Wouldn't be surprised if our current generation essentially lives forever...or well until something like climate change puts a stop to it.,0,0,0,0,1,0
Ahahaha I’m enjoying your troll. Seriously remember commenting on it like a year ago. Hilarious people are still trying to correct you.,1,0,0,0,0,0
Why is this not 5x5? It hurts my eyes...,0,1,0,0,0,0
I don’t get it :(,0,1,0,0,0,0
"Oh sorry. To clarify, I was wondering if I should mention that I am more than willing to help her if need be.",0,0,0,0,1,0
I like that they have a red light camera there to combat the red light runners. You can see it flash twice at 0:48.,1,0,0,0,0,0
It's a shame that so many experimental psychology studies are still using such dubious statistical practices.,0,0,0,0,0,1
Happy new year /r/newyorkmets. Everyone in this community makes this place feel seriously special. Let's go win a world series in 2019.,1,0,0,0,0,0
ya shes stressed out alot. oh ok. thanks for the advice.,0,1,0,0,0,0
Not available in my country. Can't believe this has to be a thing in the modern age.,0,0,0,0,1,0
A little girl recently died because her parents refused to get her medical treatment and insisted [NAME] would heal her.,0,1,0,0,0,0
Stop all the bullshit. Keep AB. Pick one.,0,0,1,0,0,0
What a confession! Unbelievable!,0,0,0,0,1,0
I don’t know man I feel like this goal is just a combination of unluckiness,0,1,0,0,0,0
Also known as the song ice cream trucks play. I was wondering why it sounded so familiar!,0,0,0,0,1,0
Problem is as soon as someone criticises Israel they jump up and down and scream anti semitism,0,0,1,0,0,0
Funny how it do,1,0,0,0,0,0
"I'm surprised they play the national anthem at derby bouts there, been to many bouts in Minnesota and haven't once heard the national anthem performed.",0,0,0,0,1,0
"It's pretty stupid honestly. [NAME] clearly pointed a bug and people are saying ""oh, it's a feature"". ...seriously now.",0,0,0,0,0,1
You are disgusting.,0,0,0,0,0,1
Tell him congrats. And that he srsly needs to work on his bunting; it's just painful to watch.,0,1,0,0,0,0
Right!? I'm glad someone else noticed. I was horrified when she trespassed into a stranger's home. So violating!,0,0,0,1,0,0
"It’s so hard to be a mommy! Chasing kiddos. Work, work, work!!! ",0,1,0,0,0,0
Sorry but this is too rad to be cringe for me. This is like if [NAME] was a general.,0,1,0,0,0,0
This is super duper nasty,0,0,0,0,0,1
"Yeah I haven't felt anything in days. It's like I'm numb, I hate that feeling.",0,0,0,0,0,1
[NAME] thats real? I'm so glad i unsubbed from pics,1,0,0,0,0,0
Suck really hard and hope it ends soon? And don't swallow!!! Bleck - sex is so much better with a woman.,0,0,1,0,0,0
"And yet, it’s bad to manipulate people. Which is what the in laws are doing. ",0,0,0,0,0,1
"It's rape after they've both consented? You're what's wrong with society today, try to be less of a dipshit going forward.",0,0,1,0,0,0
Can [NAME] just shut up and appreciate her dog?,0,0,1,0,0,0
Maybe check the song title one more time chief. Love the song tho. Also today’s a Scared of the Dark kind of day for me,0,0,0,1,0,0
DON'T TELL ME HOW TO LIVE MY LIFE.,0,0,1,0,0,0
No need to apologize. It definitely put things in perspective. I’m just glad your DD ended up ok.,1,0,0,0,0,0
Not unexpected this election was gonna be a brawl between him and [NAME] from the start.,0,0,0,0,1,0
Same. Glad it's not just out store.,1,0,0,0,0,0
I'm so sorry! I hope you are doing better!,0,1,0,0,0,0
Ohhhhh that couple!,0,0,0,0,1,0
I feel like they're blaming the school for them doing exactly the right thing.,0,0,0,0,0,1
Im glad to hear it !!!,1,0,0,0,0,0
I miss him so much during the NCAA tournament.,0,1,0,0,0,0
This sounds like the kind of comment my weird uncle would leave on my Facebook post.,0,0,0,0,0,1
"Honestly, this has got to be the most reckless way to bully and harass a kid. Kids have a tendency to grow to their expectations",0,0,1,0,0,1
"Really didn't like. I thought it was nasty and mean-spirited. ""[NAME]"" on ice it isn't.",0,0,0,0,0,1
Unbelievable! Here. Have your iPad back. Not interested in being treated like a criminal. I’ll write home with pen and paper,0,0,0,0,1,0
"That's true, but I was surprised to find absolutely ZERO information about a person who , presumably, has quite a bit of power and influence.",0,0,0,0,1,0
I would agree. It's unfortunate and brutal in its content and in the responses in the thread,0,0,0,0,0,1
"I find porn disgusting and boring, could this be a sign I'm asexual?",0,0,0,0,0,1
It bothers me that he doesn’t respond to your texts. That’s weird,0,1,0,0,0,0
"[NAME]? Yeah, that one hurts.",0,1,0,0,0,0
I'm literally in tears right now. Everything you said is true oh my godddddddddddddd.,0,1,0,0,0,0
What the hell,0,0,1,0,0,0
"Wow, you’re so generous with other people’s money.",0,0,0,0,1,0
Even more so. It would only make our prison (this world) even more diabolical.,0,0,0,1,0,0
"Sorry, I swapped back to Canada unclearly, to respond to the comments about it.",0,1,0,0,0,0
Rusty you the bomb! I'm okish now but just knowing you are out there makes me smile! Cheers! xoxo,1,0,0,0,0,0
I’m jealous.,0,0,1,0,0,0
"This is just sad. So, so sad.",0,1,0,0,0,0
Wow! You've put my relationship in words I couldn't think of.,0,0,0,0,1,0
Damn I didn't realize we just locked up the season series against the jets. That's good to see.,1,0,0,0,0,0
"I WILL NOT OBEY THAT ORDER, GENERAL! ",0,0,1,0,0,0
scared for sure... scared of how much money we're gonna have to pay him it's gonna be all the moneys,0,0,0,1,0,0
"Omg, there is a wallet made out of a dead squirrel on that sub! *SUBSCRIBED*",0,0,0,0,1,0
Happy New year!,1,0,0,0,0,0
That LOD is a moron,0,0,1,0,0,0
Omg yes feels like being new born.,0,0,0,0,1,0
This isn’t a “someone” this is a company.,0,0,1,0,0,0
Happy Cake day.,1,0,0,0,0,0
i hate that it's over an interstate bridge so people traveling from the west from other states have to look at it edit* because it's fucking corny,0,0,1,0,0,0
5 hours late!!!!!!!!! omg.,0,0,0,0,1,0
Wow i didn't really expect both the explosion and him to live,0,0,0,0,1,0
"Wow, your posting history is a real... interesting ride.",0,0,0,0,1,0
By far the coolest thing I've seen on this thread yet,1,0,0,0,0,0
LOL. Glad you noticed.,1,0,0,0,0,0
Went on a trip to the Austin area. This park is nice if you haven’t been there. Subscribe if you can. Enjoy,1,0,0,0,0,0
🤷🏻‍♀️ As a wise man once said: he was a bastard in life thus a bastard in death ,0,0,1,0,0,0
They didn’t even respond to my email so I don’t think it’s gonna work,0,1,0,0,0,0
Gaaahhh. That one would hurt.,0,1,0,0,0,0
"He will, I feel like it's Christmas Eve and I'm waiting for [NAME].",1,0,0,0,0,0
"come on, Redwings won, Knights need to win. give me another 2-fer, baby!",1,0,0,0,0,0
"I, too, am a lot of fun at parties. We can stand together in the corner! ",1,0,0,0,0,0
This guy should go to HELL,0,0,1,0,0,0
And suck this guy off at the same time,0,0,1,0,0,0
Stumbling out of a closet in full [NAME] outfit... I'm afraid it's not,0,0,0,1,0,0
"Haha, glad someone was able to point you in the right direction then ",1,0,0,0,0,0
What the actual heck.... Like I just don't....I cannot,0,0,0,0,1,0
I legitimately want to brutally murder this person for saying that about us autistics,0,0,1,0,0,0
It's always nice to tell someone a pleasant story before they go to sleep.,1,0,0,0,0,0
This is horrible,0,0,1,0,0,1
He was in a state of shock lol,0,0,0,0,1,0
The fuck?! You're in the wrong subreddit with this regressive bullshit victim blaming.,0,0,1,0,0,0
So glad I moved here.,1,0,0,0,0,0
The emoji at the end just made me want to slap her,0,0,1,0,0,0
I am getting a lot of weird replies...,0,0,0,0,0,1
"No, she's standing in the water after she pees.",0,0,0,0,0,1
[NAME] GIVES BARRIERS NOT SHIELDS. LUCIO BARRIERS GIVE ULTS. HAMMOND BARRIERS DONT GIVE,0,0,1,0,0,0
Well this all started Wednesday. But I’ve been unhappy with my life for weeks now,0,1,0,0,0,0
I had a similar fear last month after exceeding the two hours in a Homebase car park.,0,0,0,1,0,0
Yeha he failed to qualify unfortnatwly.,0,1,0,0,0,0
Glad your nights going well guys,1,0,0,0,0,0
medical care in the US sucks.,0,0,0,0,0,1
Cray to the crazy,1,0,0,0,0,0
That was the only place I saw and their pictures looked horrible. Might just have to go to the source and vacation in southern Asia,0,0,0,1,0,0
Worst deal on the leafs right now easily,0,0,0,0,0,1
I like to be scared actually!,1,0,0,0,0,0
"Whoa whoa whoa, dont go firing him into the rest of us. He is your alien being",0,0,0,0,1,0
I love flying out of Midway because I feel like I have never waited more than 10 minutes for security. I love the lines at Midway.,1,0,0,0,0,0
Just throw them into a pool of needles. That'll teach them not to steal ever again.,0,0,1,0,0,0
"You know what I love abou you [NAME]? Octopussy. Man, I must have seen that movie... twice.",1,0,0,0,0,0
muh racist history! its all gone! no one will ever know about my slavery and being a traitorous vermin! help meh!,0,1,0,0,0,0
That is so sad. So your sisters got to ruin their bodies and forego a career? Yikes.,0,1,0,0,0,1
Woah nice. Did you enjoy it or was it a completionist pain? I wish I could get into [NAME] but I just dont find the fun.,0,0,0,0,1,0
I regret this post so hard so much debate and anger lol,0,0,1,0,0,0
I'm now scared to post this link]( I guess I should [stop.,0,0,0,1,0,0
Couldn't have said it better. Just did the same over my winter break and really got to know myself a lot better. Cheers to the new year!,1,0,0,0,0,0
I miss rock fest 😔,0,1,0,0,0,0
Indeed it does. I blame [NAME] and his love of sponsorships.,0,0,0,0,0,1
"Oh, the irony,.",0,0,0,0,1,0
I was having a good day. We were ALL having a good day.,1,0,0,0,0,0
"It's 57% upvoted, which pretty much means most people hate it. ",0,0,1,0,0,0
Omg. This is just the best ever. 💜💜💜,0,0,0,0,1,0
Good luck to you! Cheers to a new year! 👍🏼,1,0,0,0,0,0
"OK sweaty, have fun in ur collapsing Union while I'm restoring the Empire xoxx",1,0,0,0,0,0
“How dare you use your breasts for their biological function instead of my enjoyment!”,0,0,1,0,0,0
"Apologies, that distinction always slips my mind lol",0,1,0,0,0,0
"That's the weirdest dream I've heard of, but maybe you just have a high midichlorian count 😂",0,0,0,0,0,1
I think: Congrats! That baby will now have loving parents,1,0,0,0,0,0
Being disgusted at disgusting things is grown up.,0,0,0,0,0,1
"[NAME], that fucking sucks.",0,0,1,0,0,0
... This is a stupid idea. One of the first things caught will be a wiki quote.,0,0,1,0,0,0
I thought you only get to be a wizard after you're 30yo and still virgin,0,0,0,0,1,0
[NAME] was such a fun weapon,1,0,0,0,0,0
thanks i hate her,0,0,1,0,0,0
I feel a tad lost without it now that my drive for football has vanished and basketball and hockey simmer one. The show's every night after all.,0,1,0,0,0,0
excuse me what the *fuck* was that,0,0,1,0,0,0
[NAME] made me like a sleep walker.. I did things I didn't remember doing. Scary.,0,0,0,1,0,0
"I enjoyed hardcore mode much, much more than regular mode in BF4. More realistic",1,0,0,0,0,0
Wow.. must have missed this. This is really fucked up if true!,0,0,0,0,1,0
I am scared that I would lose potential study time by seeing him. And worse if I end up liking him too much... :(,0,0,0,1,0,0
Not defending [NAME] at all but this is just super sad if it’s true...,0,1,0,0,0,0
"Ahhh okay my bad I misread your comment, I thought you meant we’d be trading him if he plays poorly ",0,1,0,0,0,0
That guy with the orange jacket looks so distraught. Feels bad man.,0,1,0,0,0,0
"I’M NOT ALLOWED TO EAT THE SKIN, DEE! I’M NOT ALLOWEDDDDD!",0,0,1,0,0,0
that made me feel bad for nw,0,1,0,0,0,0
No youre a cunt,0,0,1,0,0,0
I always cry when [NAME] is on screen.,0,1,0,0,0,0
"Alright dude just fuck off ok, it's not the funniest thing on the internet but it did make me smile so in conclusion fuck you",0,0,1,0,0,0
Wow this made my forehead hurt it was so cringey. I love it.,0,0,0,0,1,0
>This weird exploding ice [NAME] I haven't seen before? Wow. I... that's some ick right there.,0,0,0,0,1,0
Welcome to the depressed group,0,1,0,0,0,0
Thanks! We had fun.,1,0,0,0,0,0
We did it chief,1,0,0,0,0,0
It’s sexual harassment because it was done with a sexual mindset. It’s not that hard to understand.,0,0,1,0,0,0
I hope you survive this. Losing a friend is a heavy loss,0,1,0,0,0,0
To make money from money is disgusting and is screwing up the economy.,0,0,0,0,0,1
"People are still playing bf1?Wow thats nice,I should play some games until more content drops for bf5.",0,0,0,0,1,0
Yeah it’s the opponents club that should be scared of us! We are REAL MADRID!,0,0,0,1,0,0
Exactly! Someone think of the billionaires! Sometimes I pretend I’m one and it’s really fun :),1,0,0,0,0,0
It's disgusting how good our teams have been both years until december happens. It's usually started by injuries too.,0,1,0,0,0,1
>The ABC’s hard-hitting investigation :/ Such a sad article.,0,1,0,0,0,0
"Fuck it, maybe the faceless men worship the great other AND assassinated the fire warlocks in valyria, hwo knows?",0,0,1,0,0,0
> so much misinformation > No hazing or violence tolerated whatsoever Lmao wut,0,0,1,0,0,0
This is why im happy [NAME] is our owner. I don’t see him being a cheapskate,1,0,0,0,0,0
"I had a panic attack when I saw that, thinking that I slept for 3 years and Hall was a Duck.",0,0,0,1,0,0
I've finally found my people who know the struggle.,1,0,0,0,0,0
"First thought: OHHH FUCK FUCK FUCK!!! Okay, time for me to submerge and introduce this MOTHAFUCKAS EYE BALLS to these hands",0,0,0,0,0,1
Because it's so ridiculously stupid people just can't help themselves.,0,0,1,0,0,0
Exactly right? That's when I thought she was really really horrible.,0,0,0,1,0,0
Wow. Instant retirement money...,0,0,0,0,1,0
Sad but exciting to see him in a place where he might perform well. Hopefully he stays injury free.,0,1,0,0,0,0
Imagine my shock... but he does seem very representative of the left.,0,0,0,0,1,0
Fear of awkward and inconvenient encounters. What can he do to you?,0,0,0,1,0,0
She's a pro-Assad piece of shit.,0,0,1,0,0,0
That's unfortunate for you.,0,1,0,0,0,0
Horribly fake. People on that thread are stupid and gullible.,0,0,1,0,0,0
Fuuuuuuuuuck that.,0,0,1,0,0,0
"I made my own sauce for chicken dishes this week, I am happy, LGD",1,0,0,0,0,0
"Ouch, that hurts, would've won without the injury",0,1,0,0,0,0
Ooooh that was a missed opportunity,0,1,0,0,0,0
This is the same woman who fought tooth and nail to have wrongful convictions upheld while she was a prosecutor; she craves tyranny.,0,0,1,0,0,0
Seriously. I had 2 jobs and was in college. I sleep more now!,1,0,0,0,0,0
This kills the country.,0,0,0,1,0,0
The stupid is real,0,0,1,0,0,0
Surprisingly it wasn’t a [NAME],0,0,0,0,1,0
Wow really? I would think that UK bases would be the last place we'd have protests at.,0,0,0,0,1,0
"Welp. That sucks. I always check left and right when crossing an intersection, getting T-boned is one of my biggest fears.",0,0,0,1,0,0
Enjoy you Salad,1,0,0,0,0,0
You miss the sidewalk wing massacres as well I'd bet,0,1,0,0,0,0
My mom signed me up when I was 15. Wow that was a fun weekend. /s,1,0,0,0,0,0
"That's just sad and depressing. Was the race closing before she finished? Well, at least she did it.",0,1,0,0,0,0
"Dude, I'm happy for you. Keep going, you're doing great!",1,0,0,0,0,0
>a fun activity!!! At no point in my TBM life would I have found that fun or worthy of even one exclamation.,1,0,0,0,0,0
Smoking is nasty.,0,0,0,0,0,1
"Damn, even here in CA the gun haters almost invariably exempt law enforcement from their crusade.",0,0,1,0,0,0
"Man, I kinda feel bad for dude, hopefully everything went smoothly past that",0,1,0,0,0,0
Too bad it's the wrong kind of blows!!!,0,1,0,0,0,0
I'm also enjoying it I like mixing the colors the most.,1,0,0,0,0,0
I’m constantly surprised that [NAME] doesn’t hate her.,0,0,0,0,1,0
[NAME] so much hate.,0,0,1,0,0,0
That's pretty much what you signed up for when you had kids.,1,0,0,0,0,0
"Turns out, that daddys little girl is a thot, who also takes drugs. No wonder she fled her country.",0,1,0,0,0,0
Don't forget colors. They panic at the sight of a chess board.,0,0,0,1,0,0
Damn straight.,0,0,1,0,0,0
I find this sooooo strange,0,0,0,0,1,0
"I worry about throwing draft picks around, but a guy like that is worth it IMO.",0,1,0,0,0,0
"Honestly, I respect [NAME] for doing what he felt was best for business. [NAME] can go fuck himself.",0,0,1,0,0,0
"Debunked as in proven wrong. Again, he is a well known fool. Do yourself a favor and never take anything he says remotely seriously. ",0,0,1,0,0,0
"Serious on the vacation time, I haven't seen some government workers doing anything for weeks now!",0,0,1,0,0,0
Glad you're at least out of bed. Progress!,1,0,0,0,0,0
I'm kinda the opposite. I always look dour and sad even when I'm not...,0,1,0,0,0,0
"They hated [NAME] since the beginning of [RELIGION], they treated them like animals",0,0,1,0,0,0
"Sadly, I don't even think its that the Chargers aren't prepared its that the Patriots are good at game prep.",0,1,0,0,0,0
"Yes, which is why I hate the term ""ranked choice voting"".",0,0,1,0,0,0
Happy cake day,1,0,0,0,0,0
"You know I never thought I'd celebrate someone's death, but once she goes I'm going to have to try very hard to not enjoy it...",0,1,0,0,0,0
I don't think you've ever seen the dsm. If you knowingly do something stupid you don't deserve anything but what you get,0,0,1,0,0,0
They love to prey on women that have just given birth. It’s so disgusting!,0,0,0,0,0,1
"They were not really messing around, just more frustrated. They genuinely were trying to move specialists around to get the best out of people.",0,0,1,0,0,0
I'll take the Akot 3 but man that shot is ugly,0,0,0,0,0,1
I remember that one. It was so painful to watch,0,1,0,0,0,0
"Ahhh, I see. I thought you were saying they made you afraid of the sessions.",0,0,0,1,0,0
This is scary.,0,0,0,1,0,0
"Important part of this, surprising it's not there. ",0,0,0,0,1,0
"Brother, I am in tears, [NAME], I wish I had been there. ",0,1,0,0,0,0
An angry old person yelling at a retail worker will never listen to reason.,0,0,1,0,0,0
The whole post reeks of troll.,0,0,0,0,0,1
£10 for copy pasting a wall of text from /r/gamerghazi? Why would I want to do that.,0,0,1,0,0,0
why are other dashers such [NAME] 🤣who made y’all so upset,0,1,0,0,0,0
> busy blasting stuff with plasma Sound like more fun.,1,0,0,0,0,0
Don't use autism as an excuse to be an asshole,0,0,1,0,0,0
Missing this roster 😢😢😢,0,1,0,0,0,0
I’m not sure even know sits a fucking painter’s tool. I hate everything about everyone in this video.,0,0,1,0,0,0
happy cake day!,1,0,0,0,0,0
Oh no! Poor dude!,0,1,0,0,0,0
"Omg, the kitty bites the knee and then looks at the human to gauge reaction.",0,0,0,0,1,0
I’m fine with that. I’m happy to be banned from subs like that.,1,0,0,0,0,0
What I find disgusting is thinking you can be a liberal and a ecologist. Anyone has its own ideas I guess.,0,0,0,0,0,1
Idiots gonna idiot.,0,0,1,0,0,0
Happy belated cakeday.,1,0,0,0,0,0
"Gonna warn you, that path is a lot more dangerous than you would think...",0,0,0,1,0,0
"It would hilarious, but also kind of sad.",0,1,0,0,0,0
He told you that he hates your friends because they don't beat you up? That is so disgusting!,0,0,0,0,0,1
"As someone with sinus and breathing problems, this makes me anxious and short of breath just looking at it.",0,0,0,1,0,0
I'm so happy this whole group of lines was poster. It made my day...,1,0,0,0,0,0
That sounds wonderful.,1,0,0,0,0,0
I mean… yeah? So glad to be at that age where the conversation would be more uncomfortable for them than for me.,1,0,0,0,0,0
"Oh wow- some truly have crazy different genetics. I’m glad you got her a friend, I’m sure it helps immensely. ",1,0,0,0,0,0
Thank you! I will take that warning under consideration. History is brutal but there's detail and unnecessary detail.,0,0,0,0,0,1
"Wow, is it March 24th, 2018 already?",0,0,0,0,1,0
"Oh look, it's alive. Who here secretly fed it?",0,0,0,0,1,0
"Oh wow, hate that. ",0,0,1,0,0,0
This one is hitting people that knew him hard. He was such a happy guy all the time. Hopefully they catch the bastard soon.,1,0,0,0,0,0
"At the time, pregnancy out of wedlock was a stoning for having extra marital sex. ",0,0,0,0,0,1
"hey, that's me. Glad i'm done with the class, so much work",1,0,0,0,0,0
Omg! There's one in every family. And every classroom.,0,0,0,0,1,0
This just oozes passive-agressiveness. I love it!,1,0,0,0,0,0
Felt like yesterday when they got married in that barn/bar/bistro. Truly the halcyon days.,1,0,0,0,0,0
We had some sparkling apple in our ICU tonight as well! Happy new year!,1,0,0,0,0,0
"I’d kind of be kind of shocked if Chili wants us to hit mostly ground balls, especially with how hard the shifts are nowadays. ",0,0,0,0,1,0
"The last thing I want on my team are former Eagles players. Fuck that team, the organization, and the shitty fanbase ",0,0,1,0,0,0
Well that’s sad. It might’ve been funny if it was fake.,0,1,0,0,0,0
It's none of your business. Stay out of it.,0,0,1,0,0,0
"I hope you’re doing well with RCIA! So sorry for your loss. Praying for you, your family, and your daughter ♥️",0,1,0,0,0,0
Same! I don’t know how our elementary level colleagues do it. When I subbed in elementary a few times it was awful.,0,0,0,0,0,1
Haha I can drink to that! Cheers man!,1,0,0,0,0,0
I wish they didn’t hate [NAME] so much. Feels bad to play her.,0,1,0,0,0,0
Hahaha thanks for sharing that is simply amazing. You probably gave the buyer a good laugh too.,1,0,0,0,0,0
These are worse than the [NAME] ones [NAME],0,0,0,0,0,1
Kinda sad to laugh at people who really need serious help.,0,1,0,0,0,0
"Sorry man, I have no idea either! ",0,1,0,0,0,0
im glad they have it but this should have really been introduced in DMC3,1,0,0,0,0,0
"Dig up, stupid! ",0,0,1,0,0,0
I wonder if this is why the universe keeps expanding. Because we're constantly filling it up with new words and new sentences.,0,0,0,0,1,0
Omg the face,0,0,0,0,1,0
Very happy with this !,1,0,0,0,0,0
"Believe it or not, but I saw that he's a college instructor now",0,0,0,0,1,0
"DoorDash can deliver my White Castle's at 3am, that makes me happy",1,0,0,0,0,0
"Happy Cake Day! I, too, have been a victim of cake.",1,0,0,0,0,0
This is horrible,0,0,0,1,0,0
Disgusting performance. [NAME] appears clueless.,0,0,0,0,0,1
This shirt is directly aimed at some very ugly individuals,0,0,0,0,0,1
Ay just like my life *whips whilst sobbing,0,1,0,0,0,0
"When ever I’m feeling depressed or alone, I’ll just image you and think “it could be worse”.",0,0,0,0,0,1
Are you surprised. He doesn’t do anything with himself,0,0,0,0,1,0
Healthier and more disgusting.,0,0,0,0,0,1
I hate this and I love you for sharing it,0,0,1,0,0,0
"Man, dropping is rather dreadful but nothing’s more dreadful when you can reach into your pockets expecting it to be there and it isn’t ",0,0,0,1,0,0
"Thanks. I'm still sad till this day. But whatever happens, I'm at peace with his decision.",0,1,0,0,0,0
Yeah keep filming your kid kicking a dog in the face. I'm suprised this isn't on r/funny,0,0,0,0,1,0
"I wasn’t a fan of theirs on the show, but I am very happy for them both and wish them the best of luck in life ",1,0,0,0,0,0
And shockz isn’t? And he wouldn’t be too much of a threat for... fuck I forgot who’s on rec honestly,0,0,0,0,1,0
Well.... it’s even more weird to drink the milk of other species..so...,0,0,0,0,0,1
Yeah I'm glad he got caught. What a piece of crap.well at least he won't be a virgin in jail anymore haha,1,0,0,0,0,0
That’s a real article ? Oh [NAME]...,0,0,0,0,1,0
"me: haha im an incel. rApE sHoUlD bE lEgAl! wOmEn ArE iNcApAbLe Of ThInKiNg greaseball who stares at my chest on the bus: Well, actually...",0,0,1,0,0,0
Haha that literally made me laugh out loud OMG I'm still dying. Take this upvote man. Well deserved,1,0,0,0,0,0
"I know I should be worried, but I am not, which makes me very worried. ",0,0,0,1,0,0
"Huh, I was just wondering if something like this existed. I'm working in food manafacturing an this would be epic.",0,0,0,0,1,0
Ladies and Gentlemen........We got him,1,0,0,0,0,0
2005? I think we might be the same person lol. What a terrible year. I go back to that one a lot.,0,0,0,1,0,0
Why hasn't he been made GM yet???,0,0,1,0,0,0
"Wow, well I think that game just aged me 5 years...",0,0,0,0,1,0
Boiled peanuts are my happy food.,1,0,0,0,0,0
Surprises me how a dude that let his keyboard get to this point even cares enough to clip his nails in the first place.,0,0,0,0,1,0
Somebody has got to be a parent lol,1,0,0,0,0,0
They’re all nothing but a pack of liers and should all be thrown in jail,0,0,1,0,0,0
"You're definitly an asshole, or a troll. Maybe both.",0,0,1,0,0,0
Fingerprints not [NAME] or [NAME] red is [NAME] don’t just make things up now that is sad !,0,1,0,0,0,0
The article didn’t use it. OP just did a bad copy paste I think.,0,0,0,0,0,1
I read it on NRK as well. Brought tears to my eyes.,0,1,0,0,0,0
Breathing out like a dragon keeps me from gagging when i brush the back of my tongue,0,1,0,0,0,0
Just rubbish.,0,0,1,0,0,0
I feel so bad anytime I see anyone fall on their face... I just want to make sure they are ok.,0,1,0,0,0,0
Gotta love trailing for 59+ minutes,1,0,0,0,0,0
If she is an INFJ they can be quite caustic and verbally abusive at times.,0,0,0,0,0,1
Glad to see Tael (wabi) on the list but surprised its not at the top.,1,0,0,0,1,0
Stotts raising Nurk's usage rate is making me a happy fan,1,0,0,0,0,0
"Actually made me feel worse. Kids are always back there, death would have been guaranteed had they any.",0,1,0,0,0,0
I actually really like it the way it is now! The pink sky with only a few clouds is different and very cool.,1,0,0,0,0,0
Did not expect it to work with a body on it..,0,0,0,0,1,0
"> Woo that sadness out Welp, never gonna be able to have a night out on the town again without this coming up",0,1,0,0,0,0
True. I just always enjoyed the atmosphere of that place. And a couple of the sandwiches weren't bad at all.,1,0,0,0,0,0
Yup. How sad is it to admit I'm jealous of the ravens run game and defense 😣,0,1,0,0,0,0
"Omg, the hands touch the chicken, go off screen and then touch the salt. My mind is contaminated with Salmonella. ",0,0,0,0,1,0
That's unfortunate but can't blame that lawyer for doing his job.,0,1,0,0,0,0
Thats beyond shockingly bad. A new level of terrible. Wow...,0,0,0,0,1,0
Enjoying it. It makes shaving my head easier.,1,0,0,0,0,0
General population are scared of press,0,0,0,1,0,0
Should of just stabbed her up tbh why let someone steal from you,0,0,1,0,0,0
"That looks absolutely awful. On the good side, whoever made it, can only get better.",0,0,0,0,0,1
Watch [NAME] left arm and hand as he's on the floor. Scary.,0,0,0,1,0,0
"Damn, he sold all out for that kick",0,0,1,0,0,0
Things did not go well on Eros Station...,0,1,0,0,0,0
#QUIT HURTING THE BIRDS,0,1,0,0,0,0
Ah the high life. Must be sweet.,1,0,0,0,0,0
I could drive my fucking van through there!,0,0,1,0,0,0
I'm sorry to hear about what your sister did to you. I'm glad my videos could be of help!,1,1,0,0,0,0
"[NAME], [NAME], [NAME], prime [NAME] + [NAME] was fun. ",1,0,0,0,0,0
"No, it would not. How the hell is that evidence that [NAME] didn't commit the crime?",0,0,1,0,0,0
That definitely hurt,0,1,0,0,0,0
What a load of crap !!,0,0,0,0,0,1
I’m happy he made it and not [NAME],1,0,0,0,0,0
Struggling to find :(,0,1,0,0,0,0
Fuck yea!,0,0,1,0,0,0
"Yeah, for sure. I've definitely come pretty close to panic attacks at the dentist as well.",0,0,0,1,0,0
I'm sorry I imagine that was devastating.,0,1,0,0,0,0
"My parents died. I wish they were someplace warm that I could visit them with their grandchild, and they could visit too.",0,1,0,0,0,0
Yeah how dare the puck not magnetize to [NAME] stick. Not his fault at all.,0,0,1,0,0,0
don’t curse mmeEEEE !,0,0,1,0,0,0
") /sorry, the Excel formula part of my brain was driving me insane.",0,1,0,0,0,0
That's the perfect intro for a panic ult.,0,0,0,1,0,0
"I thought the army would be like the top image. ""Then why the fuck did you sign up as a [NAME] OP""",0,0,1,0,0,0
"A joke is subjective pal, second of all you need to mature/grow up and get a taste of the real world before giving your political opinions.",1,0,0,0,0,0
oh yes! i did not know pizza could possibly ever be disgusting until i moved to florida.,0,0,0,0,0,1
Damn. Didn't know [NAME] was still making videos.,0,0,0,0,1,0
That such a sad flop [NAME],0,1,0,0,0,0
Never said that. Not once. Punishment isn’t slavery. Unless you’d rather just kill lawbreakers,0,0,1,0,0,0
"THERE'S A WAR COMING, NED. I DON'T KNOW WHEN, I DON'T KNOW WHO WE'LL BE FIGHTING...BUT IT'S COMING!",0,0,0,1,0,0
The shocking conclusion.,0,0,0,0,1,0
Then getting irrationally angry when they don’t see it your way.,0,0,1,0,0,0
Your belief is literally killing children,0,0,1,0,0,0
"enjoy that vodka, [NAME]",1,0,0,0,0,0
Indifferent before leaving. Indifferent after. Although hasidic [NAME] are fucking mental.,0,0,1,0,0,0
"You know, ive always wondered how a car could get in a position like that",0,0,0,0,1,0
Yet here you are mad about [NAME] being apathetic.,0,0,1,0,0,0
Hahah you right. Please don't tell any birds!,1,0,0,0,0,0
Your passion for [NAME] literally put a big smile on my face. Stay wavy!,1,0,0,0,0,0
Amazing work!. I truly enjoyed reading this and read like a page directly from the book.,1,0,0,0,0,0
"wow, there really is “somethin” for everyone ...",0,0,0,0,1,0
Or take it further: Try showering with just hot water. You might be surprised at how clean you get.,0,0,0,0,1,0
Cordovan in the mech with the loudspeaker really makes me smile. It is just so bonkers. I love it.,1,0,0,0,0,0
Those are female toes. Busted!,0,0,1,0,0,0
I think it should be a felony. Kind of crazy that illegally entering a country is such a minimal offense.,0,0,1,0,0,0
"These stupid fucking cunts don’t even use “shade” correctly, [NAME] would toss them off the pier.",0,0,1,0,0,0
Nooooooooo I was a student staff member at the WCC and this makes me so sad and angryyyyy,0,1,1,0,0,0
I wonder how [NAME] prepares his food.,0,0,0,0,1,0
Everyone panics when they are on fire.,0,0,0,1,0,0
It would be terrible if he died and they put his head in a jar or something,0,0,0,1,0,0
Wow. He might actually lose Iowa,0,0,0,0,1,0
"What the fuck? Really? That’s horrible. That’s probably illegal. If it isn’t, it should be.",0,0,0,0,0,1
So I've just read your whole post. Wow. Your mum is a piece of work.,0,0,0,0,1,0
Guys a complete troll who has no idea about cancer or the physical pain it can cause. Move on and don’t give the cunt the satisfaction.,0,1,0,0,0,0
"If you’ve never been to DSA you’d be surprised by how many amazing, smart people you’ll meet. ",0,0,0,0,1,0
"I’m so glad you had a lovely time! And you gave so many other people a good experience, too!",1,0,0,0,0,0
cool cool...,1,0,0,0,0,0
~~Comrade~~ [NAME] I'm appalled that you would accuse me of using performance enhancing drugs. Neigh! Neigh I say!,0,0,0,1,0,0
"So, the cops raided my favorite massage parlor today.",0,1,0,0,0,0
I'm surprised she could operate a suitcase.,0,0,0,0,1,0
I’m to scared to tell them :(,0,0,0,1,0,0
I'll have a look and see if I can find it. Cheers for the info!,1,0,0,0,0,0
Everyone knows a Sith would be called [NAME]. What a terrible fan of the franchise that poser is.,0,0,0,0,0,1
Even that game winning kick was close. Our kickers are cursed.,0,1,0,0,0,0
Shit's going down in Zim. 6 people killed yesterday by army and over 200 arrested.,0,1,0,0,0,0
It was less painful than a bee sting! I felt so silly afterwards!,0,1,0,0,0,0
*Hey just noticed..* it's your **6th Cakeday** ThaJarseff! ^(hug),0,0,0,0,1,0
I'm so sorry. Read about you getting kicked out at home. That must be devastating,0,1,0,0,0,0
Apple can still go kindly fuck itself tho,0,0,1,0,0,0
Damned straight.,0,0,1,0,0,0
"It's been deleted, we can't even see what it was now (unfortunately). ",0,1,0,0,0,0
I'm sorry. That's awful,0,0,0,0,0,1
My [NAME] this Administration is somewhere between the mafia and the three stooges,0,0,0,0,1,0
"yes, please do I'm worried about her D:",0,0,0,1,0,0
CUE THE MUSIC!!!,1,0,0,0,0,0
"I did, I did!!!! Now I feel special ",1,0,0,0,0,0
"I'm with you, pulju has been looking dangerous lately",0,0,0,1,0,0
I saw this entire movie on YouTube and loved it! But it doesn’t seem to be on YouTube anymore :/,0,1,0,0,0,0
we got good at breakaways!!,1,0,0,0,0,0
This offense is just painful to watch.,0,0,0,0,0,1
"wow that’s really some hate there. I hated [NAME] in the Office too, but he got okay since the third run",0,0,1,0,0,0
Kill it with fire.,0,0,1,0,0,0
I saw the video. It was more awkward than anything.,0,0,0,0,0,1
Every time one of our players enter top form they get injured.,0,1,0,0,0,0
"Seems fun, wonder how she would have ended up if the ca er was not there",0,0,0,0,1,0
Crowder is terrible... How do you lose that gunfight or not have the common sense to just run away,0,0,1,1,0,0
**GET OUT NORMIES! OUT!**,0,0,1,0,0,0
What?! And you’re not a vegetable?! /s,0,0,0,0,1,0
I was in the top 3 on solo and lost solely due to buddy having 2 concussions.,0,1,0,0,0,0
Maybe? I was def too busy going “ohmygawd motherfucking KING SHARK!?! 🦈 “ to notice,0,0,1,0,0,0
This is disgusting. *secretly gets horny* I've had it with this sub. *opens new incognito tab*,0,0,0,0,0,1
Please no hate it’s my first post bro please,0,1,0,0,0,0
"Ahhh, the old ""if you don't vote the way I do, you're a big dumb idiot"" gambit. ",0,0,0,0,0,1
"Living here. Now my daughters biggest aspiration is to leave this place, and I can’t say I blame her. ",0,1,0,0,0,0
>the satisfaction of knowing how bent out of shape you're getting What a sad existence.,0,1,0,0,0,0
That magazine cover after her first surgery was awful. She got a chin implant or something I think. Receipt:,0,0,0,0,0,1
as much as I could tolerate - sadly I gave you a view.,0,1,0,0,0,0
“I am going to be going through a nasty divorce in a few years so I will need the money.” - [NAME],0,1,0,0,0,0
That logo looks cool in the morning lol almost cyperpunk,1,0,0,0,0,0
You die > mom will be sad,0,1,0,0,0,0
Love the new intro song.,1,0,0,0,0,0
These disgusting old hags are literally old school flesh-consuming ghouls. Like [NAME] or [NAME].,0,0,0,0,0,1
Sakura drops & Goodbye happiness,1,0,0,0,0,0
"Kinda surprised he listed [NAME] and [NAME] in particular, but not [NAME]. I guess this is the Leafs spotlight working in real time here.",0,0,0,0,1,0
Wonder how the iPhones working out,0,0,0,0,1,0
"Watching girly tv shows. Stuff like gossip girl, pretty little liars, and gilmore girls are all a guilty pleasure",1,0,0,0,0,0
"I would not be that mad though. Just disappointed. I am angry at people like you, not the show in itself.",0,0,1,0,0,0
"Cheers, [NAME]!",1,0,0,0,0,0
I would be surprised if she's doesn't have at least 1 kid,0,0,0,0,1,0
This hurts me more than the fan meme.,0,1,0,0,0,0
omg ;; my boy heavy,0,0,0,0,1,0
I'd also report to the post office... and next time these nasty neighbors come-give them the number to call and complain.,0,0,1,0,0,0
Tbh as a [NAME] this sort of news make me happy.,1,0,0,0,0,0
You sound fun at parties,1,0,0,0,0,0
But also: fuck the daily mail,0,0,1,0,0,0
Okay. The wall that he's mentioning. What wall would that be? ***on the border?? Oh my! Big surprise***,0,0,0,0,1,0
Bee happy! ' v'),1,0,0,0,0,0
I see a 14 day old reddit account angry at liberals.,0,0,1,0,0,0
Wow. Yes. But here I am. On my phone. Responding.,0,0,0,0,1,0
Holy shit I’m stupid,0,0,1,0,0,0
I didn't know [NAME] was in a j rock band,0,0,0,0,1,0
Alarming! 🥀🥀🥀 🚓🍩🚓🍩🚓,0,0,0,0,1,0
I fucking love this GIF so much.,1,0,0,0,0,0
In this day and age I’m actually surprised at how many hotels haven’t sorted plugs by the beds yet,0,0,0,0,1,0
Oh wow this is big. Thanks for the heads up. Indeed! So many great memories that I still like to reflect back on. Thanks!,1,0,0,0,0,0
I'm still so sad we never got to see [NAME] witnessing his miracle baby's first steps. ☹️,0,1,0,0,0,0
That's perfectly fine. I'm sorry if I offended you in any way. Have a nice day.,0,1,0,0,0,0
you never wanna hear that but sadly people will say they love you when what they really mean is you are convenient.,0,1,0,0,0,0
"Wow, essential oils can now replace oxygen",0,0,0,0,1,0
"Wow you found the answer, wish you were on top, will link to you in my post",0,0,0,0,1,0
These leaks are actually very credible. It's sad that you guys let Hate and anger blind you from enjoying the experience.,0,1,0,0,0,0
I'm surprised everyone seems to think there will be a season 2.,0,0,0,0,1,0
"Sorry to hear that, mate. Please get some professional help. ",0,1,0,0,0,0
"I will have nothing to do with this specter, who selectively appears to individuals and abandons others. No better than a cruel warlord.",0,0,1,0,0,0
"that sucks, good luck next time!",0,0,1,0,0,0
Wow.....,0,0,0,0,1,0
good to hear my man!,1,0,0,0,0,0
*snerk* People like this kill me. Idiots.,0,0,1,0,0,0
Wow. Racists are really coming out of the woodwork to excuse and defend racism. How sad.,0,1,0,0,0,0
??? Where the hell is this article getting it's data from...,0,0,1,0,0,0
"Oh, fuck off. It’s no one’s fault but yours that you think every mention of the word ‘men’ means you specifically. ",0,0,1,0,0,0
"They didn't actually run any tests to confirm it was even bone, let alone human.",0,0,1,0,0,0
they're shite - disgruntled OCSC fan,0,0,1,0,0,0
I always wondered where it was on ormond. I managed to find the toolbox last week on yamaoka as killer.,0,0,0,0,1,0
That was a fluid motion and it scared me,0,0,0,1,0,0
In the worst of the anger phase I took up running. It’s hard to stay in that state while your legs are burning that much.,0,0,1,0,0,0
[NAME] path made me hate everything associated with pirates,0,0,1,0,0,0
"Oh [NAME], oh no, no no no",0,0,0,0,1,0
Because I have no self-control and I hate myself.,0,0,1,0,0,0
"So, they want a more profitable split? Surprised they wouldn't go for the Discord store then. Didn't it offer even better a split?",0,0,0,0,1,0
"Yeah that’s one of the things I’m most worried about, still hopeful!",0,0,0,1,0,0
I look cuter in red P’s.,1,0,0,0,0,0
Read in the news yesterday that 3.6 million have lost their insurance since the rump took office. I wonder how many of them died because of it?,0,0,0,0,1,0
Disgusting making [NAME] talk to this fat moron,0,0,0,0,0,1
[NAME] why would you blow your load on your fucking suit with fur on it,0,0,1,0,0,0
My barber was thinning my Hair with a new blade and cut my ear. Bled like crazy.,0,0,1,0,0,0
They are probably waiting for his harasser to pull a [NAME]. Filthy men.,0,0,1,0,0,0
"sorry this happened to you. id be sad and angry too if i worked hard on something, and someone took that away",0,1,0,0,0,0
Also put icecream under the taco for a nice sundae suprise 👍,0,0,0,0,1,0
I like how he wrote many of the TRUE [NAME]. I wonder what a fake [NAME] believes in.,0,0,0,0,1,0
is this sub scared to talk about [NAME] getting arrested,0,0,0,1,0,0
"She’s just not that into you, that’s what I think. You need to find an HL girlfriend and go have fun. ",1,0,0,0,0,0
Both parents were drunk. Where were the small children? You helped her cheat and possibly contribute to child neglect. Awesome.,0,1,1,0,0,0
😂 Poor kitty.💗 I can hear that howl and see that face! You betrayed her! 😛,0,1,0,0,0,0
King Gizzard and the Lizard Wizard and Beach House are my two favourite bands.,1,0,0,0,0,0
"I need more videos of this cat, love its face xD",1,0,0,0,0,0
"Lol. Well, I enjoyed our heart to heart either way ",1,0,0,0,0,0
I would be so pissed if I was part of that coaching staff. That was unbelievable.,0,0,0,0,1,0
"Oh gosh, I'm so sorry you had to deal with that. It sounds like you handled it really well. Kids are cruel. ",0,1,0,0,0,0
This makes me smile,1,0,0,0,0,0
Close game but glad to see we came back in the end,1,0,0,0,0,0
"The US and Canada are great allies, it's really a shame they've elected their worst. ",0,0,0,0,0,1
"Wow, I might actually watch this weirdo movie this time. ",0,0,0,0,1,0
I want to clarify that I am NOT scared. I punched the mirror because it looked at me wrong.,0,0,1,0,0,0
it really sucks how absolutely fucked some of us got genetically in the chest department,0,0,1,0,0,0
CONGRATS! So happy for you. May life treat you kindly from now on.,1,0,0,0,0,0
[NAME] here...that guac looks horrible,0,0,0,1,0,0
[NAME] was the same in Crestwood. Scary as hell.,0,0,0,1,0,0
No room. Get lost. I cc u!,0,0,1,0,0,0
You're so cool.,1,0,0,0,0,0
Opposing ethnonationalism and private property is hardly a weird hill for an anarchism to defend,0,0,0,0,0,1
Hello! Happy new years my friend!,1,0,0,0,0,0
Yes no one wants to believe my religion and how to make people happy so it makes me sad,0,1,0,0,0,0
I am literally dumbstruck. Reality has been brought into question. Top tier YouTube comments though.,0,0,0,0,1,0
"I do that anytime I see something pointy. I'm just like, ""I wonder how it would feel to stab my eye with that.",0,0,0,0,1,0
"I don't know what they say about fools and their money, but I'll gladly pay you to find out ",1,0,0,0,0,0
So. Much. *Effort.* I ca't believe a tree died for this sin.,0,0,0,0,1,0
The irony that most of these disgusting things wouldn’t have made it through the winter without vaccines,0,0,0,0,0,1
All the people who got on at canning bridge station this morning and kept pushing and shoving each other like animals.,0,0,1,0,0,0
"It's strange i don't understand how work reddit, i drop a link when i create a post but it doesn't work",0,0,0,0,1,0
"Such dumbass,I think I'm going to take my dog somewhere else",0,0,1,0,0,1
"Ah yes, my apologies!",0,1,0,0,0,0
She’s actually crazy,1,0,0,0,0,0
Oh that’s terrifying,0,0,0,1,1,0
Man at this point I'd be happy with just a few non-sweeps.,1,0,0,0,0,0
FWIW I had a terrible series of experiences at CFA and would never recommend anyone with anxiety go there.,0,0,0,1,0,0
"Really? Edit: Ah yea, I saw the original one. It still reminds me of Wind Maker.",0,0,0,0,1,0
Sucks to suck,0,0,1,0,0,0
It just never got weird enough..,0,0,0,1,0,0
I thought this was a torb skin and I was about to die,0,0,0,1,0,0
"I like to believe he faked his own death, so he can enjoy his many Bitcoin coins and wealth. ",1,0,0,0,0,0
"Congratulations, it is satire!",1,0,0,0,0,0
"For us to be able to do that now, they would proably make us pay for it. ",0,0,0,1,0,0
That thigh gap not cute at all,0,0,0,0,0,1
Fuck pancreatic cancer. Kills so many and it barely gets any funding because all the money goes to shit like 'breast cancer awareness'.,0,0,1,0,0,0
Wow holy shit I didn't realize Reddit has become main stream media great analogy bud,0,0,0,0,1,0
"People will stop wanting to punch/jail these people when they stop being ignorant, selfish pricks putting newborn babies at risk.",0,0,1,0,0,0
WOW I love this photo so much! Is this recent?,1,0,0,0,0,0
"This may be overreacting, but I would not touch those presents. There could be a bomb in them. ",0,0,0,1,0,0
Haha cheers for the kind words mate,1,0,0,0,0,0
Youve missed everything.,0,1,0,0,0,0
I just get sad when I see people commenting on articles and videos about him that they think he's on drugs.,0,1,0,0,0,0
what a surprise i never saw coming,0,0,0,0,1,0
"I find it sadly ironic that a man's job is to protect his family, yet if he's alone with his children they question their safety.",0,1,0,0,0,0
"I just hate the ""I don't know"" people",0,0,1,0,0,0
Get your feet off the table...,0,0,1,0,0,0
Damn MLM at its worst,0,0,0,0,0,1
I just enjoy feasting off tears ....mmmmm,1,0,0,0,0,0
Confirmation sounds really scary and sketchy. I can not not think about cults and rituals everytime...,0,0,0,1,0,0
Just piss off,0,0,1,0,0,0
"Jitter mod SG12 has been a thing for awhile now, it's a wonder you're just now seeing it. ",0,0,0,0,1,0
im glad to know that it's not that likely that I'll be sent immediately. thank you for the kind words :),1,0,0,0,0,0
omg that was full on Tequila [NAME]!!!,0,0,0,0,1,0
GF is false; I saw Mayor get transported and I was stabbed by an SK,0,0,0,1,0,0
This is as subtle as the 2nd choice is the MP telling you to go and fuck yourself.,0,0,1,0,0,0
"This is the worst meme format in the history of meme formats, maybe ever",0,0,0,0,0,1
"i dunno, you commit one little genocide and you never hear the fucking end of it",0,0,1,0,0,0
*Poop hole* Oooohwee!,0,0,0,0,1,0
I would be creeped out.,0,0,0,1,0,0
Exactly! When the mom went to kekeing in [NAME] face to FaceTime with [NAME] in all of 10 minutes my jaw fell to the floor!,0,0,0,0,1,0
Because his reconnaissance is not unique in any way. Literally everyone who saw that movie thought that was surprising.,0,0,0,0,1,0
You're ugly,0,0,0,0,0,1
Fuck this guy,0,0,1,0,0,0
Fuck ya boys let’s go,0,0,1,0,0,0
It’s oddly unsatisfying when someone beats me to saying that.,0,1,0,0,0,0
ahhhhh no how dare i have morals of course the most important thing is that my favorite football team has a better special teams coordinator,1,0,0,0,0,0
"Ohhhh, that makes sense. Cheers mate ",1,0,0,0,0,0
"Wow, you weren't instantly downvoted hundreds of times. The omniscum must have had a salad once and got a protein deficancy.",0,0,0,0,1,0
Sure would hate to explain sodium and water to them as they sprinkle salt on their food.,0,0,0,0,0,1
" a thing, and I’ve had my share of Whistle Pig Pie. I hate me ",0,0,1,0,0,0
Wow. Imagine being this stupid. Life must be so hard for you.,0,0,0,0,1,0
[NAME] will be great. But I will definately miss if she's not there.,0,1,0,0,0,0
"I FFed it too and reading that comment, I am sooooooooo glad I did!",1,0,0,0,0,0
"I'm sorry, but this has also caught my attention and I kinda want to see this screenplay.",0,1,0,0,0,0
I love Wayfair! Just started using them and am impressed. Sounds like UPS sucks. Enjoy your couches! Haha,1,0,0,0,0,0
How much time you got? I enjoy *The Spirit of Redemption* but it's a bit long.,1,0,0,0,0,0
What a weird thing to say.,0,0,0,0,0,1
Oh [NAME]... now you’re stealing my lines.,0,0,0,0,1,0
This is fantastic and I'm happy for her!,1,0,0,0,0,0
"Happy birthday, [NAME]! Hope you have a wonderful day!",1,0,0,0,0,0
this literally made me sick to my stomach,0,1,0,0,0,0
"It's crazy, the first day with icy, snowy roads it's scary but within a few days, grip and visibility sound like fantasy",0,0,0,1,0,0
"Like the poor redhead in True Blood that got vampired as a virgin, but worse.",0,0,0,0,0,1
The biggest Nightmare,0,0,0,1,0,0
My liver CRIES watching these kids. Weeps into a warm cup of steamed milk.,0,1,0,0,0,0
"Man, fuck that shit. He lost us the Sonics, he has no business running for public office.",0,0,1,0,0,0
"Wow, that sounds like it could be great.",0,0,0,0,1,0
I'm honestly shocked that the Bucks have more subs than us. I was surprised the Wolves had more too.,0,0,0,0,1,0
Unemployment was also significantly higher at the end of Old Labours tenure than at the beginning. Yet nobody remembers that.,0,0,1,0,0,0
"Me too! And he was so happy to get that out of her back, he seems like he really cares.",1,0,0,0,0,0
All of season 6 is terrible,0,0,0,1,0,0
People really spend more than $10 in an app game? I mean an actual video game I can understand but that's just...sad,0,1,0,0,0,0
you too! And I'm glad to hear you support your daughters rock/fandom love:),1,0,0,0,0,0
I like how the ceremony goes right out the window after he delivers the rings to get all the pets.,1,0,0,0,0,0
"Yes - summer, and I was with my parents who did all the actual work so I just got to relax with the baby! ",1,0,0,0,0,0
So you're a liar.,0,0,1,0,0,0
"Om [NAME], who kets their dog fight a croc? ",0,0,0,0,1,0
Get off my property,0,0,1,0,0,0
man whenever [NAME] talks i feel like a deaf person because well I just can't hear shit,0,0,0,0,0,1
"Happy cake day, just in case",1,0,0,0,0,0
This is terrifying. Good luck to you and your family. Hopefully they figure out who the creepers are very soon.,0,0,0,1,0,0
Huh? Mutts are usually healthier than pure-breds. It's the pure-bred dogs that have weird genetic issues.,0,0,0,0,0,1
sad that the Euphoric tipbot is no more,0,1,0,0,0,0
What the fuck [NAME]! Are you easy to talk to? 29 years and you didn't see it coming?,0,0,0,0,0,1
"Damn, for real? I'm 250 and drink regularly, if I pound two beers in under a minute I'm good for a little while.",0,0,0,0,1,0
"I do not, sorry! I am not talented in the ways of making/editing videos.",0,1,0,0,0,0
Really? I thought this joke was a bit plane,0,0,0,0,1,0
Seeing him RT rev gave me some hope which hurts worse,0,1,0,0,0,0
"It's like Guatemala, but instead of the US it's Mexico... disgusting ",0,0,0,0,0,1
What is with the pet worship? Should be more worried about your elderly relatives.,0,0,0,1,0,0
"Wow, this is bizarre. Well, I agree too. A wealth tax is exactly what we need.",0,0,0,0,1,0
"OHHHHH! THAT ONE! Oh, *[NAME]*... ",0,0,0,0,1,0
Pull that sucker right up to your face,0,0,1,0,0,0
[NAME] is a creeper and hangs out with underage girls n shit.,0,0,0,0,0,1
🤣🤣🤣🤣 I’m sorry for your misfortune but it’s still funny too.,0,1,0,0,0,0
The Netflix documentary about [NAME] absolutely sucks. Don't waste your time.,0,0,1,0,0,1
> What keeps hurting her though? They are getting absolutely crushed by the crowd probably. There's always jackasses trying to push forward.,0,0,1,0,0,0
You'll feel better about yourself if you don't act like an asshole to people who care about you.,0,0,1,0,0,0
Going through the same thing and I feel the same way. Sadness. I hope it'll pass!,0,1,0,0,0,0
Can you stop living with this person? Engaging in it will only make it more toxic,0,0,1,0,0,0
Omg this is repulsive,0,0,0,0,0,1
proper fucking order,0,0,1,0,0,0
This aged poorly,0,1,0,0,0,0
"BREAKING NEWS, local bartender found chained up in drunks basement!",0,1,0,0,0,0
I have cried in hotel rooms before thinking about the loss from discovering it is a lie. It's tragic and wonderful at the same time.,0,1,0,0,0,0
"I love it. This made me smile so much, which is a big change from [NAME] which made me cry and further increase my depression.",0,1,0,0,0,0
"I had a nightmare about something similar, the combination of high walls and water is truly scary",0,0,0,1,0,0
"Sir, you have been warned. You antagonistic attitude will not be tolerated. Please try harder at being a model citizen. Thank you for your cooperation.",0,0,1,0,0,0
"So, bloody stop feeding cattle, nothing even compares to the resource consumption (waste) of the animal industry.",0,0,1,0,0,0
This is the noise I make in my girlfriend’s ear while y’all are still scared to moan,0,0,0,1,0,0
Y so serious,0,0,1,0,0,0
I set the house on fire and almost killed my entire family,0,1,0,0,0,0
"2 is washed out, 6 and 10 are too dark. Also imgur showed me a bald naked chimpanzee right after your last picture and I nearly choked. ",0,0,0,0,0,1
That guy is gonna regret losing you the rest of his life. You know why i know this? Because i am him 30 years ago.,0,1,0,0,0,0
"It's probably more like when the only tool you have is a hammer, everything looks like a nail. I'm so sick of this paranoia.",0,1,0,0,0,0
Oh my [NAME]. The hand mixer instead of forks. Shredding poultry is like my least favorite thing on Earth,0,0,0,0,1,0
I can’t believe this blatant police brutality,0,0,0,0,1,0
Press fucken charges the moment they use your info.,0,0,1,0,0,0
I would be surprised if [NAME] doesn't let you in. I would write a letter to [NAME] and explain the situation they might make an exception.,0,0,0,0,1,0
This makes me wonder if they fixed [NAME] having a very noticeable gap between her body and legs with her new shorts.,0,0,0,0,1,0
"Yeah he was going like ""YOOOO"" and his boy was like yo chill man tf this aint no club keep yo voice down lmao",1,0,0,0,0,0
That's just sad if it's for a game,0,1,0,0,0,0
Goodbye cruel world.,0,1,0,0,0,0
"I used it for a while. It made me way more sociable and generally happier, optimistic Less anxious and stuck up Until it didnt, so enjoy it while it lasts",1,0,0,0,0,0
"Friend of the younger sister of girl who was killed. She told me it was a bad acid trip. Very sad, family is holding a vigil tomorrow night. ",0,1,0,0,0,0
"The 5 days got an audible ""[NAME]"" out of me. That's terrifying. ",0,0,0,1,0,0
Oh my [NAME] I saw the rocks below the dog and feared the worst!,0,0,0,1,0,0
The judge wasn’t impartial as decided by the appeal court. The judge needs to be schooled.,0,0,1,0,0,0
You die.,0,0,1,0,0,0
"I have. Here, its implying he wants to fuck the dog. The original the dog is just scared of him.",0,0,0,1,0,0
I'm actually scared to find out what kind of thing you could get for breakfast there. I won't check.,0,0,0,1,0,0
My nightmare is having an iphone.,1,0,0,1,0,0
So you'll bleed and be in pain twice that day.,0,1,0,0,0,0
I am so very sorry that you are dealing with all of this,0,1,0,0,0,0
This is dumb. Why is Detroit Lions infiltrating here.,0,0,0,0,1,0
I'm sorry for your loss,0,1,0,0,0,0
Why would anyone forget how dominant he is? Lmao Oh yea we suck.,0,0,1,0,0,0
Let me just say that your posts over the past twelve days have brought me so much joy,1,0,0,0,0,0
"This makes me so happy, having a step parent can be a sensitive thing but you are definitely a good example of what to do, congrats!",1,0,0,0,0,0
"No, but its a big problem in itself. ",0,0,0,1,0,0
Buying Bitcoin at it's peak is the equivalent of people buy Fyre festival tickets. I'm glad I did neither,1,0,0,0,0,0
"Actually feel sorry for her. She has depression and low self esteem, this is not going to make it better.",0,1,0,0,0,0
Sending love. I am so sorry you are going through this,0,1,0,0,0,0
I spent like 6 hours overnight browsing the top posts here when I decided to check it out I hate how much I can relate,0,0,1,0,0,0
Shock collars are horrible. They poor pup. 😫,0,0,0,1,0,0
"Fuck, my wife and I spent less than a *fifth* of that. Wow. ",0,0,1,0,0,0
Horrible night for dodo,0,0,0,1,0,0
"Wow, you must've never been on /pol/ or like dozens of anti [NAME] subreddits.",0,0,0,0,1,0
Enjoy your gold!,1,0,0,0,0,0
I’m blown away by how many people know this.,0,0,0,0,1,0
This is the scariest thing I think I’ve ever read on here. That is just so horrible.,0,0,0,1,0,0
Omg! An attentive parent actually teaching their children to safely handle guns! The horror!,0,0,0,0,1,0
"oh, what an unlucky woman, that mother of his...",0,1,0,0,0,0
Happy birthday [NAME] !,1,0,0,0,0,0
No. That is creepy and weird. If you don’t trust her .... move on.,0,0,0,0,0,1
I bet you’re really fun at parties.,1,0,0,0,0,0
Im glad your out too! Im glad you found joy in camping =),1,0,0,0,0,0
"Oh damn, look at that areshole telling the truth. Get him.",0,0,1,0,0,0
Stop laughing at me.,0,0,1,0,0,0
One my favorite seasons to rewatch. All the glorious fights. [NAME] is forever a queen,1,0,0,0,0,0
I saw 25yr old with 3 kids and a house. How do u think I feel. I'm over 30 and still single.,0,1,0,0,0,0
Same. Body hair (on my own body..I don't care what anybody else does with THEIR body hair) grosses me the fuck out.,0,0,0,0,0,1
"I'm sorry, no. The hostess was 15. I was 24. At the steakhouse, only hostess girls answered phones.",0,1,0,0,0,0
"It sounds like you’re the one who is afraid of the internet. Relax, bud. You’re on r/cringe ",0,0,0,1,0,0
And? Did i say they didnt? Read the whole thread you bimbo,0,0,1,0,0,0
"r/mildlyinteresting's stupid ""guys look at this thing I made aren't I cool??"" posts are the absolute worst",0,0,0,0,0,1
That ice is dangerously thin for such a hot take.,0,0,0,1,0,0
4! The sweetest year.,1,0,0,0,0,0
"[NAME] looks too creepy,but it's a very nice drawing.",0,0,0,1,0,0
Fuck Liberty Counsel. They are a hate group.,0,0,1,0,0,0
i didn't knew your toe can get that flat without breaking the nail in thousand of pieces,0,0,0,0,1,0
Your life must be miserable. That's sad somehow,0,1,0,0,0,0
"Minor league team names are often embarrassing...Biscuits, Rumble Ponies, Sand Gnats. Baby Cakes is particularly awful though, I’ll grant you that.",0,0,0,0,0,1
Makes me very happy indeed.,1,0,0,0,0,0
"Enjoy a weekend of eating ice cream 100% guilt free. (That's standard practice for wisdom teeth still, right?)",1,0,0,0,0,0
Great to hear that. Scary few hours for y’all.,0,0,0,1,0,0
Shocking description of the criminals. Never could have guessed that,0,0,0,0,1,0
"This is so sad. [NAME], play 'bitch lasagna'",0,1,0,0,0,0
Damn sorry to hear bro. You guys still friends though?,0,1,0,0,0,0
**WAIT THAT WAS A REAL STORY!?!?!? WHAT THE FUCK**,0,0,0,0,1,0
I like the new colors significantly better. Old ones might have been some of the worst in OWL.,0,0,0,0,0,1
"True, but I meant he has no holiday themed skin from any of those events and all his skins (volsksya included) are pretty bland sadly...",0,1,0,0,0,0
A lack of the romantic partner is the stressful situation in my life.,0,1,0,0,0,0
Go on a group vacation!! Or a concert weekend that’d be fun!,1,0,0,0,0,0
[NAME] did a YT vid and now everyone trying to be like him. Sad!,0,1,0,0,0,0
Fuck,0,0,1,0,0,1
"Accidentally clip through a bathroom wall, get slapped",0,1,0,0,0,0
So Green Bay doesn't get him... I'd be sad for the kid.,0,1,0,0,0,0
HHahah. Right? I’m scared,0,0,0,1,0,0
"It's already the 2nd here, but happy new years! 🎉",1,0,0,0,0,0
What in the fuck was [NAME] doing there,0,0,1,0,0,0
Is this [NAME]?,0,0,0,0,1,0
"This is like the third repost of this. But yes, very sad indeed.",0,1,0,0,0,0
"Well, i really can not believe that in 21 century religion can offer solution for all the problems. ",0,0,0,0,1,0
I feel like I'm watching a scene in an action movie but with penguins,0,0,0,0,1,0
"What game do you think that is ? Because that'd be Tetris or Minecraft my dude, not your teenage greasy neckbeard crap. Sorry.",0,1,0,0,0,0
"Wait, wut? I thought there was some sort of (2) term pledge from",0,0,0,0,1,0
He said this awhile ago. His splits away from coors scares me.,0,0,0,1,0,0
That's a lot of calories!,0,0,0,0,1,0
Ain’t that the truth. August is Hell!!,0,0,0,0,1,0
So prison isn't enough? You want him raped? That's disgusting.,0,0,0,0,0,1
"Everyone hates guys that talk shit and can't back it up, don't start shit when you suck.",0,0,1,0,0,0
Oop my bad,0,1,0,0,0,0
Shut up [NAME],0,0,1,0,0,0
Can’t believe we’re letting [NAME] go. So much energy since he’s come on.,0,0,0,0,1,0
How incredibly dangerous,0,0,0,1,0,0
Fuck man I didn’t plan on crying in my cube today,0,0,1,0,0,0
That's kind of sad to be honest.,0,1,0,0,0,0
Finally the UN gets off their ass and does something. So glad she’s finally safe (for now).,1,0,0,0,0,0
"I’m actually not! From USA, sadly. 🙃 Edited to add: unless you didn’t mean me, then I apologize! ",0,1,0,0,0,0
Completely disgusting.,0,0,0,0,0,1
I'm a guy and it's the same for me! I'm glad I'm not the only one who feels this way. 😊,1,0,0,0,0,0
Making DC climate an unapologetic brutality with blistering dry winds and no snow on a typical day.,0,0,1,0,0,0
Sad... RIP,0,1,0,0,0,0
I just enjoy using intelligent words...? I left him,1,0,0,0,0,0
I will call the police if you dont stop harassing me,0,0,1,0,0,0
There are racist morons everywhere.,0,0,1,0,0,0
You seem fun,1,0,0,0,0,0
At least I dont care about any of them.,0,0,1,0,0,0
Buddy rocket league fair? I’m play 2 but I play like champion 1 and just get shit teammates 😡,0,0,1,0,0,0
Looking at this hurts my teeth but dot damn those roses look so pretty,0,1,0,0,0,0
"Oh wow, this is the first I've heard of her aligning with those people. ",0,0,0,0,1,0
Man hope he recovers fast. Looked really painful,0,1,0,0,0,0
I agree. She seemed to truly love [NAME] . [NAME] loves the life [NAME] provides fir him. It’s a sad situation.,0,1,0,0,0,0
aha my favorite reply :),1,0,0,0,0,0
Honestly took me by surprised. Good job!,0,0,0,0,1,0
Holy shit that was fucking bad...,0,0,1,0,0,0
The fact this isn't a [NAME] Attorney at Law Gif about this makes me kinda sad.,0,1,0,0,0,0
How she used the entire video without any editing.... that’s copyright,0,0,0,0,1,0
Damn these refs actually fucking hate us.,0,0,1,0,0,1
"They’re both good towns. Personally, I prefer Westfield. It has a better downtown, better schools, and the traffic is less awful. ",0,0,0,0,0,1
And to think all along I was wondering if it was left hand turn day or just me!,0,0,0,0,1,0
[NAME] just put a huge hole in my heart.,0,1,0,0,0,0
"you are trying to use post-modern mumbo jumbo deconstruction of words. Go away, idiot.",0,0,1,0,0,0
"With the weather we are having, it is a surprise when a battery works.",0,0,0,0,1,0
Technology bad!,0,0,0,0,0,1
"Same, I hate myself for finding the last 4 chapters... my heart is devastated.",0,1,0,0,0,0
21 million went to [NAME] throughout his tenure…ridiculous,0,0,0,0,0,1
"Happiness is not earned, it is a choice that can be made once your basic needs are met.",1,0,0,0,0,0
Now it's cheering for the two to come back,1,0,0,0,0,0
I think they were just doing their job. Reporting what they saw. And yea that was the happiest I have seen [NAME]. Weird.,0,0,0,0,1,0
It was shocking to me when I realized this! Best of luck on your journey!,0,0,0,0,1,0
I live an hour from one but was afraid of driving all the way there and them telling me that I have to order one.,0,0,0,1,0,0
"FUCK OFF THAT""S A PEN",0,0,1,0,0,0
poor little dude! Glad he's okay. He and his brother have a story to tell now.,0,1,0,0,0,0
"I don't control the Lib Dems, shockingly.",0,0,0,0,1,0
I'm gonna say that I hate Randazzo's because of their terrible icing. Haydel's is decent and ships.,0,0,0,0,0,1
You would know if you weren't such a Filthy Ricefield Peasant.,0,0,0,0,0,1
"This can’t be the end of the back, garbage TV! I’ll miss you!",0,1,0,0,0,0
This sub can be so ridiculously cynical. It's just a pretty picture of a sign!,0,0,1,0,0,0
"Its horrifying to think about getting separated from your family, friends and the culture you were living into somewhere new and unfamiliar just like that",0,1,0,0,0,0
"So just for the record, I’m with you on the football end: Love the Broncs, hate the Pats. 🏈",0,0,1,0,0,0
"Thanks. And I suppose, but I think I gave up on justice. It’s too late. I just want revenge now.",0,0,1,0,0,0
"You’re right, republicans are worse because they have nukes.",0,0,0,0,0,1
The orange man angers me and I do not like him.,0,0,1,0,0,0
Shhhhh you are devastating their argument. You might trigger them. It’s the only trigger they love.,0,0,1,0,0,0
I'm glad you're safe - but don't feel sorry for him. He knows what he is doing.,1,0,0,0,0,0
It usually comes out after people catch me dissociating.,0,1,0,0,0,0
"Forgot he had been sent down and was really confused, but happy about this post.",1,0,0,0,0,0
I hate fags,0,0,1,0,0,0
"Well, my upcoming adverts are going to be interesting!",1,0,0,0,0,0
Imagine thinking like this. I feel kinda bad for them.,0,1,0,0,0,0
Right before that he called [NAME] for getting barged in the back and nearly kicked in the face. Weird performance. Didn't change the result mind,0,0,0,0,0,1
U will hate it shortly,0,0,1,0,0,0
I was AF enlisted too hahaha,1,0,0,0,0,0
"Sorry, I’m just so hungry right now ",0,1,0,0,0,0
WAIT IS THIS FUCKING LOSS!?!,0,0,1,0,0,0
Wow you're so moral you've changed my outlook on remainers,0,0,0,0,1,0
Utter nonsense from yourself.,0,0,1,0,0,0
"If it's Fttn, then not much, maybe worse, because it's still using that shitty old rusted copper running through that same old leaky pit",0,0,1,0,0,0
There's always something endearing about a reply trying to keep the enthusiasm going. You enjoy that new toy as much as you can.,1,0,0,0,0,0
I’m really glad to read that ex-spouses are friends after. Good for you all!,1,0,0,0,0,0
"Yes!!!! Great weekend. As others have said, I can now enjoy the rest of the playoffs",1,0,0,0,0,0
Fucking hell! I've been out there protesting orange people all this time. I need funding for new signs!,0,0,1,0,0,0
I flew off the handle and that's my bad.,0,1,0,0,0,0
What a horrible person,0,0,0,1,0,0
Talk about a fucking hot take. Quality shit posting from [NAME] (not you [NAME]).,0,0,1,0,0,0
Oh. I never heard that before.,0,0,0,0,1,0
Thats one way to make political and economic instability sound super fun,1,0,0,0,0,0
I live in Northern Scandinavia now and one of the biggest culture shocks to my American brain was the groups of very young kids just roaming the neighborhood.,0,0,0,0,1,0
Talk to your grandparents... you will be surprised on how much general knowledge they have to share.,0,0,0,0,1,0
I've gotten injured before in RTTS from being hit (Bruised hand). 3 day DL.,0,1,0,0,0,0
because you are in danger of appropriating methhead culture.,0,0,0,1,0,0
Wow! You were either a very precocious child or still lived at home when your wisdom teeth came in.,0,0,0,0,1,0
That was nasty... but also the most real thing I’ve seen on the show lately.. lol,0,0,0,0,0,1
Idk how to use any.... the 5th one looks scary,0,0,0,1,0,0
Can’t be worse than last week,0,0,0,0,0,1
That’s good to hear..I’m so worried I’ll be making the wrong choice by leaving my job I hate soon.,1,0,0,0,0,0
3 Hours of [NAME] pissing on the floor in public,0,0,0,0,0,1
Omg lmfao!!,0,0,0,0,1,0
i’m sorry i don’t have the box with me,0,1,0,0,0,0
"Wow after that [NAME] turnover, I've never turned off a game so fast",0,0,0,0,1,0
I am glad I'm not the only person who noticed that bit of WTFuckery. 🤣,1,0,0,0,0,0
honestly surprised i havent lost power,0,0,0,0,1,0
Cheers for that!,1,0,0,0,0,0
"im not talking about a studio. im talking about *people*. people that you're lying about, because you're an uninformed yet arrogant, entitled child.",0,0,1,0,0,1
Les Collines (Never Leave You) is still a bop. I loved that song and is still awesome in 2019.,1,0,0,0,0,0
I'm surprised no one's talking about the guy in the picture. What a thrussy!,0,0,0,0,1,0
And you know they never grow out of that...I hate people. Myself included.,0,0,1,0,0,0
"i enjoyed this a lot. i especially enjoyed ""Everybody bleeds a little when they brush their teeth """,1,0,0,0,0,0
"Yes, is there any way we can do this? Cos fuck that POS.",0,0,1,0,0,0
"No, just act surprised if anything comes of it. ",0,0,0,0,1,0
I think someone else should open a drive through so I can enjoy the flavours without the dishes aha,1,0,0,0,0,0
This is so infuriating.,0,0,1,0,0,0
These people have absolutely no confidence in their ability to make a living. It’s pathetic.,0,1,0,0,0,0
Try painting a penis around the pothole. Seems to have worked in Manchester,0,0,0,0,0,1
"I really enjoyed Fractured But Whole, but I don't remember the meals being significant (it's been like a year). Can you explain?",1,0,0,0,0,0
Was almost hit by some idiot yesterday that drove straight through a red light and into a crossing.,0,0,1,0,0,0
“I’ll never have a playoff mandate” go fuck yourself [NAME],0,0,1,0,0,0
Lol [NAME]. Everyone ignores me. This just sounds like something a child would say. Sad.,0,1,0,0,0,0
He said i am being rude to her,0,0,1,0,0,0
"Oh so you're being a troll, good to know.. I actually thought for a second that disgusting, freak couples like y'all actually existed",0,0,0,0,0,1
Damn she might have actually had a stroke if she started panicking,0,0,0,1,0,0
It is so crazy to me that people unironcally use “kicks their trash”. I guess they just don’t want to swear.,0,0,1,0,0,0
Holy fucking shit,0,0,1,0,0,0
I just want to be alone in a cabin up north near flagstaff.,0,1,0,0,0,0
"I do. Am chemist. Stop serving me things that remind me of work, goddamit.",0,0,1,0,0,0
Oh look a player breaking out of a slump against Dallas. Haven't seen this one before,0,0,0,0,1,0
"Wow, sorry, bruh. I didn’t realize we were in the presence of genius. Please elaborate.",0,0,0,0,1,0
Ya done goofed kid. All you had to do was win.,0,0,1,0,0,0
Ugh. People are the worst!,0,0,0,0,0,1
"Nice, Butt Stallion just chilling in the background",1,0,0,0,0,0
Always a pleasure to have our board of directors pay us a little visit.,1,0,0,0,0,0
His Batman/TMNT book is a really fun read with great art.,1,0,0,0,0,0
the older me would be scared shirtless knowing all the fireworks that exploded nearly in my hand as a kid,0,0,0,1,0,0
"Probably the same thing the rest of us do, chuckle and ponder how it can get any worse 😂",0,0,0,0,0,1
"IMO, cheaters are only sorry they got caught, not because they betrayed their spouses and had an affair. ",0,0,1,0,0,0
"[NAME] is huge fucking liar, but you seem to like him.",0,0,1,0,0,0
Goddamn it...,0,0,1,0,0,0
It's so sad,0,1,0,0,0,0
That scene traumatized me the first time I watched it,0,0,0,1,0,0
Yes! Im glad you see where he got that n-word take from 😂😂,1,0,0,0,0,0
Oh the joys of Marine Corps boot camp!!,1,0,0,0,0,0
"Other than some wacky pick up orders, the dine-in customers are very sweet at my place. It’s a good thing :)",1,0,0,0,0,0
Yeah this angle is nauseating.,0,0,0,0,0,1
Grats man. I hit my second live one today coincidentally! Feels good :),1,0,0,0,0,0
I got so high someone from the future stopped me from getting high.,1,0,0,0,0,0
he ded.... and why the fuck these POSs have cellphones in prison.,0,0,1,0,0,0
"All the things you've been thinking about, fangirls, make me sad.",0,1,0,0,0,0
I usually see tweets like this for girls but it feels nice to have it directed at boys,1,0,0,0,0,0
I’m the most surprised that [NAME] is 35. Seems like just yesterday he was plotting with [NAME] on how to get booze for the party,0,0,0,0,1,0
It's not a murder or a cringe. Just seems like two friends joking around.,1,0,0,0,0,0
And religion isn't displayed on uber page. She saw a brown person and refused to interact with them solely based on race. She's a racist.,0,0,1,0,0,0
"All good man, I don't get the college football hate I see on here, and I hate the big ten disrespect I see everywhere. ",0,0,1,0,0,0
Putting any human on the same level as [NAME] is sacrilegious and you should be ashamed for spreading such blasphemy.,0,0,1,0,0,0
Its fun to draw in an empty space.,1,0,0,0,0,0
The fact that the passenger gives a thumbs up drives me crazy,1,0,0,0,0,0
I knew I'd see him here eventually. I really like his animations. They're cute and funny,1,0,0,0,0,0
really thought he'd hit a bird for the longest time.,0,0,0,0,1,0
A 100years? That's far too long dude. Reminder: ww2 was 73 years ago...,0,0,0,0,1,0
"Surprised, Playtest isn't mentioned. The ending is just god damn!",0,0,0,0,1,0
"I LOVE [NAME]. I truly do. I will be happy to vote for her, but pointing out clear differences is not negative.",1,0,0,0,0,0
[NAME] damn it,0,0,1,0,0,0
No matter which you pick ([NAME] or [NAME]) the dance and the date scenes were great. It genuinely makes me happy seeing [NAME] happy.,1,0,0,0,0,0
"It's gonna be the next ""live, laugh, love"" with everyone running around talking about if things ""spark joy""",1,0,0,0,0,0
Right?? It makes no sense she’s horrible,0,0,0,0,0,1
Conversion to make gay people straight. It's horrifying,0,0,0,1,0,0
What a pathetic reply. I know we’re all supposed to be nice here but c’mon.,0,1,0,0,0,0
"I can't believe people are saying [NAME] should have been saved, she knew like 10% of the words",0,0,0,0,1,0
It hurts to snap out of that denial and face the truth your loved ones are dead... I guess.,0,1,0,0,0,0
"Im color blind, i usually see blue as purple and red as green soo...",0,1,0,0,0,0
"I have a feeling this is gonna get really crowded, and end up being a shit show with such short notice for everything.",0,0,1,0,0,0
That's really sad. I used to live not far from there and spent a lot of time in that park. Fished in those ponds many times.,0,1,0,0,0,0
Wow fuk I'm watching that right now,0,0,0,0,1,0
"""Sad"" but ""true"" There you go I fixed it for you.",0,1,0,0,0,0
"Sad thing is, I wanted to, but I’m stupidly awkward...",0,1,0,0,0,0
Sonic boom is funny as hell. I love the writing so much.,1,0,0,0,0,0
"Genitals in general are just kinda creepy, fleshy bits.",0,0,0,0,0,1
Get outta here and delete your post cause you're sure gonna look dumb in front of a lot of people other than me.,0,0,1,0,0,0
"dude, your mom is a fuck-nugget, i’m so sorry you’re dealing with this ",0,0,0,0,0,1
that's weird... playing Smash Ultimate usually just makes me feel like drinking.,0,0,0,0,1,0
Sadly the minimum wage in Virginia is only $7.25 an hour so that definitely would not be enough.,0,1,0,0,0,0
And [NAME] just got laughed off the stage. How things would be different if he had won. Seriously timelines would be so different.,1,0,0,0,0,0
"Had a baby before, those movements should be the last of your worries",0,1,0,0,0,0
Oh my good lord. I just somethinged over his highlight reel.,0,0,0,0,1,0
"Is it just me, or do these children look really uncomfortable around the Duggars? The smiles look forced...",0,1,0,0,0,0
Quit being racist. They're just being racists.,0,0,1,0,0,0
I'd say the guy who was going beat [NAME] face in is the worst character on the show.,0,0,0,0,0,1
"What she is doing is child abuse, plain and simple. Fight with everything you have to protect your kids. ",0,0,1,0,0,0
They will be once enough young progressives have replaced the older centrists :) Welcome to the new Democratic Party!,1,0,0,0,0,0
I'm getting old. :/,0,1,0,0,0,0
I feel like that’s the least disgusting option. Imagine a penis or vaginal canal made out of fingers.,0,0,0,0,0,1
"[NAME] living in y’all heads rent free lol. It’s kinda sad ngl. EDIT: Thanks for proving my point, guys 😘😘😘",0,1,0,0,0,0
"Just like you can't underestimate the capacity for evil, you can't underestimate the capacity for stupidity ",0,0,1,0,0,0
"Apparently a 3 year extension for DACA is what's on offer. No pathway to citizenship. That's gonna be a ""fuck no"" from me, dog. ",0,0,1,0,0,0
I BELIEVE! I am sad that likely no one else will see it besides me...,0,1,0,0,0,0
"This is such a lame idea. Instead of getting better and outplaying your opponent, you just want to make your opponent worse. Sad.",0,1,0,0,0,0
"I went through that phase, I was quite depressed. ",0,1,0,0,0,0
"It's a Falling In Reverse song, which makes it even more terrifying",0,0,0,1,0,0
"""Help! It's an educated brown woman! Help meeeeee!""",0,1,0,0,0,0
ITS MAM!,0,0,1,0,0,0
That's what I was wondering too.,0,0,0,0,1,0
Burn it!,0,0,1,0,0,0
What happened? I can’t stop thinking about this post. Her poor family. Those kids. 😢,0,1,0,0,0,0
Ayyy you're welcome! x),1,0,0,0,0,0
What a weird and slightly creepy thing to come to mind as a reaction to this video. /s Edit: apparently indicating my sarcasm was necessary here.,0,0,0,1,0,0
"Lost his legs, what an idiot.",0,0,1,0,0,0
I wonder what would happen if you did the same thing to him.,0,0,0,0,1,0
Right there with you. 20 years together and suddenly its over. I'm tired of crying and hurting. We'll get through this.,0,1,0,0,0,0
Very sad news for the man. Widespread travel disruption is expected for the evening commute,0,1,0,0,0,0
What a REPOST! STOP REPOSTING THINGS PEOPLE LITERALLY JUST POSTED.,0,0,1,0,0,0
"Instant fucking turn off, ugh. Fuck us for wanting equality across the spectrum",0,0,1,0,0,0
LETS FUCKING GOOOOO,0,0,1,0,0,0
There's a guy that died after he let a horse do that. He'd probably have survived if he sought medical attention sooner.,0,1,0,0,0,0
I can’t believe I’m agreeing with [NAME].,0,0,0,0,1,0
> I know I should feel happy why,1,0,0,0,0,0
"Really? I live down the street from there, thanks!!!",0,0,0,0,1,0
well guys it was fun. [NAME] passed up the open three ffs,1,0,0,0,0,0
Omg this.. completely relatable and depressing.. yay for us.,0,1,0,0,0,0
You commie bastard,0,0,1,0,0,0
I'm 34 and disappointing my mother is still my greatest fear.,0,0,0,1,0,0
Makes me sad I'll never be with a beautiful woman.,0,1,0,0,0,0
fuck off. let people enjoy what they want to enjoy when it doesn't impact you.,0,0,1,0,0,0
One of the 7 dwarfs is called happy,1,0,0,0,0,0
[NAME] they need a union so badly.,0,0,0,0,0,1
Wow so you really are pro-abuse huh,0,0,0,0,1,0
I miss mass Rez her new ult is horrendous,0,0,0,1,0,0
"Happy New Year to you, too!",1,0,0,0,0,0
Mine starts sweating and wondering why it’s so hot if the ac is on! 🤣😂,0,0,0,0,1,0
"Omg the etsy side hustle. I have time to do that, and it fulfills me so much",1,0,0,0,0,0
It is sad they didn't have a 4k highspeed camera running on this... I feel like the world lost an amazing possibility,0,1,0,0,0,0
That sucks I'm sorry. Ive always been dismayed at how flippant people are.,0,1,0,0,0,0
"RIP [NAME], you were a sweet girl. It's been over 10 years but I still miss you.",0,1,0,0,0,0
Phoenix sunrises and sunsets have been nice the past week with all the clouds and rain - beautiful shot!,1,0,0,0,0,0
Seafood is nasty af. I refuse to prepare seafood in my kitchen.,0,0,0,0,0,1
"Well the last sentence reallt hurts, but still I'll do my best to stay with her and keep her happy. I really love this girl",0,1,0,0,0,0
"Great. So increase prices 20% overall, give the waiters the extra money. I'm happy with that. 20% is a great tip.",1,0,0,0,0,0
That's even worse honestly,0,0,1,0,0,0
The Tommy Gun as a crate weapon! Just the worst feeling.,0,0,0,0,0,1
This is disgusting.,0,0,0,0,0,1
"If you ever wondered where ISIS got their method of killing homosexuals, wonder no more. Source: al-Jawab al-Kafi p. 260-263 as Quoted by Islamqa: ",0,0,0,0,1,0
Bad news dude. You're almost 100 years past that.,0,1,0,0,0,0
[NAME] is letting [NAME] play 3 :0. That is good news.,1,0,0,0,0,0
"[NAME] woke up, it was all a dream, he was really looking forward to King [NAME] visiting Winterfell. They had a good time",1,0,0,0,0,0
Sounds like you have a great doctor. Most are scared to give you any sort of advice like that.,0,0,0,1,0,0
I hate poetry,0,0,0,0,0,1
I wonder if your mother is proud of the person you became,0,0,0,0,1,0
"_warm and fuzzy feelings..._ Damn it, I'm getting all sentimental again...",0,1,0,0,0,0
"""A lion never stretches before it hunts."" ... Glad to see he's already on board with Green Bays injury first mindset. ",1,0,0,0,0,0
And so are you!,0,0,0,0,1,0
"*""Wow""*",1,0,0,0,0,0
"I'm from Buenos Aires, and I say kill 'em all!",0,0,1,0,0,0
"But tbh, i dont think i am disgusting, but my feet still get smelly after a while ",0,0,0,0,0,1
"""We're sorry, all circuits are busy now due [NAME] lost keys, try your call again""",0,1,0,0,0,0
"Confirmed that men are literally soulless, it's a matter until they start eating humans",0,0,0,0,0,1
same but with cats. Puppies are really high maintenance and make me angry when i have to take care of them.,0,0,1,0,0,0
That poor kid. That is going to cause some issues for them as well down the road.,0,1,0,0,0,0
"well the irony is that felons are discriminated against, even non violent offenders.",0,1,0,0,0,0
What? They all like Kingdom Hearts on Oneyplays. They just make fun of how ridiculously stupid the plot is.,0,0,1,0,0,0
Trial by jury of my peers is honestly my worst fear,0,0,0,1,0,0
"I'm so happy to hear you've recovered. Can I ask: are you able to maintain a healthy, stable romantic relationship?",1,0,0,0,0,0
You’d be surprised how often that works though,0,0,0,0,1,0
I am stunned,0,0,0,0,1,0
"That's really the only standard of your life, whether or not it makes liberals furious? Sad.",0,1,0,0,0,0
Lol I’m sorry that has to be terrible if we were up 19 just to get smothered at the end.,0,1,0,0,0,0
I'm just glad everything came out okay.,1,0,0,0,0,0
"The children are still being abused, neglected and treated like rubbish. White Australian policy has been horrific and continues to be horrific.",0,0,1,0,0,0
"Oof, that's rough. :( Sorry that happened to you, mate. ",0,1,0,0,0,0
An afternoon of Big Cat vs Vol Twitter will be fun,1,0,0,0,0,0
or a horrible night of 15/4/4,0,0,0,1,0,0
Aww that makes me happy!,1,0,0,0,0,0
"The fuck? Come from nothing, now something doesn't matter? ",0,0,1,0,0,0
Hands down one of my favourite VA's and a main reason I go FemShep or play games she's in.,1,0,0,0,0,0
But it’s so hideous,0,0,0,0,0,1
"[NAME], my eyes are hurting from how furiously they're rolling in my sockets right now.",0,1,0,0,0,0
> and no one but angry community fanboys have pushed back against his statements.,0,0,1,0,0,0
Then he stabbed like five cops and hid in a haystack,0,0,0,1,0,0
The dryer sounds like a fire hazard to me.,0,0,0,1,0,0
It makes me wonder if Old Money New England families are into their own cousins a bit much.,0,0,0,0,1,0
"Im sorry that I'm only able to give a single upvote for this wonderful, graphic, and accurate visualization.",0,1,0,0,0,0
OMG I totally forgot about that episode. What a nightmare,0,0,0,0,1,0
You president now?,0,0,0,0,1,0
I'm sad that you are against abortion. Can I drop my unwanted baby off at your door ?,0,1,0,0,0,0
What the heck?!,0,0,1,0,1,0
Shut up 15 year-old,0,0,1,0,0,0
I'm so glad you got your angel back. Also she is trying to monopolize DHs free time.,1,0,0,0,0,0
"CREEP FACTOR MIDNIGHT ""virgins gonna be scared""",0,0,0,1,0,0
Go take a shower your personality stinks,0,0,0,0,0,1
I’m surprised alcohol isn’t entirely sold by the state like it is in many states in the East.,0,0,0,0,1,0
"This is heartbreaking. She always meant well, and really wanted to see people get along. She deserved happiness.",0,1,0,0,0,0
"Yep, hell of a listener",0,0,1,0,0,0
Really? Cuz hella 18 year olds with bad grades from my high school seemed to do it with ease.,0,0,0,0,1,0
You sure its not just the host quitting which disconnects everybody? Happens all the time and its incredibly frustrating.,0,0,1,0,0,0
Woooooo theres the boeser we know and love,1,0,0,0,0,0
Was at the game yesterday and at the game now. It's a miserable gong show. Why do I keep doing this to myself?,0,1,0,0,0,0
Glad there's someone on here with a little sanity.,1,0,0,0,0,0
You know I asked once and he was livid. But sometimes I wonder.,0,0,0,0,1,0
Shut up nerd,0,0,1,0,0,0
That’s downright creepy. It’s as if he’s testing if $50 will keep you quiet if he does inappropriate things.,0,0,0,0,0,1
I’d go back to the 1996 season. That’s the last time we were in crazy cold territory.,1,0,0,0,0,0
omg so quirky,0,0,0,0,1,0
"Hey [NAME]! **TRY DRAWING TWO CARDS NOW, YOU STUPID FUCKING BASTARD!!**",0,0,1,0,0,0
" yay!!! Congratulations! You are so pretty, make up is going to look awesome on you! Your hair is beautiful too ^_^",1,0,0,0,0,0
Really surprised I had to come this far down to find this!,0,0,0,0,1,0
Shows you that one must never underestimate the rust caused by ACL injuries,0,1,0,0,0,0
"Honestly, I have a hard time sleeping in socks. The fuzzy ones are the worst because they slide around on my feet.",0,1,1,0,0,1
So that's how people get their cars sideways in those crazy pictures. I'd always wondered.,0,0,0,0,1,0
VP pick guaranteed - and the pivot will be hilarious,1,0,0,0,0,0
Maybe it's similar to how [NAME] hates cantaloupe.,0,0,1,0,0,0
:( im sorry,0,1,0,0,0,0
"Oh no, [NAME] baby! WHAT is you doing?",0,0,0,0,1,0
Luckily I don’t like beer so I don’t have to worry about that.. but my love for bread more than makes up for that!,1,0,0,0,0,0
We will never survive with 5% unemployment with moderate growth and a continued house building program to correct supply. Sounds horrendous,0,0,0,1,0,0
>it is fleshy I am horrified to learn that my flesh is fleshy,0,0,0,1,0,0
Glad things came out alright for you...,1,0,0,0,0,0
You took a HUGE risk. He paid....now be ready for payback time!,0,0,1,0,0,0
"My anger, up 50%. ",0,0,1,0,0,0
"Thanks, I hate it. They're out now though.",0,0,1,0,0,0
Happy to hear this! Stay strong and continue fighting! We believe in you <3!,1,0,0,0,0,0
What the hell- they're paying for cars they don't and won't ever own?!,0,0,1,0,0,0
Any more comments calling me SWERF for caring about sex workers will be blocked and reported I s2g,0,0,1,0,0,0
"Wait, what? You're a gamer who's never even heard of TB?",0,0,0,0,1,0
You too. Glad to hear your respectful voice again,1,0,0,0,0,0
"I think the saddest thing here is that he thinks ""by-my-self"" is how to write that.",0,1,0,0,0,0
"I read that as ""It's fat being fucked in the picture"" lmfaoooo",0,0,1,0,0,0
Irrational anger especially certain family members,0,0,1,0,0,0
i once dipped a raw hot dog in chocolate pudding when i was dared too. it was dreadful.,0,0,0,0,0,1
"Life must be difficult for her then, I'm surprised she can leave her home. Hopefully she finds help if she wants it. ",0,0,0,0,1,0
A new mattress if you can swing it. Company provided mattresses are typically pretty garbage.,0,0,0,0,0,1
"Im at the game,somebody please put me out of my misery ",0,1,0,0,0,0
The amount of hate that [RELIGION] people get in the world is absolutely staggering.,0,0,0,0,1,0
"Dude I don’t even know what that guys deal is, but honestly, I feel bad for him",0,1,0,0,0,0
"Without fail saying ""moist panties"" makes every woman cringe.",0,0,0,1,0,0
That’s! How you defeat a bear!!!!,0,0,0,0,1,0
"I will say, this tanking season is a lot more enjoyable than [NAME] cause we don't see [NAME] looking confused on the sideline every game.",1,0,0,0,0,0
What's it matter where this came from? It fits every content guideline and we're enjoying it.,1,0,0,0,0,0
What a disgusting person she is,0,0,0,0,0,1
Who’s fucking a shark !?,0,0,1,0,0,0
🤷🏼‍♀️ I was wondering the same thing. It looked almost like a teriyaki.,0,0,0,0,1,0
FYI your boyfriends fucking her too.,0,0,0,0,0,1
I hate waking up. Being asleep doesn’t last long enough. Being asleep is so peaceful.,0,0,1,0,0,0
"*She. This was posted by a woman, apparently. Its just as disgusting either way though.",0,0,0,0,0,1
Horrible waste of time.,0,0,0,1,0,1
You can get so much money from hunting. Fishing is probably the best method if you’re grinding but I actually enjoy hunting,1,0,0,0,0,0
"The last thing you wanted for your child, but they inevitably choose it. Funny that.",1,0,0,0,0,0
I’m glad not too much time was put into this,1,0,0,0,0,0
It's a miracle,0,0,0,0,1,0
Something would go terribly wrong for [NAME] causing him to have to leave. It’s how his ability works.,0,0,0,1,0,0
"Wow that was a roasting... Deserved, but daaaaamn [NAME]",0,0,0,0,1,0
HELL YEAH!!! And in only 7 months?? That’s such an achievement!,0,0,0,0,1,0
Thanks I was wondering what the sparks from his head were about.,0,0,0,0,1,0
Hahaha good point!,1,0,0,0,0,0
"No worries, glad I could help. Just pleased I started learning to read!",1,0,0,0,0,0
Nothing seems to intrigue or satisfy me only drugs and thats sad.,0,0,0,1,0,0
Horray for Persona,1,0,0,0,0,0
What the fuck are you talking about,0,0,1,0,0,0
The word nourish makes me cringe now tbh,0,0,0,1,0,0
"I hate from the bottom of my heart, when animals behave like this..",0,0,1,0,0,0
I'm so glad the Ontario government sold off that money pit. /s,1,0,0,0,0,0
I already know [NAME] sucks... He will be gone in 2 years but the shitty press that you support being like [NAME] will still be here. Congrats on supporting propaganda,0,0,1,0,0,0
Not happy.,0,1,0,0,0,0
I'm so broke that I'd take if you're still looking. I'm a guy though.,0,1,0,0,0,0
"Wow, this is my trashy goals in life. This woman is living out my dreams.",0,0,0,0,1,0
Congrats! Glad it went well for you!,1,0,0,0,0,0
I understand just so hard feels like I’m being thrown away like trash I don’t want to imagine a life without her in it,0,1,0,0,0,0
Motherfucker!!,0,0,1,0,0,0
Just cleared normal mode! I'm having a lot of fun xD,1,0,0,0,0,0
Yeah we're just awful. Sadly that's too friggin' true just now!,0,0,0,0,0,1
"It's a self-identifying group, and they have killed quite a bit of people in their crusade for revenge. It's both absolutely pathetic and absolutely terrifying.",0,0,0,0,0,1
He had been so worried that the stepmom would have a hard time integrating into the family.,0,0,0,1,0,0
> it. Just because they're not vertebrates doesn't mean we get to kill them for amusement. It literally does though,0,0,0,0,0,1
No problem! Happy to help :),1,0,0,0,0,0
I miss [NAME] and [NAME]. :(,0,1,0,0,0,0
"This is me today, I have to do a 1-2 MINUTE presentation and I’m freaking out about it",0,0,1,0,0,0
I'm more surprised the dash cam was functioning properly. Usually around these incidents 3 of them were not recording and one had the lens cap on...,0,0,0,0,1,0
Double doink Love it,1,0,0,0,0,0
"It's my birthday today, so thank you, I guess? I hope something nice happens to you too.",1,0,0,0,0,0
me too! a guy a few posts up as well... I wonder how many of us we need for a class action lawsuit,0,0,0,0,1,0
Much more badass than the union suit.,0,0,1,0,0,0
"Fuckkkkk I'm doing Psychology lmfao, am I gonna fail at life now? ",0,0,1,0,0,0
So sorry to hear about your abnormal growth. I'm now green with envy. Are there other celestial gods that can identify with existence?,0,1,0,0,0,0
Pleasure!:),1,0,0,0,0,0
With punctuation like that I'm surprised you're not from Jordanhill,0,0,0,0,1,0
Mine once went 6 hours overdue. It was horrible. Big hugs to you. Drink all the wine you can find!,0,0,0,1,0,0
This is my fiancé and I hate it,0,0,0,0,0,1
I had so many avatars named after Star Wars characters on Millsbury. I miss it 😭😭😭,0,1,0,0,0,0
Glad I’m on my way out through ATL instead!,1,0,0,0,0,0
I'm honestly surprised. We should have fallen much farther,0,0,0,0,1,0
SHE MAKES ME CRINGE :(,0,1,0,1,0,0
My bitch dun left me All alone She took mah squeeky ball And mah rasty bone,0,0,1,0,0,0
The worst thing they risk is having to become a worker.,0,0,1,0,0,0
I wish I could be you. Our thing is dragging on forever and I’m heartbroken af.,0,1,0,0,0,0
I remember hearing a story about this type of highway camaraderie once from a trucker who helped a woman escape a man... wonder if it was your mom,0,0,0,0,1,0
my soul has long been destroyed :( it’s over for us nosoulcels,0,1,0,0,0,0
Obligatory fuck the dodgers,0,0,1,0,0,0
Out of all the seasons I definitely feel the worst for her,0,0,0,0,0,1
Yup this game just gets worse and worse,0,0,0,0,0,1
Wasn't expecting these feels man. I'm so sorry for your loss!,0,1,0,0,0,0
I'd rather continue throwing money into these foreign sinkholes than use it to mess up the healthcare markets any further.,0,0,1,0,0,0
I’ve never cringed so hard,0,0,0,1,0,0
"The world is backwards, nowadays. Where people defend _GaNgStAs_ because it's culturally and politically correct, and then shame those who protect and serve. Makes me bleed rage.",0,0,1,0,0,0
Fuck the rangers,0,0,1,0,0,0
You smug fuck,0,0,1,0,0,0
I’ve made candies almonds and cashews in a slow cooker before. They’re surprisingly not mushy or soggy.,0,0,0,0,1,0
that was such a misstep from their PR. wtf were they thinking people were expecting with a public countdown,0,0,1,0,0,0
I'm so glad Mercy's have to actually try now.,1,0,0,0,0,0
So you're proudly ignorant. Cool bruh,0,0,0,0,0,1
Oh man... my grandparents on both sides of the family have passed away and it was tough... we’re here for you,0,1,0,0,0,0
There would be a lot of sexual tension in faze...,0,0,0,0,0,1
"Oh, I stand corrected -half a million people is ""almost no one"". Bloody hell mate. ",0,0,1,0,0,0
"Yeah, when I saw she was in LA, I really hope that. Oh please, be true.",1,0,0,0,0,0
Embrace the feels my friend. Glad you found happiness even if it is fleeting.,1,0,0,0,0,0
Worst president ever.,0,0,1,0,0,0
For sure...sometimes I feel like I will just evaporate into nothingness as the stranger in the mirror looks on.,0,1,0,0,0,0
We have seven fucking billion and more people bork every day !!,0,0,1,0,0,0
"I loathe him too, but I couldn't even get on board with lynching him. Not even that obnoxious twat [NAME]",0,0,0,0,0,1
Hahahaha!! I was thinking the exact same thing. But you could really feel the excitement while reading! 10/10,1,0,0,0,0,0
This is truly terrifying.,0,0,0,1,0,0
"You've been a sad boi around here for the last week straight, you'd do well to take a break.",0,1,0,0,0,0
Correct What the fuck is the AAF is what im asking.,0,0,1,0,0,0
"its ok, glad i watched the show, i enjoyed it.",1,0,0,0,0,0
Those mindsets are extremely dangerous to our democracy.,0,0,0,1,0,0
Surprise! That fat woman you see on the bus every day is actually this generation's [NAME].,0,0,0,0,1,0
Is that Guildford? There always seems to be plenty of zombie-like pedestrians around town!,0,0,0,0,1,0
I wonder why they're single?,0,0,0,0,1,0
What the fuck is wrong with this?!?!?!??? FUCKKKKKKKK!!!!!,0,0,1,0,0,0
"[NAME] damn, that is the kind of biting commentary I enjoy.",1,0,0,0,0,0
Plus [NAME] has won before. [NAME] is a perennial loser. All he has ever done is played on teams that were the worst in the NHL.,0,0,0,0,0,1
So glad to hear they got banned. Can't believe adults can still behave like that.,0,0,0,0,1,0
"[NAME] wore shoes and killed millions. For [NAME] like me, people who wear shoes have become a symbol of hatred and murder.",0,0,1,0,0,0
Break ups are painful and there’s no way to avoid that. Be honest with your current girl and end it.,0,1,0,0,0,0
I'm kinda afraid to ask but did anyone reply?,0,0,0,1,0,0
What a load of old shite.,0,0,1,0,0,0
I hate when MoonWolf1-799 is taken.,0,0,1,0,0,0
My wife enjoys marking me. We just make sure they are below the collar line.,1,0,0,0,0,0
[NAME] getting off beat the dribble is hurting me a little inside /: Edit:words,0,1,0,0,0,0
"The conversion go muscle probably helped, considering the size of them. I'm super happy for you dude, you've done amazingly!",1,0,0,0,0,0
"Oh my goodness, I'm so glad you were there too. You made his day suck a little less. ",1,0,0,0,0,0
"It’s all the anger, it ages her terribly ",0,0,1,0,0,0
"Doctor is Spy! ~Grunt, too late.",0,0,0,0,1,0
Your age difference is incredibly creepy.,0,0,0,0,0,1
I'm shocked. You mean to say the economic model adopted by every single financially successful country on the planet actually works? /S,0,0,0,0,1,0
Nope. No joke. Also happy cake day,1,0,0,0,0,0
Freedom? Not in New 2013 and it’s gotten a lot worse since,0,0,0,0,0,1
im shaking and crying right now this is so powerful,0,1,0,1,0,0
Happy one week anniversary,1,0,0,0,0,0
What the fuck I thought it was normal to pee before taking a shower and like not pee in the shower Especially if it’s a shared shower ew,0,0,0,0,0,1
"I couldn't even get an internship for Human Resources without having 2-3 years 'Real World' experience. Still in customer service, with a ton of debt. ",0,1,0,0,0,0
I am 33 and I still regret things I said in the 5th grade.,0,1,0,0,0,0
I'm glad you had such a positive experience on the sub and congrats on the relationship.,1,0,0,0,0,0
My fiancé had it custom made as an early Valentine’s Day gift!,1,0,0,0,0,0
It’s really hard to watch for some people because of how awkward and... just how stupid [NAME] is in this episode,0,0,0,0,0,1
It is an absolutely horrible ultimate I agree after 400 hours on doom I still hate it,0,0,0,1,0,0
I mean I'm no fan of the series either but who cares? It makes a lot of people happy.,1,0,0,0,0,0
Pleased to meet you. Hope you guess my name.,1,0,0,0,0,0
"Someone will actually spend their money on this too, that’s the sad part",0,1,0,0,0,0
> Crab Rave Ayyy I've never seen this before I kinda wanna go but seems scary.,0,0,0,1,0,0
I miss [NAME],0,1,0,0,0,0
Yeah I don’t think [NAME] wants you to fuck my wife/his girlfriend anymore you cuck,0,0,0,0,0,1
How did this not get marked as meta? Tried posting something similar here and it was instantly flagged as “meta commentary about the sub” and blocked.,0,0,0,0,1,0
"He wants to make excuses for his affair and I doubt you'll feel better after listening to him. In fact, you may actually feel worse. ",0,0,0,0,0,1
"It's creepy but also sad that the guy was bathing in your fountain, hey at least it wasn't your pool. ",0,0,0,1,0,0
"Oh look, someone who doesn't understand how living languages work.",0,0,0,0,1,0
The app trio is the only thing worthwhile there. Won ton tacos +boneless wings + spinach dip and I'm a happy camper.,1,0,0,0,0,0
Orange fan sad. :(,0,1,0,0,0,0
I love the burn,1,0,0,0,0,0
[NAME] was the worst Of any sports team Unis!!!,0,0,1,0,0,1
Oh my god Del Monico. Horrific. Even the ambient smell in the hallways makes me gag.,0,0,0,1,0,0
How many gallons do we need is my favorite so far. The sad part is that it was always pleasant.,0,1,0,0,0,0
BUT 3 MILLION VOTES!,0,0,0,0,1,0
I couldn’t believe my ears. she’s unbelievable.,0,0,0,0,1,0
I'm glad you like doing - you can feel the darkness taking over haha. This honestly sounds like an animated short?,1,0,0,0,0,0
"When are you and dad going to pop out a few baby-mammas for us boys, huh? And that's the *less* disgusting alternative. Blech!",0,0,0,0,0,1
I was wondering the same thing,0,0,0,0,1,0
Unfortunately there are also far less/weaker unions now too,0,1,0,0,0,0
If you use one of those two I automatically hate you,0,0,1,0,0,0
She isn't disrespectful like [NAME] but she's also a cheater and she's making ridiculous excuses for her cheating,0,0,1,0,0,0
"Each Dark Souls game has been voted ""Most Likely to Result in Controller Damage"".",0,0,1,0,0,0
I called an ambulance for my friend without knowing it was against her wishes. She never blamed me but I felt really bad about it.,0,1,0,0,0,0
*Fuck extremists.,0,0,1,0,0,0
Idk you seem pretty miserable and really bitter and angry. It must be exhausting and I hope you find happiness some day.,0,0,1,0,0,0
"That's some animal cruelty right there, someone help this poor creature.",0,1,0,0,0,0
Curse them out.,0,0,1,0,0,0
>very creepy horror-themed Very accurate description and only from a few second piece of an audio recording,0,0,0,1,0,0
"I keep wondering about armpit waxing, but the potential pain scares me. ",0,0,0,1,1,0
I'm REALLY glad the guy saved him but seeing him so pitiful and scared really lingers with me. :(,0,0,0,1,0,0
Right? It was frustrating (and concerning) that he used such bad reasoning when his job is to curb phishing :/,0,0,1,0,0,0
I'll miss [NAME],0,1,0,0,0,0
"Couldn't really fit this as a ""how to,"" does that mean I have to go to jail now? Source: ",0,0,0,1,0,0
Is this because of the sudden spate of comments feeling shocked that we don't respect proud right leaners or have you always had these mails?,0,0,0,0,1,0
It makes me feel good. Wholesome is a very subjective thing.,1,0,0,0,0,0
Gungrabbers? You act like they're busting in your door and taking your guns. No one is forcing you to do this.,0,0,1,0,0,0
True Story! That's the sad Part of it...,0,1,0,0,0,0
This is disgusting.,0,0,0,0,0,1
Twas a joke ❤️,1,0,0,0,0,0
Hard. Social anxiety/general fear/uggoness kept me from actually getting dates and i was extremely awkward when I finally stopped anxie-puking to actually go on the date.,0,1,0,0,0,0
I'm not surprised to read this within the sub it's in. Bunch of knuckle dragging storm troopers WOULD be angry to see people liberate themselves. XD,0,0,1,0,0,0
These are the signs I'm getting old... Wtf is a weed cartridge??,0,0,0,0,1,0
No I’m happy to spend big on myself. I’m not happy to spend my money on layabout benefits claimants.,1,0,0,0,0,0
"I may have awful taste, i would want this cake",0,0,0,0,0,1
There's a surprising amount of [NAME] in this thread.,0,0,0,0,1,0
It's the top comment. How weird.,0,0,0,0,0,1
"""cool little surprise"" ow youtubers: NEW HERO NEW SKINS NEW MAPS NEXT WEEK?!",0,0,0,0,1,0
Looks f*cking delicious,1,0,0,0,0,0
"Enough already. I'm sorry that the breakup is going to be painful, but you can do much better. ",0,1,0,0,0,0
"I know he will be, I'm just nervous. His face is just going to be so sad 😢",0,1,0,0,0,0
"Wow, they are actually struggling against the Hawks for 3 full quarters. ",0,0,0,0,1,0
It's so focused on the presenter and he is so unengaging it's painful.,0,1,0,0,0,0
Reddit is so right wing I can’t even believe it,0,0,0,0,1,0
"I've had such bad memories, I remember when I remember bad times now! Haha",0,1,0,0,0,0
I’m excited!,1,0,0,0,0,0
"Cheers, guys! We are never drinking alone when we are here! But in person, I love drinking alone. ",1,0,0,0,0,0
That’s because it’s stupid and nobody wants it!,0,0,0,0,0,1
Quite surprised I wasn’t on there,0,0,0,0,1,0
ONLY FUCKING MERRILL WOULD MISS THAT,0,0,1,0,0,0
*Hey just noticed..* it's your **2nd Cakeday** slumbishop! ^(hug),1,0,0,0,0,0
OMG. The company logo reminded me of something. AAAAAAAAAAAH.,0,0,0,0,1,0
I hate that. PC is way better for using the internet. I also hate how all the important features for the website missing on phone version.,0,0,0,0,0,1
"I'm sorry to hear, come see me when you die.",0,1,0,0,0,0
They come to your house and rob you at gun point. Be honest. What are some ways that this could be resolved?,0,0,0,1,0,0
"No, but I might choose to not support certain teams because their owners are trash.",0,0,1,0,0,0
"Shut up, or you'll be tossed off the roof!",0,0,1,0,0,0
My score per minute is terrible because I only snipe so asking the wrong person. Sorry dude,0,1,0,0,0,0
"[NAME] lives. Obviously you can quote me on that, because i just said it. [NAME] dies. [NAME] dies. Fuck [NAME]. ",0,0,1,0,0,0
"Its actually ""[NAME]"" , not ""[NAME]"".. Sounds like a drunk to me. Glad to hear nothing horrible happened ",1,0,0,0,0,0
How dare you say that. He's a toad of the people! Not some rich frog!,0,0,1,0,0,0
Predatory towing is getting ridiculous. I have up to date stickers for all the properties I maintain and have been towed twice. Fuck em.,0,0,0,0,0,1
Otherwise it would be a terrible disservice to the NHL,0,1,0,0,0,0
I wasn’t even expecting the reply that’s why I’m literally bamboozled.,0,0,0,0,1,0
The fact half the level has no fucking music is a real pain.,0,1,0,0,0,0
"Basic translation ""I'd rape you if I weren't a virgin!"" Super creepy.",0,0,0,0,0,1
Racism. They're talking about racism. The hate is the new KKK sheet.,0,0,0,0,0,1
Which is weird because it also looks like dog treats,0,0,0,0,0,1
I genuinely cannot believe [NAME] didn't get fired years ago. It shocks me more than [NAME].,0,0,0,0,1,0
[NAME]? Rape? I am shocked I tell you! SHOCKED!,0,0,0,0,1,0
"But once it's born, if its parents can't afford food, shelter and medical care, it can go fuck itself.",0,0,1,0,0,0
> ...he was afraid for his life... I see he has mastered the magic incantation.,0,0,0,1,0,0
Oh fuuuuuuuuuuuuuuuuuuuuuuuuuuuuuuuuuuuuuuuuuuuuuuuuuuuuuuuuuuuuuuuuuuuuuuuuck RIGHT OFF!!!!!,0,0,1,0,0,0
"Oh, Boy. You into phrenology too.",0,0,0,0,1,0
Ah sorry about that won’t happen again,0,1,0,0,0,0
"That's just the adrenaline. It'll set in soon, haha",1,0,0,0,0,0
This is unironically the worst trade I've ever seen.,0,0,0,0,0,1
[NAME] freaking [NAME] all the people down range just staring. -_- GO INSIDE DUMBASSES.,0,0,1,0,0,0
My god i thought he just hit his shins really hard on the pole but than realised what his shoulders did...,0,0,0,0,1,0
After reading a lot of replies you should bee ashamed of yourself. This thread is a hive of bad puns and references.,0,0,1,0,0,0
Lmao what's the difference neither one is refrigerated. People are fucking stupid,0,0,1,0,0,0
"OHHHH, I like where Richmond is going with that.",1,0,0,0,0,0
mtv has agreed to take some of the load by having them on...i wonder if they get paid per appearance or flat season fee.,0,0,0,0,1,0
I would like to suggest one that's like Would You Rather. More of a dark comedy but oh so good. Cheap Thrills is amazing,1,0,0,0,0,0
DEMOCRATSPF ARE LITERALLY HITLER!!!!,0,0,1,0,0,0
And what a fuckton of karma it was. It’s fake stories like this that really prove that communism is the far superior economic system.,0,0,1,0,0,0
Sadly the Request a Book of [RELIGION] requires a phone number now. But if you have theirs it might work;,0,1,0,0,0,0
Fake lous!,0,0,1,0,0,0
I turned the news on around 6 this morning and have never been so happy to have a commute of 4 miles to my job,1,0,0,0,0,0
Ahh you must be speaking of M & W Industries! I know it well I'll never forget the smell of pickles.,1,0,0,0,0,0
Wow misleading title.. Ffs,0,0,0,0,1,0
That should be fun. I may have call in sick tomorrow. Lots of Bournemouth fans including my boss.,1,0,0,0,0,0
Doctor charged 400 bucks for a blood pressure check before renewing my wife's high BP medication. She HAS been acting a little weird la,0,0,0,0,0,1
"oh, ive seen that, ugh breeders have such weird and confusing minds",0,0,0,0,0,1
I'm just here to say fuck [NAME],0,0,1,0,0,0
"Yeah man, fuck the man. Can’t have people getting free stuff or have any creative marketing ideas.",0,0,1,0,0,0
Because the false accusation makes my anxiety worse,0,0,1,0,0,0
I'm a Bioware fanboy so obviously biased. I even enjoyed Andromeda. Haha.,1,0,0,0,0,0
It doesn’t surprise me given that this is the kind of establishment where staff rape the coma patients.,0,0,0,0,0,1
I didn't think it was that bad ><,0,0,0,0,0,1
That's so sad.,0,1,0,0,0,0
I would suffer a heat stroke or die of diarrhea,0,1,0,0,0,0
Minus the eyebrows I personally think it’s an attractive look. But the fucking eyebrows ruin it all.,0,0,1,0,0,0
I'm glad you called it because it really is a beautiful and beautifully honest statement.,1,0,0,0,0,0
"""I suffer from a very sexy learning disability. What do I call it, [NAME]?""",0,1,0,0,0,0
He might be happy to discover that he is the father of someone with superpowers! LOL,1,0,0,0,0,0
"As a fellow browns fan, unfortunate enough to be born into a browns family and in ohio... Hello sharer of a lifetime of heartbreak.",0,1,0,0,0,0
oh man another year,0,0,0,0,1,0
>Ultimate 12 Inch *notices bulge* *OwO what's this?*,0,0,0,0,1,0
She clearly was too afraid to speak up.,0,0,0,1,0,0
You are so ugly even tears wont show up near you,0,0,0,0,0,1
Omgz rite?!!1 updoots!,0,0,0,0,1,0
It wouldn’t even have been a month yet though... I can’t believe this bootlicking nonsense is upvoted here. [NAME] supporters everywhere these days smh,0,0,0,0,1,0
He likes an old song and is young DISGUSTING,0,0,0,0,0,1
It's weird because sometimes I care and sometimes I don't. Although I wouldn't call myself an asexual I could be leaning more towards demisexual.,0,0,0,0,0,1
Well this is terrifying.,0,0,0,1,0,0
I'm just saying you are demanding things of us while being nasty yourself.,0,0,1,0,0,0
"Really wow, what a steal",0,0,0,0,1,0
Kid has a disease/condition where his skin falls off at the slightest touch,0,1,0,0,0,0
This just makes me angry.,0,0,1,0,0,0
"My dosage was increased 2 weeks ago and I've noticed the issues getting worse. With your comment, I'm really leaning towards them being side effects.",0,0,0,0,0,1
I am so sorry those kind of people make me sick,0,1,0,0,0,0
It's hard to make friends. :( I sit alone.,0,1,0,0,0,0
We had a long debate about how old Jackie bird is and as per every year were surprised by the result. Was pish,0,0,0,0,1,0
Hell yeah. Enjoy your new bachelor life son!,1,0,0,0,0,0
that number 3 is soooo familiar and sad.,0,1,0,0,0,0
And how she can’t cry bc of her “expensive lashes.” 🤦🏼‍♀️,0,1,0,0,0,0
Lucky I caught people reacting on twitter. For some reason I thought this game as at 6 PM.,1,0,0,0,0,0
This post is bad because the only good phone is the Palm Pre 3 running webOS,0,0,0,0,0,1
"Thanks for gping to the effort, but i would be surprised if he read it and gave it the chance he have trump. Pleasantly surprised, though.",0,0,0,0,1,0
...what? You're far more concerned with the o line than signing [NAME].,0,0,0,0,1,0
To me the toenails is the grossest part! 🤮,0,0,0,0,0,1
70 year old me doesn't give a fuck just piss or get off the pot!,0,0,1,0,0,0
The sad thing is his is still glitched. Just a couple days ago I died from [NAME] lightsaber about 5 seconds after someone else killed him.,0,1,0,0,0,0
Gotta offload this crap somehow.,0,0,1,0,0,0
"[NAME] passing is worse than usual. It's alright, but god damn is it painful to watch.",0,1,0,0,0,0
I’m shocked that no one got whooshed by this comment,0,0,0,0,1,0
I don't swallow toothpaste idiot,0,0,1,0,0,0
My condolences. Lost my cat Zoey over a year ago. I still miss her like crazy. she was only 3 years old too.,0,1,0,0,0,0
When are people going to learn that it's OK to cheer lead dance in front of an old misogynist lol,1,0,0,0,0,0
"Those are horrible things to say to a child, let alone a 3 yr old. I would be pissed!",0,0,0,1,0,0
"That goes both ways, their adrenaline and determination would also be through the fucking roof.",0,0,1,0,0,0
I'll second this notion. One of the first things to go is texting when I start getting sad.,0,1,0,0,0,0
I was expecting this to go MUCH worse than it did and I’m so glad my imagination wasn’t right.,1,0,0,0,0,0
I spent a few months in LA and it freaked me out every time someone zoomed past me.,1,0,0,0,0,0
Wow I typed that out before my eyes were awake 👀,0,0,0,0,1,0
HAHAHAHA I'M AN ASSHOLE,0,0,1,0,0,0
That’s amazing! I’m so happy for him!,1,0,0,0,0,0
I was sad when the Hawks lost [NAME] but this Schottenheimer guy seems pretty cool.,0,1,0,0,0,0
Are you being stupid again?,0,0,1,0,0,0
They’re disgusting people inside and out,0,0,0,0,0,1
We needed some way to torture a guy so a religion can be created.,0,0,1,0,0,0
"Screw DBs swill, their creepy Children of God (cult) employees, and the traffic mess it creates on Rural in Tempe",0,0,1,0,0,0
Super creepy. And leaving the note is out of line,0,0,0,1,0,0
I live in Raleigh and all the Canes fans I know love it. So the players love it and the fans love it. Everyone else can chill,1,0,0,0,0,0
"Tool fan from the U.S. here. Something seems off about this question. Cheers, mate!",1,0,0,0,0,0
"It depresses me that the Carousel revamp has been a popular answer. Thats not a change, that a sliding scale adjustment.",0,1,0,0,0,0
"[NAME], [NAME] and [NAME] just yelling over each other and [NAME] looking around like what the...?",0,0,1,0,0,0
Shut up cowpoke,0,0,1,0,0,0
this was hard to watch but i’d take it over the grungy redhead talking about her full tummy 🤮,0,0,0,0,0,1
Unless you have actual ADHD lol. But I think this was mostly meant to be funny,1,0,0,0,0,0
Hey man. A lot of people have criminals in their family. That doesn’t mean they are I think you need to take a step back,0,0,1,0,0,0
"It's rigor mortis but don't change it haha it's funny, good r/boneappletea material",1,0,0,0,0,0
Your using emotionl blackmail. Does the vet save cancer or destroy cancer? [NAME] = Vet. Your using babies and all sorts of things to manipulate. Vets only do the right thing.,0,0,1,0,0,0
Oh and now vini is down,0,0,0,0,1,0
Why is this getting downvoted. I love Meepo so much. :(,0,1,0,0,0,0
Glad we cleared this up,1,0,0,0,0,0
Pilots omg... you are not alone there!,0,0,0,0,1,0
aww hell no. This fucking ad,0,0,1,0,0,0
You're an uneducated twat.,0,0,1,0,0,0
I'm afraid that will leave Britain no better. Can't imagine the ruckus if remain wins.,0,0,0,1,0,0
Creepiest building in Chicago. I couldn’t even imagine the number of gunshot victims that have gone theough those doors and came out in a body bag.,0,0,0,1,0,1
"How stupid are you, if you dont réalize it’s staged ",0,0,1,0,0,0
Hope you had fun atleast; it's amazing to see up close in person compared to the camera.,1,0,0,0,0,0
He’s got no options. Not your problem. Have another wine! 😂,1,0,0,0,0,0
I lost a six pack this way once. For a good year every traffic stop became a field sobriety test.,0,1,0,0,0,0
It's called a fullstop in England. My fucking immersion in this meme is ruined.,0,0,1,0,0,0
Grandma is bad at math,0,0,0,0,0,1
That would expand his torso and ribs which probably hurts,0,1,0,0,0,0
It’s like bombs over Baghdad to a whole new level... I LOVE IT!!,1,0,0,0,0,0
Fuck off.,0,0,1,0,0,0
I Can't Believe It's Not Butter.,0,0,0,0,1,0
"You monster, I hate it. Well played.",0,0,1,0,0,0
"Nae bother, Happy to bring musical joy in to any household.....",1,0,0,0,0,0
"Slap her hand if she is trying to force you to do anything! Tell her not to put her hands on you, and enforce it every time. ",0,0,1,0,0,0
Me. I really needed to see this. ☹️,0,1,0,0,0,0
It is like how I imagine [NAME] and [NAME] people seeing wooden ships across the water the first time.,0,0,0,0,1,0
Fun ruiner.,0,0,1,0,0,0
Glad to see that [NAME] no more is a fellow r/Atheist user and anti-Peterson,1,0,0,0,0,0
You leave [NAME] the fuck alone.,0,0,1,0,0,0
Good riddance. I'm surprised it lasted that long. [NAME] is trash.,0,0,0,0,1,0
Sorry for your loss 😣,0,1,0,0,0,0
" ### A surprise, to be sure, but a welcome one ",0,0,0,0,1,0
"YEAAAAHH!!!!YEAAAAHHH!!!!...oh, here ya go, doom-di-doom...",0,0,1,0,0,0
"Oh I get it, you are illiterate on purpose because you fear to be fed with lies (in your mind). Sorry for you.",0,1,0,1,0,0
"Yeah, the big thing I'm glad is he hasn't ballooned up. ",1,0,0,0,0,0
Makes us wonder what its going to be like for my children's generation..,0,0,0,0,1,0
"I was expecting the surprise birthday, not seen this twist on the sister before. ",0,0,0,0,1,0
"Don't just distance yourself, BLOCK them",0,0,1,0,0,0
"Wow, I wonder who's going on about Tahiti in the background.",0,0,0,0,1,0
I enjoyed watching the crazy old man being dragged out at the end.,1,0,0,0,0,0
I'm suprised I didn't see more of these. Thanks for the support :),0,0,0,0,1,0
Bless you this post made me cry,0,1,0,0,0,0
"Here, here. Cheers to starting fresh!",1,0,0,0,0,0
Perfect example of the disgusting misuse of ‘Orwellian’ on this website,0,0,0,0,0,1
I am an atheist and the idea of a god makes me disgusted and angry so I prefer not to be religious,0,0,0,0,0,1
Of course. It would mean you owe them an unspecified favor in the future. That would be horrible.,0,0,0,1,0,0
Seahawks fans are very bad at just taking the L.,0,0,0,0,0,1
He looked so sad when he was talking about how it feels to be getting criticised 😢.,0,1,0,0,0,0
I was also bullied at work. I was on lithium for a while. You're not alone.,0,1,0,0,0,0
Cheers brother. That’s very interesting. First time I’ve seen that article.,1,0,0,0,0,0
What's even worse: the deciding voter refused to support the subway because he was strangely obsessed with a horse & buggy transit plan from 1858.,0,0,1,0,0,0
"Bro, highmountain looking sick",0,1,0,0,0,0
"Sir the fuck down. This is an intervention, we need to talk.",0,0,1,0,0,0
So smart it looks like he shut his fingers in the door. That’s a nasty bruise under his fingernail.,0,0,0,0,0,1
I hate his hoist a shit shot and throw your legs forward so you can draw a foul on the defender for crowding your landing space.,0,0,1,0,0,0
Pls end me,0,1,0,0,0,0
Motherfu... thanks for pointing that out!,0,0,1,0,0,0
All of their Saints are psychotic idiot who died for nothing. People remember them as horrible people in death as they were in life.,0,0,0,1,0,0
I can’t stand [NAME] but that was heartbreaking,0,1,0,0,0,0
It’s disgusting,0,0,0,0,0,1
Because he's attractive. Hence [NAME] come out in droves to defend him despite the fact he's a horrid asshole.,0,0,1,0,0,0
Its almost as if everyone is too afraid to be politically incorrect to admit that height and race are a factor.,0,0,0,1,0,0
I knew a guy named [NAME]. Always wondered what his middle name was.,0,0,0,0,1,0
Well ya but it's kinda too late for that unfortunately,0,1,0,0,0,0
"Dentist did this to me I hate it. I knew i should have waited until ""it wad worse"" but i didn't. I regret it ",0,0,0,0,0,1
That'd be fun! Meet at a bar and watch the show!,1,0,0,0,0,0
Yeah this whole thread is gross. Calling a little kid trashy or misogynistic or sexualized for liking to play dress up is just creepy and weird.,0,0,0,0,0,1
Man being unattractive in appearance has pretty much taken any joy out of my life,0,1,0,0,0,0
"[NAME] i love this ""no one can be THIS happy, what a horrible person he must be""",0,0,0,1,0,0
I wonder how big a problem this really is and what the cops' plan is.,0,0,0,0,1,0
His hair looks fucking horrible 😂,0,0,0,0,0,1
For a sec I thought I was on NoSleep. I'm glad no one got hurt.,1,0,0,0,0,0
Omg my 3yr old kept rubbing it all over his face the other day too!! 😆,0,0,0,0,1,0
"I was shocked. They were talking earlier on the news about her losing by less than 100 being a victory, of sorts.",0,0,0,0,1,0
"we have a ""righty"" complaining about ""lefties"" making up BS, while they make up BS... sad.",0,1,0,0,0,0
That’s not a fucking card?!,0,0,1,0,0,0
Best day of the week!,1,0,0,0,0,0
A beautiful poem for a beautiful thing. Happy cake day btw!,1,0,0,0,0,0
The guy that waived a future hall of famer. Hard to get away from that decision.,0,1,0,0,0,0
Was expecting a horrifically broken ankle. You have posted the actually unexpected,0,0,0,0,1,0
"Right now I'm listening to Stand By Me, I'm liking it ",1,0,0,0,0,0
"Based on her other post she's young, pregnant and possibly homeless. Looking for help and advice.",0,1,0,0,0,0
"Please, please, please don't do that to yourself. You'll end feeling worse when this guy leaves you. ",0,1,0,0,0,0
"Yeah, sorry about that. I see it in so many post I thought it was almost a custom to do so.",0,1,0,0,0,0
Mother of [NAME]... Im not grossed out very easily. I can stomach just about anything. But this made my fucking skin crawl....,0,0,1,0,0,0
glad you made the trip from a fellow austinite,1,0,0,0,0,0
"Why are you making questionable jokes at work? Unless you work in a comedy club, it really aint the place.",0,0,1,0,0,1
It’s so sad that i can play all these Zelda games on my 3DS but not my Switch. I have like 12 Zelda games on my 3DS,0,1,0,0,0,0
Feels good to be a Nets fan right now,1,0,0,0,0,0
But it'll hurt,0,1,0,0,0,0
Yeah and I love my dog and I'd miss my dad.,0,1,0,0,0,0
I know this is a joke but people on this sub actually think this way lol.,1,0,0,0,0,0
This sounds like borderline mental health issues. Scary.,0,0,0,1,0,0
Man I hate that [NAME] guy.,0,0,1,0,0,0
"Shouldn't have insulted chungus like that, if I see you in the fog you gon get facecamped",0,0,1,0,0,0
"Whoops, I'm* dying. But I wish, they make so much money. ",0,1,0,0,0,0
The left side attack of [NAME] [NAME] was woeful,0,1,0,0,0,0
The bourgeoisie elected courts were going to backtrack on all [NAME] economic reforms. Fuck those guys.,0,0,1,0,0,0
"It’s been good, made me able to function much much better. ",1,0,0,0,0,0
Made my day!,1,0,0,0,0,0
One of the rare times I actually laugh out loud while browsing online.,1,0,0,0,0,0
"Bloody forking shirtballs! This has to be some kind of ""The Good Place"" / Bad Place repost robomod bullshort. ",0,0,1,0,0,0
"Hey, it's working again! Somebody at YouTube must have given the server a whack, because suddenly the recommendations are making sense. I wonder what happened today.",1,0,0,0,1,0
fucking seriously.,0,0,1,0,0,0
I do but no one wants to play with me I at least try to play by my self but it gets really boring.,0,1,0,0,0,0
Grandmas knees are burning up,0,1,0,0,0,0
"I'm two weeks in, hope your right, I'm loving the game right now",1,0,0,0,0,0
"Ha, my husband goes out after you guys have done your thing and checks for himself, he's been burned too many times.",0,0,1,0,0,0
Ok now I’m wondering what you’re on,0,0,0,0,1,0
Yeah but FGM is basically like cutting off the head of the penis entirely. I'm uncut myself but I get why people do it,0,0,1,0,0,0
oh! I have more ships this time! Niice!,1,0,0,0,0,0
"Wow, I know he is the voice of [NAME], but I did not know he basically IS [NAME]",0,0,0,0,1,0
"You have too many knives, I don't trust you. Sociopath.",0,0,1,0,0,0
This is going to be a disaster,0,0,0,0,0,1
Since when can a family member drive against other familymembers because you both own it? That would go horrible if that argument was valid! What the hell!,0,0,1,0,0,0
Or you just get rejected and then not murdered and your anxiety worsens until you can no longer approach women or even men.,0,1,0,0,0,0
That is utterly horrifying. I'm so sorry that your kindergarten teacher was such a heartless old bat.,0,1,0,0,0,0
"“1, personal space. 2, I like my personal space. 3 get outa my personal space...”",0,0,1,0,0,0
I was getting arrested and my dog run away from home like a bullet,0,1,0,0,0,0
Correct. I just enjoy debating them.,1,0,0,0,0,0
"[NAME] fucking [NAME], that man is enormous.",0,0,0,0,1,0
"Short answer, fuck no, don't ever fall for it. Don't make the same mistake Canada has.",0,0,1,0,0,0
"Damn, I need to find this trade school which lets you make your personal animals",0,0,1,0,0,0
Kill whitey!,0,0,1,0,0,0
">""Fuck it Im on my way out anyway"" ""Fuck it Im on my way out to Seattle""",0,0,1,0,0,0
You and your lovable band of losers have already lost!,0,1,0,0,0,0
"As someone who has been in a similar relationship, it is indeed emotional abuse.",0,1,0,0,0,0
I reported an old man for terrible driving and the police actually took it seriously (pleasantly surprised). It's worth a try!,0,0,0,0,1,0
"In case you're wondering, Nintendo does put a bittering agent in their Switch cartridges...and it tastes horrible. ",0,0,0,1,0,0
After all that i expected it to not look terrible. Oh well.,0,0,0,1,0,0
Or at least a couple more visits to the booth. I enjoyed hearing him adding to the banter.,1,0,0,0,0,0
"Given that you're not a conservative and this isn't a debate sub, how about you just get the hell out and stay out.",0,0,1,0,0,0
Fair enough ;),1,0,0,0,0,0
I feel bad for him and [NAME] i hate seeing the OGs fall #UNITEGAMING,0,1,0,0,0,0
It didnt last long sadly,0,1,0,0,0,0
This is something I try to do every day and it makes me feel so at peace,1,0,0,0,0,0
"Lol, I’m surprised more people didn’t catch that. Thanks for the med check! ",0,0,0,0,1,0
You have to find the right woman honestly and its sad that divorce is so punishing,0,1,0,0,0,0
That's really interesting! I've seen that happen before too,0,0,0,0,1,0
"Well tickle me pink. Thanks for following up, I enjoyed the read.",1,0,0,0,0,0
Maybe it's as dangerous for [NAME] to whip people up talking about treason and betrayal and all that as it is when [NAME] do it. Fancy that.,0,0,0,1,0,0
r/UpLiftingNews Edit: I just got banned for posting this there.,0,1,0,0,0,0
Such a sad way to think of life all because these people believe there's something greater than this.,0,1,0,0,0,0
I feel horrible for the government workers caught in the middle of this. I hope it ends soon.,0,1,0,1,0,0
I used to watch it’s always sunny with my cat. She loved it. Now I can’t watch it without crying.,0,1,0,0,0,0
Ugh. Gross,0,0,0,0,0,1
"Is this in the US? 30k per year blows my mind, my tuition is like 9k ish a year+rent",0,0,0,0,1,0
Damn. Your bed must stink,0,0,0,0,0,1
Mom.......MOTHERFUCKING CRACK,0,0,1,0,0,0
Cheese Most of my friends love cheese so much that I’m scared to tell them that I can barely even bring myself to eat it,0,0,0,1,0,0
The 2nd worst president. First time i voted. Been trying to live it down ever since,0,0,0,0,0,1
"Freaky, more like creepy",0,0,0,1,0,0
That was my first live Lions game (British and flights to DTW are expensive) I've never gone through so emotions in such a short amount of time,0,0,0,0,1,0
"Of all of the fan-favorites from each city, [NAME] being the fan-favorite confuses and annoys me most. Her headlines are becoming insufferable.",0,0,1,0,0,0
I know right! Lego really hurts!,0,1,0,0,0,0
I gagged at unwashed zebra hoodie.,0,0,0,0,0,1
Wow I got a virus from just looking at this post,0,0,0,0,1,0
Animal Crossing made my wife into a vicious and abusive murderer.,0,1,0,0,0,0
She reminds me if [NAME]. Half haked pictures with vague sayings. Ugh,0,0,0,0,0,1
Oof lmao sorry buddy,0,1,0,0,0,0
"Yeah I'm actually pretty surprised that's not a thing yet, there's gotta be a lot of people working on it. ",0,0,0,0,1,0
I wonder if that child puts it on his resume.,0,0,0,0,1,0
Oh fuck off. Soooo...... when is [NAME] and the gang going to un mask [NAME] as President [NAME]?,0,0,1,0,0,0
">It would also open the possibility of selling the [NAME] arms, I guess. That would be a terrible idea.",0,0,0,1,0,1
[NAME] what the hell is going on at hq,0,0,1,0,0,0
Yep.... Have fun,1,0,0,0,0,0
what are you scared of!,0,0,0,1,0,0
Fucking Instagram normies,0,0,1,0,0,0
You are BOTH awful people.,0,0,0,0,0,1
I’m sorry about your friend.,0,1,0,0,0,0
I'm...not going to let him see me cry.,0,1,0,0,0,0
"It’s okay, my mom has always hated me and I’m fine.",0,1,0,0,0,0
Well I'm glad I decided to go to McD's instead of doing those lines!,1,0,0,0,0,0
I'm sorry. Now my entire bad pun looks even worse than it did when I started.,0,0,0,0,0,1
I’m wondering about those friends of hers that encouraged her to contact you..,0,0,0,0,1,0
This makes me so happy for you ♥️ I am glad you are getting the right kind of support you need!,1,0,0,0,0,0
Yepp. I've struggled to hold a job so I'd be in trouble without it.,0,0,0,1,0,0
">""Le Painting""??? What hell is that? - [NAME], 2019",0,0,1,0,0,0
You're right! What a nightmare.,0,0,0,1,0,0
I was skeptical about it being huge but damn..,0,0,0,0,0,1
What is this fucking r/niceguys bullshit?,0,0,1,0,0,0
That and customizable CSS makes me so happy. /r/Firefoxcss if you’re interested : ),1,0,0,0,0,0
I'm sorry for your loss. Also send a Mass card.,0,1,0,0,0,0
Really? Wow I was sure they were huh. Even still I feel like he needs berserker light damage for that sword,0,0,0,0,1,0
"I got a weird vibe when he was placed on Colliton's staff, so I'm really glad it's turned out the way it did. ",1,0,0,0,0,0
I’m sorry. Happy Birthday! I care ❤️,1,0,0,0,0,0
"Yes, that was indeed the joke, I’m glad you got it ;)",1,0,0,0,0,0
"Flat out getting our ass kicked. Gotta give it to Memphis, they have just shut us down",0,0,1,0,0,0
"Honestly, it would be even better if she handed the reigns to a brick. Then no deal definitely happens and everyone's happy ever after :D",1,0,0,0,0,0
Thats weak as fuck.,0,0,1,0,0,0
Scary times we live in.,0,0,0,1,0,0
This sounds like a toxic relationship for the both of you. Seems miserable... I’d hate to be in that relationship,0,0,1,0,0,0
“I hate rich people” - people using website made by rich person on a device made by a rich person.,0,0,1,0,0,0
That opening is quite terrible tbh,0,0,0,1,0,0
Instant karma for an impatient jackass who doesn't deserve the right to drive.,0,0,1,0,0,0
Oh no! That’s my favorite! Nothing like losing an organ to get you to eat healthier.,0,0,0,0,1,0
I can when enough time has passed. I've got each of their playoff games from that year and it's fun to relive it during the offseason.,1,0,0,0,0,0
"Wow, i never really understood how bad the star wars perecuelse really are till this moment.",0,0,0,0,1,0
"I mean it makes sense, they're into [NAME] because they totally dig the horribly socially stunted types so they love [NAME] for horribly traumatizing her.",0,0,0,1,0,0
"I'm afraid you're completely correct. Sad, but true.",0,1,0,1,0,0
But all this does is hurt the average person not the right way to raise money.,0,1,0,0,0,0
The characters and story are really enjoyable. The dungeons are awesome. Generally decent sidequests. Fun items. Cool art style and character designs,1,0,0,0,0,0
Just wondering why they called the cops but not an ambulance seeing as how he was covered in blood and disoriented.,0,0,0,0,1,0
it is dangerous to date men - read the news - women get killed by male partners and ex partners very frequently. Women are amazingly brave.,0,1,0,1,0,0
Damn. So you went back to an old medication and found it no longer worked for you??? I didn't even know that was possible.,0,0,0,0,1,0
[NAME] royally fucked up that last rotation. Also did [NAME] even get a single kill with their specialists ?,0,0,1,0,0,0
My [NAME] accuses me of cheating all the time too when I’ve been nothing but loyal. Makes me wonder if she was cheating on me too...,0,1,0,0,0,0
Not the fact that it's a terrible comparison?,0,0,0,0,0,1
Putting your finger and a loose cloth inside the 3 jaw chuck to polish the inside is insanely dangerous,0,0,0,1,0,0
They spam that stuff because its working. Make them stop it .. and punish them.,0,0,1,0,0,0
I'm thinking he ment [NAME] but he's still a karma stealing whore.,0,0,1,0,0,0
Oh well... I'll like both of you.,1,0,0,0,0,0
"Wow, ouch... ",0,0,0,0,1,0
"Hate the taste, switched to a plastic nalgene bottle",0,0,1,0,0,0
Have fun in the farmer's league.,1,0,0,0,0,0
"Poor kitty. All you can do is give her extra treats, playtime and cuddles. ",0,1,0,0,0,0
So sorry for your loss! I lost my cat 6 years ago in 2021 due to terminal autism. 😭😭,0,1,0,0,0,0
saved... i'll enjoy this video,1,0,0,0,0,0
It's weird that actual socialists will say that politics has moved far to the right.,0,0,0,0,0,1
oh happy cake day,1,0,0,0,0,0
"Unfriend this kid in all ways possible. Sucks for both of you, but this could be much worse. ",0,0,1,0,0,0
I will be surprised if this actually has an impact. Just a few statements about the importance of the commitment to defeat ISIS and the withdrawal will continue.,0,0,0,0,1,0
How sad that you think because [NAME] wants something we should no longer want it. Grow up you child. Life does not revolve around you or [NAME].,0,1,0,0,0,0
I can't believe people voted us to beat Sydney. I've become extremely optimistic over the past few months and even i voted Sydney.,0,0,0,0,1,0
"wow, you guys have a body language now?",0,0,0,0,1,0
the excitement when they all first come in always makes me happy,1,0,0,0,0,0
Wow - never seen negative karma before I clicked on your name lol.,0,0,0,0,1,0
That’s depressing,0,1,0,0,0,0
"Watched it last night and as someone not generally into supernatural horror/thriller type stuff, I thought it was pretty damn enjoyable. ",1,0,0,0,0,0
N00b account tosses insults - how surprising.,0,0,0,0,1,0
I’m not crying.. You’re crying!,0,1,0,0,0,0
I didn’t say for how long I’d been in it. :) Maybe it was made of ply board and garbage!,1,0,0,0,0,0
"i ended up crying and breaking down once i got to my friends house, i'm so sorry that happened to you as well :~( ",0,1,0,0,0,0
[NAME] that bottom picture. the brows mixed with the hair terrify me 😰,0,0,0,1,0,0
You know it’s really bad when the lashes are bigger than the brows,0,1,0,0,0,0
So you lucky you won as you work illegal teach. Glad you leave.,1,0,0,0,0,0
This thread is one of worst things I've ever read,0,0,0,0,0,1
Thank you! I am surprised with the amount of feedback I am getting. I was not careful with my word choice.,0,0,0,0,1,0
How so? How do you keep stupid people from voting?,0,0,1,0,0,0
"Some people are pretty dense. That comment was clearly sarcasm, sorry bout your downvotes 😔",0,1,0,0,0,0
Exactly. How that woman has survived two no confidence votes amazes me.,0,0,0,0,1,0
It worries me that there are people that miss the meaning of a subject by so much. Your critical thinking skills sadden me.,0,1,0,0,0,0
he'll be hurt next year too,0,1,0,0,0,0
Congratulations fellow lobster!!,1,0,0,0,0,0
But...but...I just bought a new gun in Fallout '76.....and America is the centre of the universe!! :'(,0,1,0,0,0,0
I am so so happy for you. <3,1,0,0,0,0,0
Block him and stop replying to his comments. Not worth it.,0,0,1,0,0,0
"A surprise to be sure, but a welcome one.",0,0,0,0,1,0
i can't believe i havent seen this before. well i was going to watch nosferatu tonight but change of plan,0,0,0,0,1,0
sorry. I don't want to put words in your mouth.,0,1,0,0,0,0
"So happy to see [NAME] regaining his form... we had to sacrifice [NAME] for it, but i’m okay with that...",1,0,0,0,0,0
"I'm glad you can relate. I'm glad in a really alienated, empty way. But glad, still. Probably.",1,0,0,0,0,0
Aquaria just lost her shit when the Cup Toss challenge went awry,0,1,0,0,0,0
No we're getting Kinsler and be happy with it,1,0,0,0,0,0
"We're worse to animals than we were 100 years ago, js.",0,0,0,0,0,1
“What a bummer. He ded. I look at sky. Maybe bird make me happy.”,1,0,0,0,0,0
I know North America is a big place but I wonder what it will take to see similar crowds in cities over here.,0,0,0,0,1,0
[NAME] from ZoE and [NAME] from TTGL. Actually fuck all that [NAME] from The Big O is where it's at.,0,0,1,0,0,0
I hate roundabouts. For some reason road designers have a fetish for them as more and more are popping up. For cyclist they are rings of death,0,0,1,0,0,0
Crazy how before the offseason everyone was talking 350-400 mill deals for [NAME] and [NAME] as if that was all but inevitable,0,0,0,0,1,0
I used to build a ramp and jump over other kids on my bike ala [NAME]... I was amazed at the time.,0,0,0,0,1,0
You should come. You'd enjoy it.,1,0,0,0,0,0
The main reason I left is a hidden mmr used to influence matchmaking in a mode that requires a paid entry. That's disgusting,0,0,0,0,0,1
"As someone who went through school before the internet existed, yes, weird creepy kids existed. Although it was more in your face. ",0,0,0,0,0,1
Niemi is absolutely amazing tonight,1,0,0,0,0,0
"One of my best friends got caught up in Primerica, it was both sad and hilarious ",0,1,0,0,0,0
I am sorry little one,0,1,0,0,0,0
To bad your mother didn’t swallow your dumbass,0,0,1,0,0,0
"Since I was a kid I knew I preferred funny, smart, interesting girls to conventionally attractive ones. Really tore me up the feeling wasn't mutual.",0,1,0,0,0,0
Wow. That is shockingly uncool.,0,0,0,0,1,0
Wow what's it like to be so petty? (Fixed),0,0,0,0,1,0
"Yeah, turns out there are some SNEAKY Grizzlys there that can surprise even a dog.",0,0,0,0,1,0
I believe you copied and paste from somewhere or previous answer. We are definitely not talking about the same thing. Hope you get better man. Cheers.,1,0,0,0,0,0
"Fox News devoted 42 seconds on [NAME], wow.",0,0,0,0,1,0
"[NAME] hears bible verses and is like ""fuck this shit""",0,0,0,0,0,1
Happy Birthday!! It was great seeing her at the Royal Rumble and SmackDown.,1,0,0,0,0,0
"Sksksksk omg, I think I must’ve got confused then, yeh top for ep8 right? And that’s the makeover or the ball?",0,0,0,0,1,0
The sad part is that we are not trying to tank,0,1,0,0,0,0
"OOOOOFFF, now that'd be a kick to the head",0,0,1,0,0,0
"Huh, never heard of that term before. Something new every day!",0,0,0,0,1,0
Savannahs? Like 30 lb dogs in a cat skin and they look amazing to boot.,0,0,0,0,1,0
It is so refreshing to have [NAME] gone.,1,0,0,0,0,0
This is horrifying,0,0,0,1,1,0
the tears of unfathomable sadness ... mmm yummy!,0,1,0,0,0,0
OMG kids are dying from polio??,0,1,0,0,1,0
*what the fuck*,0,0,1,0,0,0
I wouldn’t recommend expensive brands in this subreddit. People get irrationally angry and condescending.,0,0,1,0,0,0
"Made me so angry to read that, I almost downvoted your comment. Upvoted, for sure. Grr! ",0,0,1,0,0,0
I can't imagine how scary that was for you. What is wrong with people?,0,0,0,1,0,0
"I'm just glad they'll chill out in the main sub, they were swarmin.",1,0,0,0,0,0
Where in that sentence did I mention US backed CIA coups? You're fucking shameless.,0,0,1,0,0,0
The only life that needs to be ended here is the life of the guy that raped your daughter. Abortion is just medicine,0,0,1,0,0,0
We could cure child cancer and pictures like this would still make me happier,1,0,0,0,0,0
Oh good one. It’s insane to think the last three mvps were once on one team,0,0,0,0,1,0
Well glad she got out of the situation safely. I would much rather NOT have to investigate and know someone is safe.,1,0,0,0,0,0
"Go lie somewhere else. Go to Faux News or something. They,ll believe you.",0,0,1,0,0,0
that was a horrible call,0,0,0,0,0,1
Ahem. There are those who think that life Has nothing left to chance A host of holy horrors To direct our aimless dance,0,1,0,0,0,0
This. I saw a life pro tip a couple weeks ago about this. I cant believe how clean my kitchen has gotten.,0,0,0,0,1,0
"Please no, I have a family!!!",0,0,0,1,0,0
"I don't wish abortions on any woman. It's a terrible thing to endure. Necessary, sure, but it's still grim.",0,0,0,1,0,0
Thats a move i havent seen before,0,0,0,0,1,0
As a college student that played football I'm with you lol. My team smashed mcdonalds all the time and it was great,1,0,0,0,0,0
"I’m really high and laughed too hard at this video, normally I would feel really bad for the old fella.",1,0,0,0,0,0
His 2 point shooting has been bad this season atleast he is still staying aggressive,0,0,1,0,0,0
Absolutely no one was surprised at her choice to run in 2016...,0,0,0,0,1,0
I arbitrarily hate poo-lice Get OUT OF MY POO,0,0,1,0,0,0
I hate when I get extremely bored doing something that was once all consuming.,0,0,1,0,0,0
"Take your upvote, you no good bastard.",0,0,1,0,0,0
"Wow! Thanks! We’re working on it! Glad you liked it (this is [NAME], the [NAME] one)... appreciate your support!",1,0,0,0,0,0
"Not the right sub, I'm afraid.",0,0,0,1,0,0
Every time I think about how close we were to getting [NAME] it hurts a little bit more...,0,1,0,0,0,0
It’s awful. I couldn’t even see the ending at all.,0,1,0,0,0,1
"Wait.....What? You do know that's not how it works, right?",0,0,0,0,1,0
Wow I never noticed that either before you pointed it out,0,0,0,0,1,0
Ignorance is the worst thing that can happen to someone,0,0,0,0,0,1
It infuriates me how many layers of tape these things have sometimes.,0,0,1,0,0,0
This made me incredibly happy and incredibly sad. Sometimes this universe robs us of the wrong people.,0,1,0,0,0,0
Sooooo happy for you.,1,0,0,0,0,0
"So, so many hugs and high fives! You are an awesome momma. ",1,0,0,0,0,0
"Hate that scene? Believe it or not, jail. ",0,0,1,0,0,0
"Racism is as racism does - so yeah, goin' out and willfully doing racist shit is indeed racist. Not too hard to grasp.",0,0,1,0,0,0
I’m also glad I’m not the only one that swears a lot at the bastard objects.,1,0,0,0,0,0
You are one pathetic human being.,0,1,0,0,0,0
"If we don’t get [NAME], [NAME], [NAME], or [NAME]..... I’ll be so sad ",0,1,0,0,0,0
"_Ooh, it looks like we just sold the last one earlier today_",1,0,0,0,0,0
Glad you had fun! Your gf sounds like a keeper!,1,0,0,0,0,0
This is not a comedy subreddit. It is a subreddit about the unexpected.,0,0,0,0,1,0
Seriously! Like can any foreign power just come in and appoint a president?,0,0,0,0,1,0
"Worse, he murdered King [NAME] in the most cowardly way possible. Both in the books and the show. ",0,0,1,0,0,0
"No, you're supposed to get angry and yell that you're right when someone corrects you",0,0,1,0,0,0
Omg a drop pass worked. 👀,0,0,0,0,1,0
Wauw! Those weapons are awesome!!,0,0,0,0,1,0
This is a restaurant in a hotel so it had a strange vibe.,0,0,0,0,1,0
The nerve of that [NAME] album on his wall. I still can’t believe he has a child.,0,0,0,0,1,0
Wow. Some people are so stupid. But if it was me I would have opened the door and at least put it inside the doorway.,0,0,0,0,1,0
"I am glad I found this subreddit ""gatekepping"" is a phenomenon vocab btw.",1,0,0,0,0,0
I feel this but I also sympathize with mentalcels because I’m mentally ill and it makes me feel even worse.,0,1,0,0,0,0
[NAME] is worse.. [NAME] is really bad as well..,0,0,0,0,0,1
See as sad as I am I can’t hate anyone here.,0,1,1,0,0,0
"Hard to describe, but I get a more relaxed sleep with cbd.",1,0,0,0,0,0
HOW DARE YOU!!,0,0,1,0,0,0
Alexa play Sad!,0,1,0,0,0,0
You have devoted yourself to this guy and he thinks you would be a bad mom. Fuuuuuuuck this guy. You deserve better.,0,0,1,0,0,0
"As a vegan, I can't tell you how happy I am to find any restaurant with vegan options! That man should be showering you with gratitude.",1,0,0,0,0,0
Nobody has the money to. What a joke,1,0,0,0,0,0
I'm surprised no one posted a Meat thread yet...,0,0,0,0,1,0
"Wow, this is terrifying.",0,0,0,1,0,0
I could crush him like a bug right now.,0,0,1,0,0,0
"Sorry, didn’t realize I was talking to a fan of the prestigious UCLA Bruins football program.",0,1,0,0,0,0
How aren’t you in fucking school,0,0,1,0,0,0
The last message was particularly painful to read,0,1,0,0,0,0
It was on a washed out road in the at 2am. Which makes it even worse. They never should have been towing that vic.,0,0,0,0,0,1
Drive thru is the worst. The number of times people would sneeze in my face at the window was infuriating.,0,0,1,0,0,1
"Definitely accurate, lasted about a month total in a Disney “internship” program... was more like slavery. Terrible experience that ruined Disney for me",0,0,0,1,0,0
"I hate to be that guy, but there are 6’0” + women",0,0,1,0,0,0
it made me cry too when [NAME] return to her older self😢,0,1,0,0,0,0
It’s a wonder [NAME] didn’t get more duis with the amount he needed to drink,0,0,0,0,1,0
Her husband is disgusting. I can’t even look at the cute baby when his face is in the shot.,0,0,0,0,0,1
Kindly shut your pie hole.,0,0,1,0,0,0
Good news. Makes me feel BCH is way underpriced and has a huge upside.,1,0,0,0,0,0
The most my dad did to help with the housework in 35+ years of their marriage was to lift his legs while mum vacuums around the couch,0,0,1,0,0,0
This should be the norm instead of the exception. Sadly the leaders in law enforcement are almost always more into politics than principles.,0,1,0,0,0,0
The rams seem pretty happy with [NAME].,1,0,0,0,0,0
23 minutes! Omg that's too long,0,0,0,0,1,0
Oops! The lack of free trade caused the death of 20 Million proletariat!,0,1,0,0,0,0
We don’t “know” but it was reported he is expected to stay on. Really glad about it,1,0,0,0,0,0
I hope this guy got found and fired. That's way too dangerous. He could have easily killed someone.,0,0,0,1,0,0
Id buy those shoes and walk in the dirtiest places just to piss [NAME] off.,0,0,1,0,0,0
"If being bisexual means I'm in a cult, I'm kind of pissed because I haven't received my cult robes yet.",0,0,0,0,0,1
I joined a club and that's how I made friends. Try joining a club.,1,0,0,0,0,0
So happy for you I am crying too.,1,1,0,0,0,0
"Well, since everything in Australia wants to kill you, I'd say it is quite healthy to be afraid of Australian spiders, and other flora and fauna ",0,0,0,1,0,0
"Unfortunately, we live in 21st century America, where this kind of behavior ensures that they will both be given high-paying jobs at CNN.",0,1,0,0,0,0
People are idiots! No one should shame [NAME] for doing her job as a mom! Shame [NAME] instead for putting her kids' life in danger!,0,0,1,0,0,0
I feel so sorry for [NAME]..,0,1,0,0,0,0
"They understand alright, they just don't give a shit. Bunch of fucking scum.",0,0,0,0,0,1
yes and I'm glad that this nonsense stops with me,1,0,0,0,0,0
As The Pot Bro's always say. When the Cops ask you questions. Shut the fuck up.,0,0,1,0,0,0
Are you serious? Open up a fucking history book,0,0,1,0,0,0
I hate to say it but....... I quite like this as a format - the burger and fries look shocking though.,0,0,1,0,1,0
Yea I'm poor :(,0,1,0,0,0,0
"Man I'm sad, he was my favorite [NAME] when he left ([NAME] heir apparent) and I was ecstatic when he returned",0,1,0,0,0,0
Such a great moment. I love sports because you can always remember where exactly you were when great moments like this happened.,1,0,0,0,0,0
the fuck is wrong with this guy,0,0,1,0,0,0
Wow are you saying political agitators will drum up a controlled crisis and disseminate the edited video through a foreign fake twitter account,0,0,0,0,1,0
I feel personally attacked.,0,1,0,0,0,0
No I've been here for 5 years :( it's just gotten worse and worse,0,0,0,0,0,1
"You’re right, this is absolutely terrible",0,0,0,0,0,1
I’m broke as shit and already do that.,0,1,0,0,0,0
That cat's jump when the coyote takes his eyes off him.. Ouch!,0,0,0,0,0,1
"Holy shit, if my siblings had roomates i wouldnt be shocked if you were talking about them.",0,0,0,0,1,0
Heyyy bear hug!,1,0,0,0,0,0
[NAME] BREAK THE GAME. WHY HAVE YOU GIVEN ALL THE KILLERS A FUCKTON OF THEM. ITS SO DAMN STUPID.,0,0,1,0,0,0
Yup if you’re ahead and just want to spam actives I enjoy it with an upgraded cursed ankh to really hurt healing based teams,1,0,0,0,0,0
"What, again? This stupid country!",0,0,1,0,0,0
I've removed your post for witch hunting. Please be mindful of that in the future.,0,0,1,0,0,0
This one tilted concrete square in my neighborhood that I keep fucking tripping over.,0,0,1,0,0,0
That's so amazing! I am happy for you both!,1,0,0,0,0,0
Sure hope #4 includes subsidized housing. I'm terrified.,0,0,0,1,0,0
How is this any different from women who claim that all men are awful people? I'm sure you dislike it when women do that.,0,0,0,0,0,1
Yeah that was my bad. I was just heated after that loss and was being an ass. My b,0,1,0,0,0,0
Screaming at this reply,0,0,1,0,0,0
"Wow, now I am sad",0,1,0,0,0,0
I was living for him. Now he left me. I'm not gonna live anymore.,0,1,0,0,0,0
"I don't know why, but the thought of that hat on smoke makes me smile...",1,0,0,0,0,0
Sounds dreadful.,0,0,0,1,0,0
I love the way you phrased that. I do believe she is terribly afraid to look inward at herself.,0,0,0,1,0,0
So. Damn. Greasy.,0,0,0,0,0,1
"Sure, sorry for late response.",0,1,0,0,0,0
"Youd be surprised how many times the ""hebephilia is not pedophilia"" argument comes up on reddit. ",0,0,0,0,1,0
That's one of the only times I've ever felt bad for [NAME]. He was relentless and would not let it go!,0,1,0,0,0,0
I HEAVILY VIBE WITH THIS,1,0,0,0,0,0
"It looks like those ""true facts"" memes are coming back, too. SHUT IT DOWN, OTTO.",0,0,1,0,0,0
I literally didn’t know that it was a interlocked I and U. Holy cow that’s crazy.,0,0,0,0,1,0
[NAME] sure are afraid of brown women.,0,0,0,1,0,0
Happy cake day [NAME],1,0,0,0,0,0
"They played a lot worse on Saturday. Saturday was really, really bad for me.",0,1,0,0,0,0
yuck no I'm waiting until marriage obvs,0,0,0,0,0,1
"This is the sad truth for the exact reason he mentioned, they want a short fix to avoid doing this type of hard work.",0,1,0,0,0,0
"I can’t work, wish I could. Worked hard my whole life and lost literally everything a few years ago. 20 years down the drain.",0,1,0,0,0,0
Enjoy wes virginnie,1,0,0,0,0,0
"I couldn’t believe that. I’ve been mad but never enough to throw my PHONE! GIRL, what is you DOIN’?",0,0,1,0,1,0
good to see your story had a happy ending!,1,0,0,0,0,0
"Aw, she came home early to surprise you! She must have missed you a lot.",0,0,0,0,1,0
Why does everyone keep assuming that we’ll suddenly sign big name FA’s? This is a terrible idea.,0,0,0,1,0,0
I don't have children yet so I will just have a long conversation with my balls tonight,0,1,0,0,0,0
"Thank [NAME] , surprising he doesn't want the mets deal",0,0,0,0,1,0
That sounds frustrating!,0,0,1,0,0,0
only suckers believe this don't be a sucker,0,0,1,0,0,0
You've aged horribly',0,0,0,1,0,0
"I was afraid things would if we kept seeing each other, which is why I brought this up to her now rather than later. ",0,0,0,1,0,0
Even if it’s available 24/7 on your new website 99% of it is ugly so people still won’t buy it.,0,0,0,0,0,1
Your company sucks.,0,0,0,0,0,1
"Wow, you really missed the point, didn't you?",0,0,0,0,1,0
ARGH!!,0,0,1,0,0,0
"""Why everyone hurts me?""",0,1,0,0,0,0
"How dare you care about your physical and mental health, you shitlord you! /s",0,0,1,0,0,0
"No,no, you are right we should murder everyone we hate other wise hateful people win. ",0,0,1,0,0,0
I hate people who can't *read* Dx,0,0,1,0,0,0
I’m genuinely surprised that [NAME] didn’t believe [NAME] lipstick speech - like that shit genuinely moved me,0,0,0,0,1,0
"as a woman, I can tell ya it’s not uncommon for that to happen, haha. [NAME] make it extra sad though.",0,1,0,0,0,0
Just stop.,0,0,1,0,0,0
Why are you so angry?,0,0,1,0,0,0
"Utah roads are definitely some of the best out there. Anywhere else I have lived has had either similar or worse, or waaaay waaaay worse",0,0,0,0,0,1
"That just shows how similar people can be in this kind of situation, demanding, rude, and can sometimes damage stuff without care",0,0,1,0,0,0
"I am on month 9 post discard. The anxiety has lifted tremendously, and the depression is still looming but not as bad. ",0,1,0,0,0,0
Fuck why didn’t I think of that,0,0,1,0,0,0
lol dont try and fucking blame [NAME] for not passing it to a guy who has been bricking all night.,0,0,1,0,0,0
Fucking hate [NAME]..,0,0,1,0,0,0
*Hey just noticed..* it's your **1st Cakeday** SirVortivask! ^(hug),1,0,0,0,0,0
Glad it's not just me!,1,0,0,0,0,0
Reading this made me pretty damn happy. Congrats hope it works out for you two.,1,0,0,0,0,0
We don't know anything yet till it happens. It's great to see everything think they know the eliminations order.....lol. you will be shooked,0,0,0,0,1,0
Game: ok get out now Nea: a Game: no fuck you nea u toxic af,0,0,1,0,0,0
He’s a professional liar making promises to get elected when all he concerned with is a power gain.,0,0,1,0,0,0
*I curse you to an eternity of walking barefoot on a world of Lego!*,0,0,1,0,0,0
Stop attacking me,0,1,0,0,0,0
"Like women don’t have enough things to be judged on, now everyone is talking about our eyebrows..this is the most ridiculous trend to me. ",0,0,1,0,0,0
I enjoyed that Bagel Boss commercial. Suddenly craving some Greiss Coffee.,1,0,0,0,0,0
Extremely painful to watch,0,1,0,0,0,0
"You're making me look bad [NAME], while she yells and screams.",0,0,1,0,0,0
**You are breaking the car!**,0,0,1,0,0,0
What's really sad is that [NAME] wants to outlaw gay dads. I'm literally shaking.,0,1,0,0,0,0
"Lies, damn lies and statistics. ",0,0,1,0,0,0
"As a [NAME], I would like to extend an apology to anyone freezing in the polar vortex. ",0,1,0,0,0,0
"You’re an animal, and you deserve all the shame/repercussions you get.",0,0,1,0,0,0
I bought milk and honey for its cover. ended up loving it anyway.,1,0,0,0,0,0
[NAME] why did they have to remove the OP? Her story is heartbreaking and she appears to only want some sort of comfort from the sub.,0,1,0,0,0,0
Where the f are you going to school that you are hearing such remarks semi regularly? That's horrible!,0,0,1,0,0,0
"I wish there was a bridge there, because then that would have been worth it. This river is the biggest pain in my zone!",0,1,0,0,0,0
I slept so great last night uwu More wins vs them please!,1,0,0,0,0,0
"According to the filmmakers, it was the same Brachiosaurus that awed the characters in the first movie. ;_;",0,0,0,0,1,0
What changed for [NAME]? Last season he had a spurt of being meta and dominant and [NAME] was a bit of a terror,0,0,0,1,0,0
No one loves you. Cry more.,0,1,1,0,0,0
"Lol now that I see it put in this way, it's even more sad. Thanks :(",0,1,0,0,0,0
Good. I'm glad that you are getting help.,1,0,0,0,0,0
Happy to help!,1,0,0,0,0,0
But I hate trannies and feminsts owo,0,0,1,0,0,0
Interesting I wasn't aware of this. Maybe proving the undue hardship is difficult but technically allowed? I wonder what counts.,0,0,0,0,1,0
Good to hear - I am glad you at least have that choice.,1,0,0,0,0,0
"I'm surprised not to see whining about [NAME] books more often, speaking of children.",0,0,0,0,1,0
[NAME] these things were terrible. i presume they still are. #teamlemoncreams,0,0,0,0,0,1
>!This really crushed my soul!<,0,1,0,0,0,0
Sad if step kids are nice children I am sorry they are in this dynamic,0,1,0,0,0,0
yeah see some of us come from youtube it's a horrible place never go there,0,0,0,1,0,0
Over 9000 IQ Tracer. Cheers love.,1,0,0,0,0,0
Happy cake day man!!!,1,0,0,0,0,0
Broke and jealous,0,1,0,0,0,0
Sometimes I just go on the YouTube video for any song older than like 20 years and these comments never disappoint,1,0,0,0,0,0
It only gets worse kiddo. Someone call [NAME] and get this girl an upgrade.,0,0,0,0,0,1
toy has lost its value,0,1,0,0,0,0
"Eh, loser. It’s sad how some people don’t care about their relatives.",0,1,0,0,0,0
Ugh I am in this same place right now. Dating a husband whose wife calls all the shots. I feel for you.,0,1,0,0,0,0
Happy cake day and happy birthday! I'm sorry your friend bailed on you.,1,0,0,0,0,0
Holy shit I was so anxious reading this. I’m so sorry,0,1,0,0,0,0
"Well, I knew that a lot of people don't trim their bushes in the eastern suburbs, but that's ridiculous.",0,0,0,0,0,1
Funny. He said the same thing to me. I don’t even have a daughter.,1,0,0,0,0,0
"Suddenly, the **average** block confirmation became an unchangeable API paramter? Wow. Just wow.",0,0,0,0,1,0
I knoooow like why do people exist just to make things worse I’m so tired of all these alts/ weird question askers,0,0,0,0,0,1
Tried to ride the Overwatch train and crashed miserably.,0,1,0,0,0,0
I’m so happy for them. I hope he drowns in a puddle of bacon grease.,1,0,0,0,0,0
[NAME] I HATE those.,0,0,1,0,0,0
"Welcome back, [NAME]",1,0,0,0,0,0
Well that was strangely majestic.,0,0,0,0,1,0
Beautiful yet sad that his relationship ended in ‘45 the same way most of mine do...with cheating,0,1,0,0,0,0
It was the worst cinemax porn I've ever seen.,0,0,0,0,0,1
[NAME] fucking dammit,0,0,1,0,0,0
Wow dude get a life and stop digging through my comments trying to pick a fight like a belligerent moron.,0,0,1,0,0,0
I'm appalled that your roommate straight up destroyed perfectly good leftovers that way,0,0,1,0,0,0
Studid fuckin idiot,0,0,1,0,0,0
Not surprising since about 85% of all dating relationships end in a break up.,0,1,0,0,0,0
I think this is my favourite story of the year so far.,1,0,0,0,0,0
VUC YOU IDIOT!!!!,0,0,1,0,0,0
And I thought they smelled bad on the outside!,0,0,0,0,0,1
"Even if you think me and him aren't soulmates, youve gotta be pretty sad to think soulmates don't exist. ",0,1,0,0,0,0
Underrated comment.,0,0,0,0,0,1
"Been scoring big on the Groudons.. caught 4 so far. Edit: no, no shinys yet. I've had the worst luck with shinys in this game",0,1,0,0,0,0
I'm also happy you're still here!!,1,0,0,0,0,0
"Yeah, people die in civil wars. Stop.acting like the [NAME] are just killing [NAME] while spouting made up numbers",0,0,1,0,0,0
Sorry to say OP but it seems his IQ is indeed higher than yours.,0,1,0,0,0,0
Can’t believe people still fall victims to those machines.,0,0,0,0,1,0
"Would breaking her jaw and hands be out of line? She couldn’t call or text, what a shame. ",0,0,1,0,0,0
Happy Another Day random strangers!,1,0,0,0,0,0
"I'm more worried about him scamming children than ""oNLY"" scamming them into thinking they'll get $100.",0,0,0,1,0,0
Sorry man [NAME] doesnt care about hard working [NAME]. Sad,0,1,0,0,0,0
It’s not so much that I enjoy money and more that I do enjoy scamming people.,1,0,0,0,0,0
This is child abuse. No decent parent would force their kid to starve just because they don't understand science and nutrition,0,0,1,0,0,1
Can't help but feel that going down 3-0 is nerves and fear of playing someone with [NAME] mythology. AO to [NAME] is like RG to [NAME],0,0,0,1,0,0
That's awful. But I am proud of you for calling him out.,0,0,0,0,0,1
Because people hate freedom,0,0,1,0,0,0
I am so sorry for your loss. I lost my Brother a few years back. My thoughts and heart is with you.,0,1,0,0,0,0
YOU DON'T GET TO JUDGE ME!,0,0,1,0,0,0
I'm too scared to start Black Mirror because it honestly seems like we might not be that far off from some of it.,0,0,0,1,0,0
I love the snail's smile. It makes me happy :),1,0,0,0,0,0
You guys will be shocked to know it is another cut of the Ga Spa vid.,0,0,0,0,1,0
"[NAME], what? Why are you even here. Fuck off.",0,0,1,0,0,0
Our [NAME] is going off bro. [NAME] is gonna out-Jack you off.,0,1,0,0,0,0
cheers friend. same thing happened to me 2 days ago. hazzah!,1,0,0,0,0,0
"Oh shit, that makes a lot of sense, thanks for dumbing it down!",0,0,0,0,0,1
Poor [NAME]. One of the great men of our time getting destroyed by the courts. I hear he has to file for bankruptcy.,0,1,0,0,0,0
Self confidence I think and the fact that I’m scared if I do give all of myself to some that they won’t reciprocate.,0,0,0,1,0,0
Hmm I thought I was playing the game for fun and excitement and unlocking skins was just an added bonus,1,0,0,0,0,0
She is a horrible person and that is what makes her so relatable in real life.,0,0,0,1,0,0
"Then they're the worst fascists of all time, because their critics have been extremely loud and public, while not being murdered.",0,0,1,0,0,1
"I can't pluck it, hurts too much. So every few days I shave a strand of hair on my chin.",0,1,0,0,0,0
"Hey [NAME], I'm [NAME] ! :) ",1,0,0,0,0,0
That's a really good one too. I am pretty upset to learn how limited my vocabulary is,0,1,0,0,0,0
"Why the fuck would you go for pizza, subs or pork rolls in texas?",0,0,1,0,0,0
Using Vtrigger and Vskill buttons!? Oh My.,0,0,0,0,1,0
Yikes. She sounds like she's one bad grade away from shooting up a synagogue.,0,0,0,0,0,1
Are we seeking attention? Waaaaaaaaaaaaah!,0,0,0,0,1,0
"Let's see, collectivized commons leave less grass on the ground and wreck the economy. Nope. The tragedy of the commons still holds true. Try again.",0,1,0,0,0,0
Hard to swallow pills. This sub is meh now,0,1,0,0,0,0
Can a lad please send me one of whatever the fuck this is plz.,0,0,1,0,0,0
"Don't be, this is funny. I love it when [NAME] shows his emotions.",1,0,0,0,0,0
"Come to Melbourne [NAME], my wife cooks a rest roast we would love you over for dinner",1,0,0,0,0,0
"Great, now my balls hurt and I’m yawning uncontrollably. ",0,1,0,0,0,0
"While [NAME] lighter take on [NAME] in Justice League was questionable, I enjoyed him in BvS. Excited to see who takes on the cowl next.",1,0,0,0,0,0
OMG!!,0,0,0,0,1,0
Also i think that person is really shitty and I’m sorry you experienced that. People are animals sometimes.,0,0,1,0,0,0
*Hey just noticed..* it's your **8th Cakeday** The_Fuzz_damn_you! ^(hug),1,0,0,0,0,0
WHAT A DISGUSTING START,0,0,0,0,0,1
Sad for the people who contracted measles. Angry at the parents who didn't vaccinate their kids against measles.,0,1,1,0,0,0
"never, because I actually married someone I wanted to be with l, and didn’t fucking betray their trust, unlike you arseholes ",0,0,1,0,0,0
I wonder if Belpedio will get a chance up here at some point.,0,0,0,0,1,0
OMG this Extreme Love commercial. Yikes.,0,0,0,0,1,0
I joined the casuals on the couch and curled up in horror while watching this,0,0,0,1,0,0
How scary! She loves you! I hope you are ok.,0,0,0,1,0,0
"Yeah, my mom would tell at and hit our family dog. She was a tiny little dog too. :(",0,1,0,0,0,0
it sounds like a huge pain in the ass to use compared to current systems in place though.,0,1,0,0,0,0
">cold, dead butt Ah, so it's laughter. Laughter is what kills me. ",1,0,0,0,0,0
this video makes me sad,0,1,0,0,0,0
I miss wally he was so likeable,0,1,0,0,0,0
Who the fuck leaves a hot iron on the couch,0,0,1,0,0,0
"Enjoyed pulling moves, if you can find it. Was a comedy very Belfast centric though. ",1,0,0,0,0,0
"Sadly no, but I hear it comes with a sweet bottle opener! And you can't spell Bottle Opener without Lebron.",0,1,0,0,0,0
Don't make me cry...P.S. Happy cake day!,1,0,0,0,0,0
"You’re heartless if you’re calling people who smoke marijuana “druggies” and I’m done arguing with you, have a nice day.",0,0,1,0,0,0
Ohhh. [NAME] is my absolute favorite person ever. She just gets better as the season goes on. Enjoy!,1,0,0,0,0,0
Wonder which one belongs to [NAME] and what would be his final carbon footprint tally for this trip alone.,0,0,0,0,1,0
It's not that bad. Not even the employees were cringe worthy. I'm glad that they were all enthused about having fun with the seniors.,1,0,0,0,0,0
lol @ the dude lying down in the hut at 2:12,1,0,0,0,0,0
I agree. But shooting him left me feeling bad too.,0,1,0,0,0,0
Oh that's so sad,0,1,0,0,0,0
"I love that show, that theme song is my ringtone, I never thought I'd see that anywhere else haha",0,0,0,0,1,0
This is dank what the hell,0,0,1,0,0,0
People deleting and stop caring IS THE REASON why artifact is under 2k players.,0,0,1,0,0,0
yeah. it's like you know something real bad is gonna happen at any time. that's why I never try to get my hopes up too much.,0,1,0,0,0,0
Or perhaps we should look at the bigger problem: mental healthcare in the United States.,0,1,0,0,0,0
"Im always worrying about the same thing, thats why Im always posting and within hours freaking out and deleting my posts ",0,0,1,1,0,0
Her absence is probably the greatest present she can give you. Enjoy it while you can.,1,0,0,0,0,0
jeeez i've never seen a scorpion so bad it actually flipped the person up right,0,0,0,1,0,0
"I'm proud, Reddit. This is a big deal to a fan. I'm genuinely happy for him. ",1,0,0,0,0,0
Maybe we'll just stop moderating for a while to celebrate TWOW.,1,0,0,0,0,0
Wow [NAME] retained NO combat skills from the time he was [NAME] to help him fight Cicada at that bar,0,0,0,0,1,0
People who eat themselves to death are mentally ill in my opinion. Homicide is a deliberate and unlawful killing of a person by another person.,0,0,0,0,0,1
If men were that aggressive we’d be arrested and then slammed publicly and socially. Lives ruined for a moment of drunken stupor.,0,0,1,0,0,0
Why did she get married if she did not love him? Aren't you afraid the same thing wil happen to you?,0,0,0,1,0,0
"I don’t know who [NAME] is and, at this point, I’m too afraid to ask.",0,0,0,1,0,0
I'm sorry you poop your pants every time someone mixes those words up.,0,1,0,0,0,0
Marlboro picked up [NAME] and are phasing out the njoys.,1,0,0,0,0,0
[NAME] combat is terrible and the only reason I don’t play it anymore,0,0,0,1,0,0
Beyond nightmare!!,0,0,0,1,0,0
Stop saying that ? Makes my tummy upset 🤢🤮,0,0,1,0,0,0
I was eating watching tonight's episode. OMG I never will again. You all know what I mean. The opening scene!!!,0,0,0,0,1,0
This is about as close as I can get to singing IRL. It's fun.,1,0,0,0,0,0
I can’t believe he’s playing the live action sonic the hedgehog,0,0,0,0,1,0
"Yeah, he knows about my mental health and how bad it cam get, we've tried all the things that have worked in the past ",0,1,0,0,0,0
i’m so glad you’re doing good now! have a great new year and keep pushing on my guy!,1,0,0,0,0,0
That’s awesome news! Welcome to the family!,1,0,0,0,0,0
"Her reply is immoral and disgusting but it is also brilliant. She's not trying to convince intelligent people, she's trying to motivate angry jealous people.",0,0,0,0,0,1
The worst!! I don’t get cramps so much but my back will kill me,0,0,1,1,0,0
"I'm a firm climate change believer but jeez that was painful to read. Sorry, this is far from bestof",0,1,0,0,0,0
"I have seen some terrible minion stuff, I thought I've seen the worst of the worst. I was wrong...I was horribly wrong.",0,0,0,0,0,1
Someone did this when the roommate was breaking into her room and trying to leave dirty cat litter in it,0,0,0,0,0,1
Thanks for sharing this with me btw. I shared the video with [NAME] and it was a hit,1,0,0,0,0,0
[NAME] damn it [NAME].,0,0,1,0,0,0
Did you just say suck a fuck?,0,0,1,0,0,0
I am very happy with the changes. And also very pleasantly surprised the dairy industry didn't manage to make them include more dairy.,1,0,0,0,1,0
Same.. I wonder why we catastrophize over these minor things so much and others seem to be able to forget them..,0,0,0,0,1,0
Seems like you're another guy who hates legion ;D,0,0,1,0,0,0
Very sad. It’s the child I feel for most.,0,1,0,0,0,0
Worst episode of the entire show,0,0,1,0,0,0
There is no way around it :(,0,1,0,0,0,0
"Wow, foot and car traffic downtown has changed a ton in just 8 years. ",0,0,0,0,1,0
This country is an absolute shithole. Our police are no better than the filth they should be catching!,0,0,1,0,0,0
Those are some pissed off lookin Nucks,0,0,0,0,0,1
BANG motherfucker!,0,0,1,0,0,0
I didnt even recognize [NAME]!!!,0,0,0,0,1,0
Hahaha. I see what you did there!,1,0,0,0,0,0
She sounds hideous.,0,0,0,0,0,1
This sounds like disgusting wasp propaganda. You're being paid by Big Wasp aren't you? Confess!,0,0,0,0,0,1
What the hell is going on at Getty Images?,0,0,1,0,0,0
oh is that it,0,0,0,0,1,0
I'm surprised they've gone this long not knowing [NAME] swears a lot.,0,0,0,0,1,0
another one of those chicks sacrificing her children for a man and 'happiness',0,1,0,0,0,0
Of course it was a huge hit for him. I hate people,0,0,1,0,0,0
I adore this. It gave me so many chills of happiness!,1,0,0,0,0,0
because it's fun,1,0,0,0,0,0
I sure hope so! Smug bastards!,0,0,1,0,0,0
My only issue is he keeps blowing draft picks on QB’s that are terrible.,0,0,0,1,0,0
How many times has this ‘football fan’ committed these crimes now. Someone should lock him up.,0,0,1,0,0,0
"Ah man, so many memories of those skits",1,0,0,0,0,0
Technically it’s the abdomen. Stomach and belly are just informal synonyms. That girl is a racist and an idiot.,0,0,1,0,0,0
You get closure by blocking her on your phone and all social media. She dumped you. It's over.,0,0,1,0,0,0
Show me where jokes about (real) murdered children was acceptable in the past.,0,0,1,0,0,0
Happy Daily Peko #270! Source couldn’t be found I think it’s from the manga.,1,0,0,0,0,0
And I'm happy we all agree it's deathcore.,1,0,0,0,0,0
"omg, poor little bean ",0,1,0,0,0,0
"My best friend waited 5+ years for her boyfriend in prison to come out. Two days before coming out, he dumped her.",0,1,0,0,0,0
His wrists are too small ☹️,0,1,0,0,0,0
Imagine your daughter running away from home. I think that's a pretty terrifying idea without some murderer or mystic horror,0,0,0,1,0,0
Could you imagine? That would be so terrible for viewers. 😂,0,0,0,1,0,0
"#""""Haha so relatable omg so me""""",1,0,0,0,0,0
I’m so happy for you! Keep doing the damn thing! :):),1,0,0,0,0,0
I wonder what a hug would feel like a lot too.,0,0,0,0,1,0
You monster! Think of the children!,0,0,1,0,0,0
9. Some of us just don’t like fucking dogs. Fuck off. Stay away from me.,0,0,1,0,0,0
I'm amazed people read BuzzFeed articles.,0,0,0,0,1,0
Happy cake day bro... or ma'am. You have to see this to really take it in.,1,0,0,0,0,0
"“Jinkies, unmasking the monster is such a pain... Nyeeeeeeeeh~.”",0,1,0,0,0,0
I am surprised Facebook can't detect a non mobile device and redirect to the normal page.,0,0,0,0,1,0
It's seriously terrifying!,0,0,0,1,0,0
This sent shivers down my spine,0,0,0,1,0,0
"[NAME] is bae, how dare you.",0,0,1,0,0,0
"That's so good to hear and I know stress/anxiety is a factor but idk how to get rid of it, glad for you though.",1,0,0,0,0,0
Punchy is Life <3,1,0,0,0,0,0
I'm surprised he didn't say it was *almost* an inside job,0,0,0,0,1,0
"Happy birthday, [NAME]!",1,0,0,0,0,0
The biggest cringe is actually all the people commenting she's a man,0,0,0,1,0,0
There are worse things!!!:,0,0,0,0,0,1
21 year old here! I had always wondered when I would feel like an adult... according to this thread looks like it never happens,0,0,0,0,1,0
"Me too, I've heard before that I'm too blunt and I feel bad about it at times",0,1,0,0,0,0
"This exchange made my day. From a female doc, thanks for getting it. ",1,0,0,0,0,0
That is awful. :(,0,0,0,0,0,1
yup - he threw [NAME] under the bus with no guilt,0,0,1,0,0,0
Thank you!! I really enjoyed the first song and the song by The Avalanches. Both were very melodious and charming.,1,0,0,0,0,0
"I would just beat up someone I really hate, my brother.",0,0,1,0,0,0
BEHOLD THE GREAT GRAIN [NAME] BECKONS US TO ITS CHAMBER! FOLLOW ME MY FELLOW BIRDS INTO THE ABYSS!,0,0,1,0,0,0
"I wonder if it's a deal issue and they are allowed, again, to slip away in the last minute.",0,0,0,0,1,0
"Well I'm scared as shit let's hope for the best, benz should be back(?)",0,0,0,1,0,0
I cant’t stand mint flavored toothpaste. That’s how much I hate mint.,0,0,0,0,0,1
"Woah, woah, woah. You're trying to tell me that elites have a stranglehold in a country with an *actual* aristocracy?! ",0,0,0,0,1,0
"Considering that the majority of people who play poker still open limp, I'm surprised these posts aren't more common.",0,0,0,0,1,0
Now ask me if I care. It's irritating and stupid.,0,0,1,0,0,0
Omg I had to crank my tv because I thought it was just low volume,0,0,0,0,1,0
"[NAME] damnit, have your upvote ",0,0,1,0,0,0
SUFFER MORTALS!,0,0,1,0,0,0
WOW HOLY SHIT,0,0,0,0,1,0
I understand it but still can't ask questions. I am too afraid,0,0,0,1,0,0
My entire body aches now,0,1,0,0,0,0
"If you are not going to kick him out, then don't complain. It is all your choice",0,0,1,0,0,0
He gave his 20 year old ex herpies dumped her and she killed herself. He’s an awful person,0,0,0,0,0,1
plumlee is such a bully. i love it,1,0,0,0,0,0
"I feel personally attacked. Every time one little thing happens, part of me just collapses inside.",0,1,0,0,0,0
wait. So most of south asia doesn't eat rice?,0,0,0,0,1,0
"Im really sad, and there is alot more goin on but i dont know how to tell it.",0,1,0,0,0,0
Roses - still gives me goosebumps till this day,1,0,0,0,0,0
Why all the downvotes? It's a fucking pizza thread?,0,0,1,0,0,0
[NAME] clan needs some fucking therapy.,0,0,0,0,0,1
Honestly [NAME] is just enjoying his 350k and sits at home to play Fortnite ar this point. He’s done for,1,0,0,0,0,0
“Got caught talking about meditation” Sounds terrible I am so sorry you had to go through that kind of thought policing.,0,0,0,1,0,0
Fucking hell...,0,0,1,0,0,0
That helps. I would've never guessed you'd style mannequins.,0,0,0,0,1,0
Very sad. People like this are ruining Aus.,0,1,0,0,0,0
"oh, it's free with prime now, added to watch list.",1,0,0,0,0,0
"But we love how they enslave, rape and decimate civilizations in the name of [NAME]. You guys just don’t get it and are probably racist. ",0,0,1,0,0,0
Yep. I'm glad I never did. I'll gladly use their service for free when it suits me and give them nothing in return,1,0,0,0,0,0
Glad to hear this. Thank you.,1,0,0,0,0,0
im surprised you didnt try to go over her head to the owner or did he just not care about what the new GM was doing?,0,0,0,0,1,0
Hahah. I wish I could say that’ll get less painful with time but it won’t. Sorry my dude. F,0,1,0,0,0,0
Happy cake day friend,1,0,0,0,0,0
Arghh! There's a dinosaur loose in your house! A dinosaur with Tippex eyes.,0,0,0,1,0,0
I'm afraid you have your terms mixed up -,0,0,0,1,0,0
What a fuckin n,0,0,1,0,0,0
Jurassic world fallen kingdom was awful after they left the island,0,0,0,0,0,1
I am glad the media got everyone all riled up before this information came out.,1,0,0,0,0,0
Pure unadulterated hatred. It’s disgusting.,0,0,0,0,0,1
"those pictures of [NAME] are real, he's on Crashing and the way he looked in the premiere was just awful.",0,0,0,0,0,1
Sadly I don't think even half the people who watched the game are gonna hear about that.,0,1,0,0,0,0
"Don’t be clinically depressed, go outside! Be happy! 😊",1,0,0,0,0,0
"Vanity is a sin, [NAME] wants us to hate our bodies",0,0,1,0,0,0
That would be so nice to see,1,0,0,0,0,0
should've rolled into battle with a sword brad. that would have fuckin' rocked,0,0,1,0,0,0
came here to find the person who hasn’t seen this movie so i could feel bad for them,0,1,0,0,0,0
You're pointing at me You pointed first I'm signaling that's not pointing Stop pointing at me!,0,0,1,0,0,0
I'll try that but I'm thinking about going outside when it is unbearable to sleep. Also I'm scared of cold making me more sleepy.,0,0,0,1,0,0
"I like spicy, but I have made poppers with mini bell peppers and they came out great. Good to have options",1,0,0,0,0,0
Oh man that title hurt my brain.,0,1,0,0,0,0
How dare you assume my mortality! >:O,0,0,1,0,0,0
"Don't cry for me, Argentina.",0,1,0,0,0,0
"I apologise, I'm a bit hot headed at times, especially on this account.",0,1,0,0,0,0
"as a Ducks fan, this thread makes me sad...",0,1,0,0,0,0
[NAME]’ ego has turned him into such a bully. He seems to get off lately on witch-hunting and encouraging his “sisters” to harass people.,0,0,1,0,0,0
>lox is optional How dare you put '[NAME]' in your flair! How dare you.. Mods! Mods! Apprehend this impostor!,0,0,1,0,0,0
I’m scared for y’all saying Undone.,0,0,0,1,0,0
"That’s kind of what makes the “guest” response funny, how did it get there?",1,0,0,0,0,0
"for how long, you arent fucking with me?",0,0,1,0,0,0
"CONGRATS! Happy for both your personal health journey and being in a healthy place for a relationship, sounds like beginning of an awesome new chapter! ",1,0,0,0,0,0
Happy to help,1,0,0,0,0,0
"Omg this is awesome. What a witch, I’m so glad they escorted her out. ",1,0,0,0,0,0
Thank you.. Makes my heart happy that someone can appreciate this thread :),1,0,0,0,0,0
I’m surprised I had to scroll this far down,0,0,0,0,1,0
My wife is out for shabbos and I'm so lonely without her :(,0,1,0,0,0,0
"My knees, I had to quit running because they got so bad. Even hiking starts hurting after awhile, especially on long downhills Also glasses and deep voices",0,1,0,0,0,0
"I'd be surprised if mosques make the girls on school trips cover their hair, hence my question.",0,0,0,0,1,0
I am interested if still available. This would be way more fun then my smith center season!,1,0,0,0,0,0
Sadly I had to scroll through the story to read this,0,1,0,0,0,0
[NAME] is a happy boi!!,1,0,0,0,0,0
"That sounds like it was an absolute nightmare, I'm sorry you had to go through that, anesthetic failing is a horrifying experience. ",0,0,0,1,0,0
Wow so brave!,0,0,0,0,1,0
"The snapchat news feed on the stories page is horrendous, its entirely just celebs, porn and hookup culture shit. ",0,0,0,0,0,1
I wonder how it's still tagged questionable...,0,0,0,0,1,0
I can’t believe you’re comparing drug use to interracial marriage. Racists like you disgust me.,0,0,0,0,0,1
Find a new doctor. If he isn't willing to treat people because of political affiliation then he's a horrible doctor and an even worse person.,0,0,1,0,0,0
I remembered it slightly differently. My brain is terrible for coming up with this one: [NAME] Long Thick Penis Has Come To Town.,0,0,0,1,0,0
"The state should kill them yes, you seem to have a very low IQ and can’t grasp [RELIGION]. No wonder you took up Reddit Atheism",0,0,1,0,0,0
"I'm N-word, and I miss my dad",0,1,0,0,0,0
I'm with you. Would this news surprise me? Absolutely not. But I'm not believing anything regarding this subject unless it comes from [NAME] himself,0,0,0,0,1,0
:( bastards,0,0,1,0,0,0
I AM LITERALLY FREAKING THE FUCK OUT,0,0,1,0,0,0
yeh and the new ones just feel like reskin cod games sadly,0,1,0,0,0,0
What. The. Fuck.,0,0,1,0,0,0
I've had sleep paralysis once and it is really bad.,0,1,0,0,0,0
"Weird, I thought I had a different twitter handle than that",0,0,0,0,0,1
You forgot >Having a $1500 debt on LES due to Finance fucking up,0,0,1,0,0,0
"I was wondering what that was and now, I need to go get some brain bleach.",0,0,0,0,1,0
for a moment i got scared and wondered what was this doing here then i read the happy ending,0,0,0,1,1,0
I've seen this multiple times and wonder what happened to her after this.,0,0,0,0,1,0
"I just got there and saw ""Chicken Pox"" When the image is about smallpox",0,0,0,0,1,0
i also cried,0,1,0,0,0,0
The original Halloween movie is still the scariest film I have ever seen. Being chased by [NAME] in this game is terrifying.,0,0,0,1,0,0
What an unbelievable coward,0,0,0,0,1,0
I’m scared.,0,0,0,1,0,0
Glad he didn’t try to backpedal about his feelings. They are valid and he has a right to have them.,1,0,0,0,0,0
Sometimes people that are around each other a lot just get to be friends. Sometimes people ignore that their friends are actually terrible people.,0,0,0,0,0,1
Disclaimer: This is r/television not r/news. Sorry for the mistake.,0,1,0,0,0,0
Is that seriously the story? I haven’t googled it. I just thought it was cool as a WW2 buff,0,0,0,0,1,0
No. Screw him. It IS a demanding job. Physically and emotionally draining. You deserve a hot meal and a friggin hour or two to decompress.,0,0,1,0,0,0
I live for this comment 🙌🏻 i just thought it was me getting older and losing touch with whats “trendy” but am glad its equally hated,1,0,0,0,0,0
It was more just “where did all these airpods come from?!” It was weird to me.,0,0,0,0,1,0
I was sad to see emails from multiple downtown restaurants offering free delivery through grubhub. Deliveries are going to be brutal.,0,1,0,0,0,0
"Jeter been enjoying the Miami nightlife a little too much maybe, dulled his senses. ",1,1,0,0,0,0
I actually had to rewind a few times because I found myself getting distracted because I was kind of bored.,0,0,0,0,0,1
How DARE you!,0,0,1,0,0,0
Yeah it can feel a bit weird but I feel like Cali girls use dude for guys and girls so it's not an immediate L,0,0,0,0,0,1
"[NAME] is so rational, I’d just cry really hard if my parents spent all my college money 💰 ",0,1,0,0,0,0
"Says millennials are afraid of hard work, dismisses the hard work required to get a fit body.",0,0,0,1,0,0
And the problem is that they took doctors out of a&e and out patients and community services and gp's to pay for his monstrosity...,0,1,0,0,0,0
"My name is [NAME]. You killed my father, prepare to die.",0,0,1,0,0,0
[NAME] Just Stop trying you idiot,0,0,1,0,0,0
Looks like they did it to scare everyone else on the road as a dominance game.,0,0,0,1,0,0
she usually sits below the bathroom sink like a fuckin weirdo between 9-11 pm but she'll be free after.,0,0,0,0,0,1
She talks about him getting some manners... She's the only without manners... and she should've gotten kicked off...,0,0,1,0,0,0
"I put ""haha"" after everything I say because I'm insecure ",0,1,0,0,0,0
Fuck this team,0,0,1,0,0,0
This is the most Boomer thing i've ever seen,0,0,0,0,1,0
You nailed the crazy eyes. She scary.,0,0,0,1,0,0
Let us celebrate with a glass of kerbango.,1,0,0,0,0,0
Oh my gosh! That light house!! Its terrifying!!,0,0,0,1,0,0
"Very happy to hear that. I hope he keeps at it, and is open and honest with them.",1,0,0,0,0,0
"our enemy, the state ",0,0,1,0,0,0
Thats it I am out. This sub stinks.,0,0,1,0,0,0
"Hey! Go fuck yourself, you capitalist apologist bootlicking piece of shit",0,0,1,0,0,0
Your ass after I beat you so hard you shit yourself,0,0,1,0,0,1
She would be devastated! Whatever you're going through won't last forever... this will pass!! Ask for help - find someone to talk to!,0,0,1,0,0,0
you should have asked this question 15 years ago sadly :(,0,1,0,0,0,0
"Moose is pretty underwhelming tonight, I miss JV",0,1,0,0,0,0
I will not being awkward if I am being myself but I just scared,0,0,0,1,0,0
"Couldn’t agree more, and glad there are folks in the media that recognize this",1,0,0,0,0,0
What absolute garbage,0,0,0,0,0,1
Wow Jurassic Park looks a lot different than in the cinema,0,0,0,0,1,0
what an idiot,0,0,1,0,0,0
Thank you! I'm so glad you liked it! I did finally get a new belt lol,1,0,0,0,0,0
The only thing I remember about that guy was the super racist remarks he made about [NAME].,0,0,1,0,0,0
I know! Or close the door of the room where the baby is sleeping? It's too sad for the poor thing to be locked inside.,0,1,0,0,0,0
Wow that is the exact armor combo i used to use,0,0,0,0,1,0
I was afraid of that .,0,0,0,1,0,0
STOP GETTING FACTS FROM [NAME] AND THE CORRUPT STATE ..lol,0,0,1,0,0,0
Then go fucking cry you weak minded piece of shit.,0,0,1,0,0,1
You’re an asshole.,0,0,1,0,0,0
You're right and I hate it.,0,0,1,0,0,0
"Let's see, cash register ink, well that's a business expense isn't it... But then I do enjoy the smell... Better not risk it",1,0,0,0,0,0
Gonna be a much better game than the last one. So glad you guys are coming to carver,1,0,0,0,0,0
You fool you're using logic on a show that is clearly not bound by any,0,0,1,0,0,0
She seems like such a happy kid too!,1,0,0,0,0,0
"Disgusting. This is blatant nepotism, and that man should be ashamed.",0,0,1,0,0,1
Hot take: [NAME] sucked after he went away to anger management and he suddenly changed into a moron who was completely incapable of doing anything even remotely correct.,0,0,1,0,0,0
A the_donald poster trying to pass as a human being has to be one of the saddest things I've ever seen.,0,1,0,0,0,0
You mean the Chelsea?,0,0,0,0,1,0
I was under the impression that [NAME] also has some pretty rough health problems.,0,1,0,0,0,0
I love going out in treacherous weather. For real.,1,0,0,0,0,0
"Yes, because private matches are a thing. Surprised no one else has mentioned that one.",0,0,0,0,1,0
I'm sorry.,0,1,0,0,0,0
"Nah, rest is pretty cringe too",0,0,0,1,0,0
I should have known what awaits behind the oilymama hashtag and yet I searched. Now I’m sad.,0,1,0,0,0,0
Angry old men raise their canes when angry. Raising Cane's is a fast food chicken finger chain.,0,0,1,0,0,0
If you like that I got one that you may like. makes me laugh everytime here,1,0,0,0,0,0
Disgusting. Truly disgusting.,0,0,0,0,0,1
OW MY LEG!,0,1,0,0,0,0
I’m surprised the comments and views on that channel haven’t gone crazy.,0,0,0,0,1,0
Overhead fans are absolute shit. They literally do nothing but blow dust around.,0,0,1,0,0,0
I'm glad you found your way. And even missing one day of effexor gets me sick so I feel for you,1,1,0,0,0,0
Yeah I could not even do that I could not move my leg to the side,0,1,0,0,0,0
Yep. Been there. Watching my baby crying while vomiting and her eyes looking at me so hurt was hard.,0,1,0,0,0,0
"I'm really worried :( I sent a DM to them, I hope they will be okay... ",0,0,0,1,0,0
Yesterday I remembered that this game existed and was happy that I waited and didn't buy into a game that would be dead in a month.,1,0,0,0,0,0
So sad—but not surprising. It would be interesting to know if there’s a difference between countries with and without socialised health care.,0,1,0,0,0,0
I'm ordained. When's the wedding? 🙋 This is a terrible idea. I don't know what I'm doing.,0,0,0,1,0,0
I hate when people Beijing a gun. Even worse when they Shanghai one.,0,0,1,0,0,0
"Me, too. Was shocked to say the least.",0,0,0,0,1,0
Now this is poke choking!,0,0,0,0,0,1
Oh my [NAME].,0,0,0,0,1,0
Yay! (Tech will be improved. Eeeek.),1,0,0,0,0,0
"> [NAME] mother allegedly vandalized [NAME] grave, stating that she had ruined her son's life. No....",0,0,1,0,0,0
Sometimes when it gets super annoying I cut it off with scissors but it always turns out worse and makes all the surrounding ones irritated and sore,0,0,0,0,0,1
the good ol days,1,0,0,0,0,0
"Cheers, I enjoyed your announcers. Sucks we don't get to play again until next year",1,0,0,0,0,0
That's bad,0,0,0,0,0,1
I mean I’m playing a card game and enjoying the cheap cards,1,0,0,0,0,0
It’s so fucking creepy,0,0,0,1,0,1
Thank you for saying that I just haven’t felt right and I’m so sad constantly,0,1,0,0,0,0
I hate [NAME] but this dude has already lied to Congress. How can you believe anything he says,0,0,1,0,0,0
This hurts me,0,1,0,0,0,0
The car analogy is silly because car problems are physical and material and hence clearly factual diagnosable. “Toxic masculinity” is a squishy theoretical concept.,0,0,1,0,0,0
"Nah it's not that, [NAME] is just boring and sad",0,1,0,0,0,0
whats it like being this stupid?,0,0,1,0,0,0
"I’m sorry men, I have failed you. My rigidity was no match for the flaccid effort our boys showed tonight",0,1,0,0,0,0
"What scares me is that now that this happened, they're going to try and find ways to take women's phones away from them.",0,0,0,1,0,0
"Ooh sorry, I didn't reread the article. I just remembered seeing it on Instagram. I'll add an edit",0,1,0,0,0,0
"You poor, hideous creature. ",0,0,0,0,0,1
This is scary to know that you went through. People like this are one step away from coming home with a gun or knife.,0,0,0,1,0,0
"Ah sorry [NAME], I was going to join. But your desperate posts scared me away!",0,0,0,1,0,0
"*insert [NAME] talnkig about how they will love you but they will hate you, but it's [NAME] instead of [NAME].*",0,0,1,0,0,0
FUCKACTIVISION THEY RUIN EVERYTHING,0,0,1,0,0,0
He acted like such a jerk- why would you want to be friends with someone like that? I would never trust him again.,0,0,1,0,0,0
I’m dreading when it happens during our games for the title,0,0,0,1,0,0
People tremble in fear of the name Rupple Poopels 😂,0,0,0,1,0,0
"WHY THE FUCK IS WES ON THE FLOOR, HE CANT DEFEND SHIT",0,0,1,0,0,0
"It just so happened that PD, sick kids , and family emergencies all happened to overlap between all my coworkers leaving me all alone. ",0,1,0,0,0,0
I do enjoy my lawn. 😁,1,0,0,0,0,0
I felt my heart drop. [NAME].,0,0,0,1,1,0
It scares me that left to right is also possible for anyone,0,0,0,1,0,0
[NAME] is often regarded as strategically the worst Lord in the series because of this. [NAME],0,1,0,0,0,0
My girlfriend ordered Chipotle. Have fun with that 15 mile drive bud.,1,0,0,0,0,0
NOT THE [NAME] ALBUM LMAOOOO,0,0,1,0,0,0
"That's funny stuff, there",1,0,0,0,0,0
It's a song reference. The lyrics were awkward so one of my FB friends made a meme,0,0,0,0,0,1
You had a tough childhood :(,0,1,0,0,0,0
That hurt too much to watch twice.,0,1,0,0,0,0
Imagine being scared of a black bear,0,0,0,1,0,0
"Haha thanks, I'm not cool at all but that comment made my day! Genuinely made me smile. <3",1,0,0,0,0,0
I always wondered what turned the deer albino. Must have been from fright.,0,0,0,1,0,0
Awful taste hmmmmm,0,0,0,0,0,1
[NAME] THAT HURTS DON'T DO THAT,0,1,0,0,0,0
Woo hoo!,0,0,0,0,1,0
"Oooh, edgy!",0,0,0,0,1,0
"Thank you for your feedback, I was just trying to tell you my reasoning behind it sorry if I came off as angry.",0,1,0,0,0,0
Are you really that brain dead.....idiot!!!,0,0,1,0,0,0
[NAME] winning a ball would be...... surprising,0,0,0,0,1,0
I feel bad for laughing at this now that the creator of Spongebob passed away a month ago.,0,1,0,0,0,0
Haha! Do it.,1,0,0,0,0,0
I swear these people would try to sell shoes to someone without feet.,0,0,0,0,0,1
"She threatened to hurt you, I would file a police report.",0,0,1,0,0,0
"yeah [NAME] can eat glass, that guy fuckin sucks",0,0,1,0,0,0
The faces in that drawing are kinda horrifying,0,0,0,1,0,0
Videos. It’s basically a gif with sound. Pretty cool to see them in action,1,0,0,0,0,0
I’m about to have a heart attack tonight,0,0,0,1,0,0
Swordfish is my go to gun. Used my first unlock token it given how much I enjoyed it.,1,0,0,0,0,0
Min Gung in Glastonbury also has all you can eat sushi. Always a good time!,1,0,0,0,0,0
"This is wild omg. Also, happy cake day twin!",1,0,0,0,0,0
I love how a few words can turn a post from believable bragging to complete bullshit.,1,0,0,0,0,0
Those subs ... wtf,0,0,1,0,0,0
I tell them my wife died in a car accident 10 years ago and I couldn’t fall in love again. I’ve never been married.,0,1,0,0,0,0
"Go your own way, loser. ",0,0,1,0,0,0
I haven't had class in three years and yet I've literally had this nightmare dozens of times.,0,0,0,1,0,0
What the fuck Edit: YOOOO I SWEAR MY DOOKU JUST SAID ONE OF HIS EMOTES IN A DIFFERENT LANGUAGE,0,0,1,0,0,1
Better late than never sadly I can see another label scooping him up,0,1,0,0,0,0
he is a very dangerous man,0,0,0,1,0,0
OMG BARF wtf is wrong with people?!,0,0,1,0,0,0
This brings a smile to my face,1,0,0,0,0,0
Well it was just an educated shot in the dark but glad to help 😊,1,0,0,0,0,0
I can't believe he came in and 4 seasons in he managed to turn the team into this.,0,0,0,0,1,0
Why do you think many feminists are angry?,0,0,1,0,0,0
">[NAME] I don't know why, but that gave me a good laugh. Thank you. ",1,0,0,0,0,0
They are angry virgin children because he plays the game like it was supposed to be played. SOT has the most pathetic community ever.,0,1,1,0,0,0
I love it. Enjoy your upvote.,1,0,0,0,0,0
I'm glad you could relate and that you also found some peace and resolution in your relationship. I'm glad we didn't give up!,1,0,0,0,0,0
"Man, she must really hate infertile women. ",0,0,1,0,0,0
"A ""Texas DUI"" sounds like a weird sex move. ",0,0,0,0,0,1
What the hell are you on about now? Those are some weird examples to go with your clarified opinion.,0,0,1,0,0,1
"weirdly enough drug addicts are still human beings, shocking I know ",0,0,0,0,1,0
i'm so poor i don't even know any horse girls,0,1,0,0,0,0
“I doubt I’m done writing” Kill me,0,0,1,0,0,0
"Play stupid games, win stupid prizes... looks like she braced before impact. Probably gets this shit all the time. ",0,0,1,0,0,0
At least a feed of diazies stops me shitting the bed over the idea of a man wearing a dress. Uppa fuckin erps!!!,0,0,1,0,0,0
I have a bad feeling about this.,0,0,0,1,0,0
Fuck Up would be more appropriate. Fuckin marketing wankers.,0,0,1,0,0,0
Fuck you my fortnite k/d is better bitch,0,0,1,0,0,0
Yes. I hate everything that has to do with my depression.,0,1,1,0,0,0
"Yeah, 16 yearolds being attracted to other 16 yearolds sure is creepy... ",0,0,0,0,0,1
oh [NAME] what did i do,0,0,0,0,1,0
I’m just glad that the academy is FINALLY progressive enough to nominate a mediocre [NAME] biopic directed by a pedophile.,1,0,0,0,0,0
i was there in october and i was shocked at the amount of people on the interstate just casually browsing facebook while driving.,0,0,0,0,1,0
Glad to see you guys are treating him well,1,0,0,0,0,0
Look at the spine on that kid - he must get it from his mother!,0,0,0,0,1,0
You are unfortunately far and few between.,0,1,0,0,0,0
Oy! NOW THAT'S REALLY PISSED IT OFF!!,0,0,1,0,0,0
Hell is a great town. Don't you dare conflate it with those maze and blue bastards!,0,0,1,0,0,0
Yeah transgenders are stupid.,0,0,1,0,0,0
For Citynews dot ca that is really sad.,0,1,0,0,0,0
"I feel like [NAME] was impossibly bad enough to warrant memes about him. [NAME] is just bad, boring, and too invisible to really hate.",0,0,1,0,0,0
If the issue is Abortion yes. My generation was genocided.,0,0,1,0,0,0
"Do You Realize, by The Flaming Lips. But it's not really ruined because we ended/still are on good terms. It just kinda makes my heart feel heavy.",0,1,0,0,0,0
Those things still haunt my dreams to this day.,0,0,0,1,0,0
Oh god no!!! I was gonna get some shipped out to save you some money. Never mind.,0,0,0,0,1,0
30 you illiterate fuck,0,0,1,0,0,0
[NAME] why can I relate so much.,0,1,0,0,0,0
Wow this is getting huge,0,0,0,0,1,0
Look at all the trash at that festival. Fucking gross.,0,0,1,0,0,1
I'm so happy for you !,1,0,0,0,0,0
How dare you make an attempt to be kind!,0,0,1,0,0,0
Ducks just happy. Hadn’t had a shit for days,1,0,0,0,0,0
My condolences.,0,1,0,0,0,0
"[](/ironwillthumbsup) True! Weird, but true!",0,0,0,0,0,1
"You're analogies are terrible and prove the opposite of what you were arguing, numb skull 😂",0,0,0,0,0,1
"I swear, this is the most brutal one of this year yet. ",0,1,0,0,0,0
I have listened to him and that's how I know he's a terrible person and his goal is to turn impressionable people into terrible people like himself.,0,0,0,0,0,1
[NAME] said Monday was Columbus Day and those two bought it. Unbelievable.,0,0,0,0,1,0
>both parties are dumb >stupid tribalism 🤔🤔🤔,0,0,1,0,0,0
You're welcome! Glad you're enjoying them.,1,0,0,0,0,0
Children taken below decks by [NAME]. Get out now,0,0,1,0,0,0
I'd punt her to another planet if she said that about my dog. Wtf is wrong with people. 😠,0,0,1,0,0,0
"It was pretty heart breaking, then the council came out and said they weren't going to collect them. Made a lot of people mad. ",0,1,0,0,0,0
I hate people who have the blinders on when it is one of their friends,0,0,0,0,0,1
Really rude move to do that in the rest room though.,0,0,1,0,0,0
And she would would enjoy wearing,1,0,0,0,0,0
This isn't a meme its a cry for help,0,1,0,0,0,0
WHAT THE HELL IS THAT?!?!?!,0,0,1,0,0,0
"I really hope we see another fighter like him he was so fun to watch, a fighting machine with that killer instinct",1,0,0,0,0,0
He most likely saw you and just didn’t care. Sadly.,0,1,0,0,0,0
His head bounced on the hardwood. Damn.,0,1,0,0,0,0
Vancouver is even more ridiculous.,0,0,0,0,0,1
Thank you! Don't be afraid to stand up for yourself otherwise you'll ended up in your late 30s exhausted and unhappy!,0,1,0,0,0,0
Because love is a lie and there is no happiness in the world,0,1,0,0,0,0
TSA agents are like tow truck drivers. Everyone hates them.,0,0,1,0,0,0
"Guys help I can’t stop playing it, my hands are in so much pain!",0,1,0,0,0,0
Wow! There's no reason for this comment!,0,0,0,0,1,0
"“WTF, He helped me? ...I’ll eat him last :)”",0,0,0,0,0,1
Is the Queen movie bad? That makes me sad. I'm still watch it anyway.,0,1,0,0,0,0
"Haha yeah, apparently their ringleader just got banned on Twitter. ",1,0,0,0,0,0
"Ha ha you're being down voted. Edit: Hey, you're being up voted! Congrats!",1,0,0,0,0,0
I was so sad when they took SG1 off of Netflix. I guess it’s on Prime now? I need to rewatch that show.,0,1,0,0,0,0
"Trust me, if its a person you have feelings for and she/ he just wants your body, thats really painful.",0,1,0,0,0,0
The saddest part is that just this morning when we were laying in bed I was thinking about how much I love him.,0,1,0,0,0,0
Wow thanks. Didn’t know there were any others glad to hear,0,0,0,0,1,0
"[NAME], feel bad for that streamer, everyone has their moments on this game, it’s understandable",0,1,0,0,0,0
time to stop concerning yourself with brexiteers and start worrying about what went so wrong in the EU before more countries decide to depart,0,1,0,0,0,0
Oh fuck off already.,0,0,1,0,0,0
A couple things: Fuck Nazism. Enjoy the ban for trolling!,1,0,1,0,0,0
"Poor cat got his ass kicked by a crab, rope and broom.",0,1,0,0,0,0
"Holy fuck that stop, good shit [NAME]",0,0,1,0,0,0
There is an actual subreddit for cheating. It's disgusting.,0,0,0,0,0,1
sometimes i look up at the stars and i wonder if [NAME] is masterbating to our conversation somewhere out there,0,0,0,0,1,0
I can't wait to find out why this is inaccurate and I should hate the person who made this post and shower them with downvotes.,0,0,1,0,0,0
These people are so full of hate it's disgusting and disheartening at the same time. How do you de-radicalize these people?,0,0,1,0,0,1
Funny how picture comes with no article link... typical BS post..,1,0,0,0,0,0
Stop spraying chemicals daily in the sky.,0,0,1,0,0,0
what the fuck,0,0,1,0,0,0
> when Hahahahahahahahahahahahaha,1,0,0,0,0,0
"Woah, cool!",0,0,0,0,1,0
Shit out to my little hommies who's parents made them go to school today.,0,0,1,0,0,0
Surprised [NAME] didn't add his hatred of interracial couples in the movie.,0,0,1,0,1,0
Honestly? No. I just feel sad for you guys,0,1,0,0,0,0
Hugs hugs hugs. So many big hugs and good vibes. That's the only thing I know how to say right now.,1,0,0,0,0,0
He really would be. It's not even an abortion anymore!;It's just post-birth killing!,0,0,0,0,0,1
>hasn't been any form of arrested development Well fuck,0,0,1,0,0,0
"amendments are allowed on monday to mays deal, i'd be amazed if no one kills her deal",0,0,0,0,1,0
Yeah I have no sympathy for them.,0,0,1,0,0,0
"I actually rooted for you guys that Seahawks game, but now I feel the true pain. ",0,1,0,0,0,0
Thank you for sharing your beautiful and continuing story. It's comforting to see growth and deep love in relationships. I wish you both the best!,1,0,0,0,0,0
thats terrifying. how can people do that to their own citizens?,0,0,0,1,0,0
Stupid sexy squidward,0,0,1,0,0,0
It's also why someone I know is working on becoming an orthopedic surgeon. It's very grim and morbidly lucrative in the US.,0,0,1,0,0,0
"Last event went well, 40+ signups. Looking forward to some new faces this time. Special surprise for the winner!",0,0,0,0,1,0
"This is the most scary [NAME] can ever be to me, cause it’s also the most real he could ever be 😂",0,0,0,1,0,0
Oh cool it’s another episode where lefties forget about consent,1,0,0,0,0,0
Fucking Synths. -[NAME],0,0,1,0,0,0
I HAVE EYE PROBLEMS NOW IM REALLY YELLING,0,1,0,0,0,0
I'm happy to hear all that.,1,0,0,0,0,0
Some people have no shame or sense of self-worth. It’s sad.,0,1,0,0,0,0
We're in it... and now [NAME] is going to the bench? Gotta good feeling!,1,0,0,0,0,0
0 <----- This is how many people were surprised,0,0,0,0,1,0
I've done that in the past. It means he's stupid drunk and is missing you at the moment.,0,0,1,0,0,0
But you'll downvote and complain but not provide any reasoning for your complaints? You sound like a child. Grow up.,0,0,1,0,0,0
Fuuuuck. I feel this. In my core.,0,0,1,0,0,0
"fuck these dysfunctional, insecure mattresses",0,0,1,0,0,1
"This is a solid list, and I will totally allow Scream to count. Surprised to see 10 Things below She's All That tho.",0,0,0,0,1,0
"I feel you, names are the worst. ",0,0,0,0,0,1
Oh whoops haha,1,0,0,0,0,0
I kill him before he kills me during the date,0,0,1,0,0,0
That ESPN intro made me emotional 😭,0,1,0,0,0,0
"Wait, did this really happen? I'd like to see that video so I can cringe some more plz.",0,0,0,1,0,0
Shrug. Cant blame anyone other than your parents.,0,0,1,0,0,0
For real! So happy they just put season 2 on hulu,1,0,0,0,0,0
"Opposite for us! My fiance cuddles me because it helps him fall asleep, then I can play video games in bed!",1,0,0,0,0,0
"I literally teared up reading this. That poor, poor guy. He has a great attitude, but that's heartbreaking.",0,1,0,0,0,0
Oh noooo. I once accidentally rubbed my eye after handling habaneros. It's the worst.,0,0,0,0,0,1
I once got flowers from a girl... idk why but it just feels good,1,0,0,0,0,0
"Definitely not the norm in KY or other bible belt states, sadly. My extended family looks upon my CF lifestyle with nothing but bingo's.",0,1,0,0,0,0
See the other one has advertising that hides the fucking stupid [NAME] that's the difference!,0,0,1,0,0,0
He is just awful enough to do something like that.,0,0,0,0,0,1
This must have been totally horrifying for you. I'm glad to hear you found peace in the second birth.,1,0,0,1,0,0
Fuck. That.,0,0,1,0,0,0
I’m a millennial and my mortgage payment only takes about 1/5 of my after tax earnings in a month. Feels so good.,1,0,0,0,0,0
I woke up drunk and mouthy,0,0,0,0,0,1
I love rock music but I enjoy draft punk too.....*feels bad man*,1,1,0,0,0,0
That lady is experiencing pure joy,1,0,0,0,0,0
wow that's amazing. i wonder what that feels like,0,0,0,0,1,0
"The history of horrible things the federal government has done is well documented. The same way the federal government does it, with income taxes.",0,0,0,1,0,0
Soooo.... He basically just admitted he didn’t get his kid shit for Christmas. What a fucking asshole!,0,0,1,0,0,0
So you spectate all the people that kill you? Stop talking bullshit.,0,0,1,0,0,0
I’m afraid I just blue myself,0,0,0,1,0,0
happy cake day.,1,0,0,0,0,0
That is disgusting. No one should act like that to you. I'm so sorry that happened.,0,0,0,0,0,1
"Reject your humanity voluntarily and put the pure hatred, lack of moral, sociopathy and sadistic altitude inside of your soul with no way to turn back.",0,0,1,0,0,0
"I rate [NAME] highly, so this is good news.",1,0,0,0,0,0
"Oh, it's thor",0,0,0,0,1,0
Omg at this rate he's gonna be in the next smash bros,0,0,0,0,1,0
"I use to play with colored pencils as a child, I also use to play with chapsticks and lipsticks too! They are very entertaining!",1,0,0,0,0,0
"Nasty, pigeons are nasty.",0,0,0,0,0,1
"I wonder if we need to find a way, as a people, to not be so dependent on the government. ",0,0,0,0,1,0
I actually enjoy doing this on my own. Am I weird?,1,0,0,0,0,0
u fucked up,0,0,1,0,0,0
I used to do the same exact thing! Now I love the fat on my steak and watching them cut it off in japanese restaurants makes me sad.,0,1,0,0,0,0
I hate it when mom and dad fight.,0,1,0,0,0,0
"Wow, you probably live in a messed up place.",0,0,0,0,1,0
We still have this?!!!!!!!! What?!,0,0,0,0,1,0
oh [NAME] this is horrible,0,0,0,0,0,1
"The last book feels like a dream. It's ridiculously bad, imo ",0,0,1,0,0,0
Wouldn't have it any other way. Fuck my DNA. Fuck nucleotides.,0,0,1,0,0,0
I’m proud of you and I’m happy for you!,1,0,0,0,0,0
And they wonder why they don't seem trustworthy. Maybe someone should tweet about it and they'd notice.,0,0,0,0,1,0
It's uncanny,0,0,0,0,1,0
This person should be outed to the world. What a reckless pos,0,0,1,0,0,0
You sound upset.,0,1,0,0,0,0
all the more reason to not give a fuck about CFF,0,0,1,0,0,0
What a political whore Uncle [NAME] is!,0,0,1,0,0,0
I hate having to take my shoes off!,0,0,1,0,0,0
Look at the size of those shorts!,0,0,0,0,1,0
"I'd be extremely shocked if we don't get [NAME]. As for [NAME], I don't know much about him",0,0,0,0,1,0
I’m stuck at work tonight so I missed it 😢😢,0,1,0,0,0,0
When I was her age I had 3 jobs... oh you have like 18... get off my lawn!,0,0,1,0,0,0
[NAME] voice actor by the end of the game was phenomenal. So much rage and sadness,0,1,1,0,0,0
I was there too! I remember it was a warm day during an otherwise cold time of year.,1,0,0,0,0,0
The part that shocks me is that they allowed him to wear shorts in regular class.,0,0,0,0,1,0
I can't even imagine the stupid tattoo I'd have if I got one at 15. Probably like a Red Bull logo or something,0,0,1,0,0,0
"Not only do they make me cringe, I become angry because usually or is my nmother and her flying monkey daughter posting them. Just horrible.",0,0,1,1,0,0
Love reading these kind of posts! So happy for you.,1,0,0,0,0,0
didn’t know [NAME] was still alive,0,0,0,0,1,0
The [NAME] of horror!,0,0,0,1,0,0
He wasn’t drafted and is properly rated imo. Had a crazy career for sure. Beat the odds many times,1,0,0,0,0,0
We were playing bots for 30 mins... Not fun but i am happy i finally did it,1,0,0,0,0,0
"Whoa, wasn't expecting a rational take on this here on reddit. Well done.",0,0,0,0,1,0
"Glad to see [NAME] getting a point, he's been overdue. Now for the 3rd period [NAME]? ",1,0,0,0,0,0
Looks weirdly fake Edit: turns out it’s real,0,0,0,0,1,0
The fact that this statement got downvoted shows how worthless some people on here are.,0,0,0,0,0,1
Because I want to be with someone but no one wants to be with me.,0,1,0,0,0,0
I feel your pain...,0,1,0,0,0,0
oh my [NAME] is this real,0,0,0,0,1,0
You're in for a treat- enjoy :),1,0,0,0,0,0
"Wait so you can get an acre of rainforest for $35? I mean, it would be way cheaper at that volume but still that's real cheap",0,0,0,0,1,0
Oh really?,0,0,0,0,1,0
Sorry buddy I think that one is permanently dead. :(,0,1,0,0,0,0
"*Well well well, if it isn’t [NAME] the platypus. Totally unexpected, and by unexpected in mean TOTALLY EXPECTED!!*",0,0,0,0,1,0
"Spending my first day ever in Europe. In Oslo, with an amazing girl I met visiting Texas from Norway about a year ago. ",1,0,0,0,0,0
"Lucky, when I did it my nickname ended up being [NAME]",1,0,0,0,0,0
And I laughed,1,0,0,0,0,0
"Wow, how did a kid manage to eat a whole watermelon over the space of 47 hours!",0,0,0,0,1,0
Yeah people used it as precedence. That’s very sad. What’s your point? What abhorrent treatment?,0,1,0,0,0,0
"While this makes me happy to know, it would probably be for the best if we didn't post these things where abusers can find out about them.",1,0,0,0,0,0
Cheers!!,1,0,0,0,0,0
"Fuck you, tincan. *reads username* Wait ignore the tin can part, fuck *specifically you* in general. ",0,0,1,0,0,0
The fact that big corporations that made their successes off capitalism are embracing Marxism is really disturbing.,0,1,0,0,0,0
I don't care anymore.,0,0,1,0,0,0
This is painful,0,1,0,0,0,0
You'd think people who have this high an opinion of themselves would be more open to taking advice on how to beat certain matchups. Enjoy being a scrub.,1,0,0,0,0,0
WHAT THE FUCK,0,0,1,0,0,0
Shared misery *always* makes me feel better :D,1,0,0,0,0,0
"Man, and I thought the princess and the toad was an odd story",0,0,0,0,0,1
Awe! That sucks!,0,0,1,0,0,0
"We, the fans, are the losers here.",0,1,0,0,0,0
"Damn dude, can’t believe I never considered this possibility.",0,0,0,0,1,0
Lol it’s one of those right wingers pretending to be a leftist to sow division. They’re pretty bad at it.,0,0,0,0,0,1
[NAME] these are hideous,0,0,0,0,0,1
They gave me free Subnautica which is an incredibly wonderful game so I'm pretty darn happy. And it's not exclusive.,1,0,0,0,0,0
"Death treats are for immature people, I'm sorry you received them. Comparing you to flat earthers is not far off though.",0,1,0,0,0,0
Don't forget the awkward tomboys.,0,0,0,0,0,1
"This was posted at the exact same time as another guy posted it on here, and that scares me.",0,0,0,1,0,0
"From ""woohoo!!"" to blood curdling screams in a matter of seconds.",0,0,0,1,1,0
"Once a week. It was a semi expensive seafood place, but it also had a poppin sports bar/happy hour vibe. An interesting place for sure ",1,0,0,0,0,0
"WHAT?! You dare insult the band of gods?! Typical teen, I hate my own generation! *screams in 16 year old*",0,0,1,0,0,0
"roll a blunt, walk over and strike a conversation.... or mind your fcking business",0,0,1,0,0,0
"My wife's birthday today, we are going for dinner with my lovely girlfriend later, after meeting at ours for coffee and cake. Very happy",1,0,0,0,0,0
How to delete spam: Learn how to punish sigs you fucking idiot,0,0,1,0,0,0
You seem horrible,0,0,0,1,0,0
you are pathetic.,0,1,0,0,0,0
"I stoped telling story because ''[NAME]""*. Drawing makes me look intensely people to measure their ratio and understand their shapes. That's my new fun",1,0,0,0,0,0
"Yeah, I was very sad to read that!",0,1,0,0,0,0
I feel shot in the heart.,0,1,0,0,0,0
"That seems real terrible, does that actually work? Negs should usually be playful at worst. ",0,0,0,1,0,0
"If you eat plants, you are eating animal’s food. That is so cruel!",0,0,1,0,0,0
But OP said her life is ruined because 'muricans are bad.,0,0,0,0,0,1
That couple were jerks. I am glad you made them move.,1,0,0,0,0,1
"creepy, the only way to make it more creepy is to leave it on her bed stand table to find it in the morning. ",0,0,0,0,0,1
Guys who work on aircraft usually have hard time hearing. Its unavoidable.,0,1,0,0,0,0
"Wow, you must have no idea what medium of exchange means.",0,0,0,0,1,0
"I bet you that’s what will happen, which pisses me off.",0,0,1,0,0,0
My money is on [NAME]. Doubt [NAME] is back up next yr. [NAME] looked.good last preseason. I was surprised he didn't beat [NAME] then.,0,0,0,0,1,0
"I hate this comment. More-so, I hate how likely this comment is to reach fruition. ",0,0,1,0,0,0
that was a horrible fix,0,0,0,1,0,0
dont let the spirit of rock die motherfucker aroooooo,0,0,1,0,0,0
That beat slaps. Good memories,1,0,0,0,0,0
Im sorry dude. Drumming Octopuss.,0,1,0,0,0,0
"My god, [NAME]!",0,0,0,0,1,0
I read it as him taking her virginity. Raping her...unless it was consensual and she WANTED to lose it.,0,0,0,0,0,1
A video that makes me happy,1,0,0,0,0,0
Feeling good in the gayborhood.,1,0,0,0,0,0
My bad.,0,1,0,0,0,0
I have endured worse.,0,1,0,0,0,0
"Fuck you, that's how",0,0,1,0,0,0
Print outs?!?!?! You tree killing monster!!!!,0,0,1,0,0,0
This made me sad,0,1,0,0,0,0
That live snail got me freaked,0,0,0,1,0,0
🤷‍♂️ weird flex but ok,0,0,0,0,0,1
That is so beautiful. It makes my heart hurt that humans can be cruel to animals when they're aware of having so much emotion.,0,1,0,0,0,0
Yeah cheers. Hoping it's gonna be better. Happy early new year to you too.,1,0,0,0,0,0
"I've been trying to as well, but the game is so scary :/",0,0,0,1,0,0
[NAME] is not a guy I root against. Just hope we have a good enjoyable game,1,0,0,0,0,0
This one is my favorite.,1,0,0,0,0,0
"Ugh, [NAME]. Gross. ",0,0,0,0,0,1
"Late-stage Reddit. I'm afraid it's malignant, there are only palliative care options available at this point.",0,0,0,1,0,0
"Hey its you again. Dude can you please say ""N"" so I can complete the task? My last request went unanswered sadly.",0,1,0,0,0,0
I was wondering the same thing?,0,0,0,0,1,0
"I review you - *clap clap* - [NAME], bye bitch, gone",0,0,1,0,0,0
That is beyond disgusting.,0,0,0,0,0,1
I'm missing something,0,1,0,0,0,0
It could be bait and switch... Which would be a surprise,0,0,0,0,1,0
I high key thought this same thing then it was sad boy hours when I broke things up,0,1,0,0,0,0
"That’s too bad, I didn’t know that.",0,1,0,0,0,0
You're making yourself look more stupid with every reply. Google what the heck model organisms are.,0,0,1,0,0,0
"I think he's a lustful, gluttonous, greedy, lazy, wrathful, envious, and prideful man. ",0,0,1,0,0,1
"glad she;'s back inside, tragic what shes doing to this dude and his family they r the ones picking up the tab. ",1,0,0,0,0,0
"No problem here, as long as neither one of you are the asshole.",0,0,1,0,0,0
This is the worst I've ever seen. It really is,0,0,0,0,0,1
"On this blessed day, we are all KQLY.",1,0,0,0,0,0
That's so frustrating but I'm glad you're all safe.,1,0,0,0,0,0
These honestly are getting infuriating. The creator of this made this whole thing up yet Facebook old people take it as reality.,0,0,1,0,0,0
In my experience I've also noticed his friends and got ditched by my girlfriend.,0,1,0,0,0,0
"Just gonna be mean here, those are all hideous :(",0,0,0,0,0,1
One day I was really desperate and tried putting warming balms that are intended for sore muscles on my lower tummy and it helps so much!,0,1,0,0,0,0
I’m sorry friend. I actually used to be pretty good with this but I’m constantly getting worse.,0,1,0,0,0,0
A bag of pita chips is really $8?,0,0,0,0,1,0
Me cheering for the Wild this year,1,0,0,0,0,0
I'm so happy this post blew up because this is so true,1,0,0,0,0,0
"I'm watching the Kings broadcast, and let me say [NAME] doing play by play is entertaining.",1,0,0,0,0,0
"Is it cruel to give your kids medicine when they don’t know what it is and why, if they need it?",0,0,1,0,0,0
"Haha get it, they're taking it literally haha.",1,0,0,0,0,0
"obviously, its just a stupid question",0,0,1,0,0,0
NO BOY! NO MORE FREEDOMS TO GO AROUND HERE! Now go back to your room and give me your toy guns immediately,0,0,1,0,0,0
"100% agree. Double standards are ever present. Young girl is sexualised, the whole world goes nuts, but a young boy is somehow perfectly acceptable. It's disgusting. ",0,0,0,0,0,1
I enjoyed when they learned what New York City billionaires really think about guns.,1,0,0,0,0,0
I turned the game off last night wondering what it’s like to have two point guards and being slightly jealous of the Nets.,0,0,0,0,1,0
Is the wooosh on us cause there’s no fuckin wooosh to begin with or,0,0,1,0,0,0
Oh gosh it's on the website too.... Here we go,1,0,0,0,0,0
can I use I can't believe it's not butter because my boyfie doesn't make over 20k :(,0,1,0,0,0,0
Good for you man. Enjoy.,1,0,0,0,0,0
Stop saying generic hating sentences!,0,0,1,0,0,0
I’ve always wondered why they play at ear splitting volume instead of one where you can enjoy the music.....,0,0,0,0,1,0
Sorry to hear that,0,1,0,0,0,0
Maybe you were depressed because your place was a mess.,0,1,0,0,0,0
It was [NAME] I think? And I only remember because I was surprised and then disappointed.,0,0,0,0,1,0
The comment was so terrible. I can’t believe it made the final cut.,0,0,0,0,1,0
Sticking his tongue out.... ugh,0,0,0,0,0,1
I'm crying.,0,1,0,0,0,0
Just get pissed next time he asks and tell him to fuck off Some people just think they can take advantage of people who help them,0,0,1,0,0,0
This is the worst thing I've ever seen. Take my upvote.,0,0,0,0,0,1
I like the way your brain works OP. Always did enjoy bugs bunny humour.,1,0,0,0,0,0
Ohhhhh. *That’s* what that was.,0,0,0,0,1,0
"> we get a minimum of $11 Wow that's pretty generous, no wonder people don't need to tip.",0,0,0,0,1,0
Only children are scared to take trains by themselves ...oh wait.,0,0,0,1,0,0
And then the rest of that thread devolves into [NAME] supporters arguing against and downvoting anyone who disagrees with the wall or hates [NAME].,0,0,1,0,0,0
Glad to see I'm not the only one with that bug. Maybe someone will report it some day.,1,0,0,0,0,0
This wasn't him forcing her to get an abortion or breast implants dude like seriously you are being pretty ridiculous.,0,0,0,0,0,1
"😂 Dude, ok your cool now",1,0,0,0,0,0
What a complete and utter cunt.,0,0,1,0,0,0
That literally doesn’t even look like her omg,0,0,0,0,1,0
"Sadly no, everything was thrown around the room, and everytime I rebuilt something, it would be annihilated again.",0,1,0,0,0,0
Nope. You're a weirdo.,0,0,0,0,0,1
Seriously! Such an odd way to ask a question about traveling.,0,0,0,0,1,0
"So so happy, more than you believe ",1,0,0,0,0,0
Inkling main: I like being cheap. It makes me happy.,1,0,0,0,0,0
Not all of us young teens eat tide pods Mom would be sad,0,1,0,0,0,0
Glad they made it..,1,0,0,0,0,0
"Oh that's disgusting, this man should be sent to priso- ohh, it's America, ok then, feel free. ",0,0,0,0,0,1
"Feudalism is statism, dumbass.",0,0,1,0,0,0
It hurts to look at it,0,1,0,0,0,0
Worst winter ever :(,0,1,0,0,0,0
"NSFW tagged for showing [NAME]. But anyways, I hope you enjoy the video!",1,0,0,0,0,0
I am so sorry that happened to you.,0,1,0,0,0,0
"I believe that show scared straight was actually a massive failure, it got viewers but concept of it never resulted in the kids actually being 'scared straight'.",0,0,0,1,0,0
USE GLOVES YOU MANIAC,0,0,1,0,0,0
Its like the worlds most infuriating reality show.,0,0,1,0,0,0
[NAME] was just calling you out for being rude as fuck,0,0,1,0,0,0
">Downvote me, you cowards.",0,0,1,0,0,0
And I though Glory Kills were gruesome,0,0,0,0,0,1
Feels good bruh,1,0,0,0,0,0
">The Charisma Myth"" It's bullshit too.",0,0,1,0,0,0
"I'm at job that is effecting my mental health, and I'm not sure if I should be up front.",0,1,0,0,0,0
"Low life is as low life does. I wouldn't be too surprised if he's broke by the time he's middle aged, unfortunately.",0,0,0,0,1,0
I must break you!,0,0,1,0,0,0
And it was out of their control as well for both. That's funny,1,0,0,0,0,0
Please explain how this is stupid,0,0,1,0,0,0
That was the worst power play I’ve ever seen,0,0,0,0,0,1
I use to work in an office near a 24hr McDonald's. The smell of the place when walking by at 7am was stomach churning.,0,0,0,0,0,1
Bedside report is terrible.,0,0,0,1,0,0
Ugh. That was not information anyone needed...,0,0,0,0,0,1
My daughter attempted in November of 2012. She also still struggles. Glad you’re BOTH still alive!,1,0,0,0,0,0
>testing teenagers for four mystery roles Oh good lord. This is going to be even worse.,0,0,0,0,0,1
"Considering you are also a child, I can't say I'm surprised by your edgy hot take.",0,0,0,0,1,0
"I'm shocked you still have service. Mine doesn't play, they are cold. ",0,0,0,0,1,0
I’ve only been there once but really enjoyed it!! But I think it’s missing a pool table ;),1,0,0,0,0,0
"I don’t know her, I just thought it was funny how the titles of that post and the post under it went so well together. ",1,0,0,0,0,0
i’m happy you were able to have a child! that’s my biggest concern.,1,0,0,0,0,0
"Ya know, I hate lying but I guess I'd make an exception for this. ",0,0,1,0,0,0
Oh true I remember seeing it on Spotify’s charts for weeks. It’s terrible.,0,0,0,1,0,0
"Congratulations, go for a beer and watch a Leaf game on Saturday! HNIC.",1,0,0,0,0,0
Ok. Hang onto shit you can't change and be whiney about it. This is a reason why we catch shit. We can't take it,0,0,1,0,0,0
Thank you so much. I'm really glad you found yourself. I hope to get there.,1,0,0,0,0,0
oh thats nasty!,0,0,0,0,0,1
I've got no place else to go...,0,1,0,0,0,0
They all clapped.,1,0,0,0,0,0
Geez those heroes..,0,0,0,0,1,0
Almost downvoted you just because that made me so angry.,0,0,1,0,0,0
"Self defense should be, and this man sexually assaulted this woman.",0,0,0,0,0,1
Even weirder way to spell [NAME].,0,0,0,0,0,1
"Great deal for us, happy he's back. Up next, [NAME]! ",1,0,0,0,0,0
Let’s get greedy and take back what is rightfully ours,0,0,1,0,0,0
US labor laws are fucked up,0,0,1,0,0,0
I was having a good day and it still really made me feel good. Had a bad day yesterday and it's still affirming to hear so thanks!,1,0,0,0,0,0
The cruise boat one (similar) where the water goes WELL over the porthole scares the everloving shit out of me every time,0,0,0,1,0,0
"As a computer science student but also a lifelong [NAME], the issues surrounding Amazon in Queens have left me substantially torn. ",0,1,0,0,0,0
I'm so sad.,0,1,0,0,0,0
"Of all the people in the world, I honestly can't believe that Reddit hates [NAME].",0,0,0,0,1,0
"Underrated comment, my friend! Know that you made me genuinely laugh!",1,0,0,0,0,0
OMG - you're my freakin' hero. And your last post had me absolutely weeping with laughter.,0,0,0,0,1,0
Sadly this is not a new issue for Ukraine. Please take a moment to remember Babi Yar :(,0,1,0,0,0,0
Argh. The most stupid and needless abuse of power teachers do. Some particularly stupid ones at least.,0,0,1,0,0,0
"Thank you 👏👏 looking like she's going to the gym, yet wearing heels? Looks awful",0,0,0,0,0,1
Oh my gawd. WHAT?,0,0,0,0,1,0
"Crazy he took 1 year contract instead of a stable 4 year contract. Kind of shows you how dumb the guy is, 1 injury is all it takes",0,0,0,0,1,0
We cant even get sexually assaulted without them claiming we're gross fetishists,0,0,0,0,0,1
I'm surprised that the police have not send her to a mental institution,0,0,0,0,1,0
He's only making like 3M more than [NAME] this year wow,0,0,0,0,1,0
Lol! I’m glad you feel lucky because you are! Could you imagine dealing with the continuous flipping back and forth between desire and guilt? 😬,1,0,0,0,0,0
There is a special place in hell for drivers like you. I pray to [NAME] there is.,0,0,1,0,0,0
[NAME] was only OP when it came out. [NAME] was OP for so long. I'm still happy they finally did something to her.,1,0,0,0,0,0
Throwing the book to see what sticks you think?,0,0,1,0,0,0
It’s shocking if you’re a bad electrician.,0,0,0,0,1,0
"I am truly sorry, I did not realise you thought immigration had no bearing on brexit. I shall not overestimate your intellectual abilities in future, i promise.",0,1,0,0,0,0
"Apparently, he can't just have sex with anyone because he needed to rape someone.",0,0,0,0,0,1
His definition of a grown man is someone who drinks irresponsibly and then beats people up. GET OUT.,0,0,1,0,0,1
NICE... TO.... MEET YOU... OW!,1,0,0,0,0,0
I'm sad that I gave that shit article a page view.,0,1,0,0,0,0
Yikes. That sounds terrible 😢,0,0,0,1,0,0
"He was an awful HC, is in his 70s and has repeatedly said he doesn’t want to do it again. ",0,0,0,0,0,1
"Someone made this album, dwights a bit lanky but I enjoyed it. ",1,0,0,0,0,0
A bit of storybook now and again never hurt anyone :D So happy for the both of you!,1,0,0,0,0,0
I'm enjoying the witty comments but anyone want to throw in some analysis?,1,0,0,0,0,0
I'm so glad I grew up playing a shooter made for kids rather than a shooter made for kids.,1,0,0,0,0,0
"This is profoundly unsettling to me for some reason. Thanks, I hate it ",0,0,1,0,0,0
"Utah is terrible, I hated driving through there at night",0,0,1,0,0,0
Glad to see Mrs. [NAME] is still alive and well!,1,0,0,0,0,0
"Some college professors and their teaching staff may need to die. Oh, wait... saying that is hate speech.",0,0,1,0,0,0
Might be an unpopular opinion but I actually enjoyed the faster ruck speed. Spewing they didn't stay strong and stick to their guns,1,0,0,0,0,0
[NAME] out? I thought he’s been playing pretty well. Wonder why...,0,0,0,0,1,0
Wow. Have that much debit in your bovada account is something crazy. Props to you,0,0,0,0,1,0
">just because I miss [NAME] and [NAME], who played them. You forgot to add the rest of that sentence ",0,1,0,0,0,0
Do your worst. The tag just describes your views. Could have been much more vicious.,0,0,0,0,0,1
That blows. Glad you're doing better.,1,0,0,0,0,0
That’s my luck. Lol,1,0,0,0,0,0
"Ok. Progress. Not only I presented more facts, I also asked some questions. Still unanswered, sadly. ",0,1,0,0,0,0
This is the saddest thing I've seen today,0,1,0,0,0,0
Abortion. emails. BENGHAZI! red cups Happy Holidays,1,0,0,0,0,0
The carpool part!! The beauty of kids haha,1,0,0,0,0,0
"Wow, congratulations!! Hugs ",0,0,0,0,1,0
Just what I need; a video of my commute to work so I can enjoy the experience in my free time.,1,0,0,0,0,0
I gave the show a chance because I enjoyed Bad Education. AP Bio is pretty bad compared to it. Hopefully season 2 improves.,1,0,0,0,0,0
Yeah it’s fine. Some supplements contain Ashwagandha which affects the gaba receptors so be cautious if you’re already on gabapentin or a beta blocker,0,0,0,1,0,0
What a cataclysm,0,1,0,0,0,0
I lived across the street from it as a child. Used to swim in it as a kid...Ignorance is bliss.,1,0,0,0,0,0
"Fucking monophanie looking ass floating with the dead, nice.",0,0,1,0,0,0
"Hmm surprised that went on for as long as it did, at some point there must have been some redeeming qualities. ",0,0,0,0,1,0
Had to pause for a sec to properly cringe when [NAME] says why he got sent to the school. Whyyyyy would you *announce* that oh my [NAME],0,0,0,0,1,0
Group hug to you and our fellow redditors :),1,0,0,0,0,0
This is the most horrifying thing I've ever read on this thread. May you and your loved ones see this through safe and sound.,0,0,0,1,0,0
>The surprise will be all ours. head_meme.gif Can't be surprised by how terrible a story becomes if you don't watch it.,0,0,0,0,1,0
FUCKING READ IDIOT,0,0,1,0,0,0
And...peter thiel is involved. Color me surprised. (O negative surprised that is.),0,0,0,0,1,0
Which is why not only did PR lose but RUP was not the first choice sadly even if it had won in BC :(,0,1,0,0,0,0
just ban everything!,0,0,1,0,0,0
happy cake day,1,0,0,0,0,0
I don't think that's a normal marriage because my husband has never said those kinds of things to me (20 years now),0,0,0,0,1,0
"[NAME] are the liars, we know.",0,0,1,0,0,0
Sorry man I don’t really like duck.,0,1,0,0,0,0
Somebody is really insecure about their career decisions.,0,0,0,1,0,0
Yeah no one is gonna do that and get reported to HR for bigotry.,0,0,1,0,0,0
facetune is hard work you fucking pore. I work all day to support this family and this is the thanks I get?,0,0,1,0,0,0
r/vaxxhappened. Fuck you Jan.,0,0,1,0,0,0
Oh! I didn't realize they were also vegan.,0,0,0,0,1,0
[NAME] why are there so many guendouzi haters?,0,0,0,0,1,0
We might now be almost maybe nearly ready to potentially maybe play finals. I think [NAME] will make the finals this year. They'll be the surprise team.,0,0,0,0,1,0
Topic change #4. This is getting sad.,0,1,0,0,0,0
Why should I get flayed? He's the one who sucks!,0,0,1,0,0,0
"True, but it all started under [NAME] and will get even worse if Labour manages to get into government. ",0,0,0,0,0,1
stupid science bitches,0,0,1,0,0,0
huh i didn’t even know that button existed,0,0,0,0,1,0
oh shitttt. it’s upside down,0,0,0,0,1,0
Happy new year!,1,0,0,0,0,0
"Imagine ordering this. ""1000 burgers to the white house? Yeah ok buddy"" ",0,0,0,0,1,0
This is how it should be. I'm so happy to see this post.,1,0,0,0,0,0
What?! I am level 20 and I already had 4. I did 5 hide outs in total not counting the tutorial hide out.,0,0,0,0,1,0
oh stop IT,0,0,1,0,0,0
Guilty :( I was ready to cry and everything >:(,0,1,0,0,0,0
Get [NAME] back on the wing. Looks awful in this position,0,0,0,0,0,1
I mean she’s barely into college so she’s only maybe 18-20 but to be this oblivious is pretty sad.,0,1,0,0,0,0
As someone who is dairy intolerant (milk is in _everything _!!) this veganuary is awesome :D,1,0,0,0,0,0
I related to [NAME] so much in this moment. I hate that [NAME] gone when he reaches for him.,0,0,1,0,0,0
Damn that was ugly,0,0,0,0,0,1
This makes me smile!,1,0,0,0,0,0
"""Get the fuck out of the fucking chair"", or something to that avail.",0,0,1,0,0,0
Bonus: her infamous bizarre introduction video. Truly frightening,0,0,0,1,0,0
I was wondering if that would happen. The story I first read was crazy.,0,0,0,0,1,0
I’m surprised they arnt argonians,0,0,0,0,1,0
Who the hell is that. I only got my account 2 months ago,0,0,1,0,0,0
I'm so sorry,0,1,0,0,0,0
I’m crying omfg,0,1,0,0,0,0
You dirty scavenger,0,0,0,0,0,1
Can you fucking not,0,0,1,0,0,0
"Two different writers have two differing opinions??? I'm shocked, just absolutely shocked, I tell you!",0,0,0,0,1,0
This is hilarious,1,0,0,0,0,0
sadly it is ;-;,0,1,0,0,0,0
Franz Ferdinand are awful too,0,0,0,0,0,1
Finishing peeing and then still feeling like you have to pee.,0,0,0,0,0,1
Who the hell thinks he isn’t overpaid,0,0,1,0,0,0
"I'm glad for that. Once that check comes in, I only have about $3000 to work with.",1,0,0,0,0,0
Same here! Although I just try to be happy whenever I am with my child.,1,0,0,0,0,0
Imagine the baby being retarded,0,1,0,0,0,0
.... That literally made my stomach clench. I can't believe they are charged for the samples... Just eww.,0,0,0,0,0,1
[NAME] doesn't get a vote [NAME]! Get the fuck out of here with this nonsense.,0,0,1,0,0,0
No actually my therapist is amazing! I've just had bad experiences with doctors in the past. I meant I'm worried the doctor will say that.,0,0,0,1,0,0
*blinded by the shill* I know like 2 people unfortunately..,0,1,0,0,0,0
"Let's wait for January patch, and hope that your problems will be resolved soon. I have too much fun in this game right now :) ",1,0,0,0,0,0
This is my biggest pet hate of all time!,0,0,1,0,0,0
Well this is frustrating.,0,0,1,0,0,0
"For you, the day the bison frolicked in the snow was the cutest time in your life, but for me...it was Tuesday. ",1,0,0,0,0,0
Welcome to the club....,1,0,0,0,0,0
What a useless answer in this situation,0,0,0,0,0,1
Oh she dead,0,1,0,0,0,0
You'd think we don't have anymore tears already... It's been 62 years of crying.,0,1,0,0,0,0
I'm crying laughing in the cubes.,1,1,0,0,0,0
Same pigs who bombed a mosque full of kids learning Quran. In Shaa'Allah those terrorists will burn in hell,0,0,1,0,0,0
"I can feel that already, I'm already getting pain at time with it, but I can only imagine the pain after for healing.",0,1,0,0,0,0
"So, I'm wondering if there's something I can use for this project that will help you if it's solid.",0,0,0,0,1,0
"Man, I can’t believe we traded all that and didn’t even get a top 10 guy",0,0,0,0,1,0
You just defended him with a bunch of doublespeak bullshit so I’m gonna have to disagree. You’re a fucking idiot.,0,0,1,0,0,0
I just can't believe she had the nerve to call both [NAME] and [NAME] low ability,0,0,0,0,1,0
The worst is ‘get in a group with someone you don’t already know’,0,0,0,0,0,1
"Just remember we’re all silly looking, gangly monkey things living on a rock floating through nothing, all trying to be cool. Have fun",1,0,0,0,0,0
Uh . . . Uh . . . I'm not feeling so well.,0,1,0,0,0,0
"Sadly, that theory is plausible in the lds inc realm of thinking.",0,1,0,0,0,0
I learned that recently driving into SLC for the first time in the rain/snow. I couldn't see shit. 1/10 Was scary.,0,0,0,1,0,0
"I was pleasantly surprised that I couldn’t think of anything I broke at my last retail job but... you’re right, that was it",0,0,0,0,1,0
"Fact, the sky is orange. And if you think it’s blue, you’re stupid",0,0,1,0,0,0
"it only flatters them when they’re posed a certain way. but other than that, it looks awful and uncomfortable",0,0,0,0,0,1
[NAME] a bastard man,0,0,1,0,0,0
"Like the op said, [NAME] is more of a giver, so I think [NAME] would be happy as long as [NAME] would be happy",1,0,0,0,0,0
This is the first time I’ve ever been reposted. I’m honored,1,0,0,0,0,0
She should not defend herself? Stop blaming both sides.,0,0,1,0,0,0
This was the most fun I've had watching a game since [NAME] 35 point game,1,0,0,0,0,0
"Surprisingly, not a lot of people know though.",0,0,0,0,1,0
I feel his pain. Bad dxm trips are the most terrifying thing in the moment but they're way more forgiving than bad psych trips,0,1,0,0,0,0
No the limiting factor is the leader raped a young boy and paid his silence,0,0,1,0,0,1
"Shut the fuck up, loser.",0,0,1,0,0,0
Ii can't believe you just said that!,0,0,0,0,1,0
"Wow! I’ve never seen so many deleted comments, and that’s saying something.",0,0,0,0,1,0
"I am only sharing what my friends said, what their experience was. I found that a bit surprising.",0,0,0,0,1,0
this makes me miss my girflriend,0,1,0,0,0,0
Me too. Damn that damsel in distress syndrome,0,0,1,0,0,0
Oh. My heart!,0,0,0,0,1,0
I think they’re gonna keep her a surprise.,0,0,0,0,1,0
I unfortunately can not afford a lawyer. Luckily the only thing that we shared is our daughter,0,1,0,0,0,0
It's so goddamn funny.,1,0,0,0,0,0
Unfortunately not. 😏,0,1,0,0,0,0
This fuck needs to sthaaaaap,0,0,1,0,0,0
Phone calls are the ultimate nightmare !!,0,0,0,1,0,0
"Omg I really thought it was a new word for me, not debacle 😂😂😂 she didn’t even try ",0,0,0,0,1,0
> Sleeping next to someone I knew my wife is trying to kill me!,0,0,0,1,0,0
This makes me unfathomably angry.,0,0,1,0,0,0
I still think he should have been the first goalie in the 2014 World Cup. But alas that injury ruined everything.,0,1,0,0,0,0
"I like flirting so this is what I enjoy doing, plus ordinary flirting is outcome independent. Direct approach is outcome dependent. Either way it's all part of the fun!",1,0,0,0,0,0
"Bidets are disgusting. In america, we use toilet paper because our plumbing systems can take it",0,0,0,0,0,1
Cause emotions are difficult and people fear rejection,0,0,0,1,0,0
"His base is too large to knock him off. Unless he gets impeached/indicted/god knows what, he’ll probably be it (sadly). ",0,1,0,0,0,0
"Thanks for sharing, it really sucks that people would do this. I barely slept last night because I was so frustrated with the situation.",0,0,1,0,0,0
Oh you know they’re BOTH going for it.,0,0,0,0,1,0
Goddamn right!,0,0,1,0,0,0
I prefer having the TV in the background more than music. Music is something I enjoy in the car or walking in the city.,1,0,0,0,0,0
Just think of the awesome stories though!,1,0,0,0,0,0
No...how dare you bring factual evidence into this conversation! /s,0,0,1,0,0,0
What does that even mean? What a uselessly vague statement.,0,0,1,0,0,0
Now I’m crying before work thanks a lot 😭,0,1,0,0,0,0
Fierljeppen heck!,0,0,1,0,0,0
Science damn you!,0,0,1,0,0,0
I think you're right. She has oodles of cash and young grandchildren to enjoy. Going through that hideous gauntlet again probably isn't that appealing.,1,0,0,0,0,0
"52k upvotes in 2 hours. That's Reddit for you! Congrats, guy!",1,0,0,0,0,0
Holy shit! No way in hell I'd get that close to DFW in a Cessna!,0,0,0,0,1,0
"One of the greatest moments of my life, to date",1,0,0,0,0,0
"I'd be so upset about this, I hope you got to enjoy it thoroughly :)",1,0,0,0,0,0
Your nan and dad are both trash. I am so glad you were able to pull yourself up and rise above. 💕,1,0,0,0,0,0
[NAME] is a traitor to this country.,0,0,1,0,0,0
"Eesh, really sorry for your loss.",0,1,0,0,0,0
"I know the planes are bad, but come on man.",0,0,0,0,0,1
I wishhhh. She’s honestly what started getting me the fuck away from centrism,0,0,0,0,0,1
[NAME] is scared out there. Didnt want the ball,0,0,0,1,0,0
Wow this is supee trashy. How did it get to front page?,0,0,0,0,1,0
I always thought of the sound of lakes freezing on cold nights. It's pretty surreal in itself.,1,0,0,0,0,0
"And the new sword is kinda shitty, and not even a complete sword at that price. Also, the sword is really bad for the environment.",0,0,0,0,0,1
Stupid science bitch,0,0,1,0,0,0
You conveniently forgot nearly killing a toddler by throwing furniture out of a 14 story window.,0,0,1,0,0,0
They're both happy though,1,0,0,0,0,0
Imagine thinking that a rapist isn't deserving of prison. He's not even sorry.,0,0,1,0,0,0
Glad you found it!,1,0,0,0,0,0
That feels nice.,1,0,0,0,0,0
"Brilliant! Like I said to the other dude, anything that's similar to this is a happy coincidence:)",1,0,0,0,0,0
"Once again if you base your worth/purpose on some base primal act, you're pathetic",0,0,0,0,0,1
Thank you for sharing this. May your friend rest easy and you find peace.,0,1,0,0,0,0
"Damn, that's dark",0,0,0,1,0,0
Happy just came out,1,0,0,0,0,0
Fuuuuck. I am so angry that this can even happen.,0,0,1,0,0,0
Ouch! My hear sank. Don’t do this to me.,0,0,1,0,0,0
"I think it was, it was do scary, i honestly never wanna do that stuff again",0,0,0,1,0,0
"So good to see [NAME] back, looks like he hasn't lost a step.",1,0,0,0,0,0
This will either be a classic or a complete shitshow,0,0,1,0,0,0
Wtf is this lmao god I hate reddit,0,0,1,0,0,0
Well damn.,0,0,1,0,0,0
"Well damn, sounds more reliable then shit like and all that",0,0,1,0,0,0
I feel you. I hate needles and i'm a type 1 diabetic,0,0,1,0,0,0
Very surprised he didn't frog leap at the guy the close the distance,0,0,0,0,1,0
I think Judge came in a little too late so he’ll need to be amazing for the next 8 years,0,0,0,0,1,0
"""I lost control"" would have been an understandable explanation. ""It lost control"" is not. ",0,0,1,0,0,0
"Oh, those dreadful things. I gave those away.",0,0,0,1,0,0
"The fuck you call me!? A cunt!? Damn man, didn’t know I meant so much to you, right in the feels.",0,0,1,0,0,0
I’m a big Spider-Man fan and this looks terrible compared to Spider-verse and the PS4 game.,0,0,0,0,0,1
"Sorry, spelling [NAME] Smearing* Motherfukers* ",0,0,1,0,0,0
*Hey just noticed..* it's your **5th Cakeday** melodesign! ^(hug),1,0,0,0,0,0
"Wow, kinda lame that if this true, most of us probably don't know about it.",0,0,0,0,1,0
"I'm poly and jn the Raleigh area too, moved here for my wife's job, surprised to find so many people mention it haha. ",0,0,0,0,1,0
We are very clumsy creatures. Eventually you just learn to laugh it off. *The crying comes later when no one is around*,0,1,0,0,0,0
Ah damn it.,0,0,1,0,0,0
"watching [NAME] attempt hook shots gives me a panic attack, even when he makes them (which is rare)",0,0,0,1,0,0
It's cool and fun and a nice change of pace but I want my hidden blades back next game.,1,0,0,0,0,0
Yea. That video is garbage.,0,0,0,0,0,1
Yo this [NAME] was literally pulling moves out of the Hitman games jumping over to your balcony. Thats terrifying.,0,0,0,1,0,0
"Fuck people that don't like pbr, only cheap bear I'll drink next to natty boh",0,0,1,0,0,0
"I will let my nonexistent child die, thats all right with me!",0,1,0,0,0,0
"You better go to a church tomorrow and repent..also, tell the Pastor what happened. I am serious. ",0,0,1,0,0,0
I almost feel bad for China.... but the culture has a major problem with having 0 morals.,0,1,0,0,0,0
"Wow, y'all are heroes! ",1,0,0,0,1,0
I never used an escalator until I was about 16 and I still remember moving stairs scaring the hell out of me,0,0,0,1,0,0
That’s horrible. You definitely didn’t deserve it. I’m glad to hear you’re doing OK now.,1,0,0,0,0,1
My heart is breaking for that little girl.,0,1,0,0,0,0
I feel terrible for their daughter. I wouldnt want to grow up in between the middle of that.,0,1,0,0,0,0
I’ve been abused enough by the Knicks today.,0,1,0,0,0,0
He doesn't He just want to get the F*** out of there.,0,0,1,0,0,0
Happy cake day Mr bot,1,0,0,0,0,0
> i find it very dog-like and adorable :) I find it very monster-like and terrifying :|,0,0,0,1,0,0
"I got you dude! I use it a ton, Glad I could make it worth it for you!!",1,0,0,0,0,0
"Well Happy Birthday from another random stranger on the internet. I spent my birthday mostly alone too, hope your day wasn’t too bad. 💙",0,1,0,0,0,0
"If [NAME] loses I’ll break my phone, [NAME] is fighting like wilder what the fuck is this comeback",0,0,1,0,0,0
Why the fuck are you smiling for? Fuck you.,0,0,1,0,0,0
Mine is 2.5 and trying to drop her last nap. She needs it so desperately though. It is HELLLLLL dealing with this.,0,0,1,0,0,0
Wow I’m glad I live in Cali,1,0,0,0,0,0
"I might be alone here, but it was probably Blame Game. I don't think I heard a rap song with that much emotional intensity before.",0,1,0,0,0,0
Pls not granny :(,0,1,0,0,0,0
My pleasure. It pays the bills.,1,0,0,0,0,0
OMG the ones they sometimes sell that are just one giant piece. LOVE,0,0,0,0,1,0
"ive had 300ug tabs before, took 2 had full on ego death was naked with my friends jumping on moving cars ",1,0,0,0,0,0
That would be the greatest night ever!,1,0,0,0,0,0
Absolutely horrible.,0,0,0,1,0,0
This team is fucking embarrassing.,0,0,1,0,0,0
I hope The pelicans trade him and [NAME] if they trade [NAME]. Hate to see them waste away in NO,0,0,1,0,0,0
"Damn, you just reminded me how good that feels...",1,0,0,0,0,0
What in the hell are you talking about? I've never said that,0,0,1,0,0,0
There is a startling lack of empathy in this thread.,0,0,0,0,1,0
Problem is that picture is there before you ever set foot in the cabin; [NAME] put it there. Just makes it creepy.,0,0,0,1,0,0
Let's all wilk together!,1,0,0,0,0,0
Thanks I was worried that I might die alone,0,0,0,1,0,0
Awesome! Glad you found it informative! Thanks for watching.,1,0,0,0,0,0
"Holy heck I'm so happy for you! That shit is an expense no one needs to worry about, and nor you don't! :D",1,0,0,0,0,0
My greatest fears are getting wooshed and not getting the joke.,0,0,0,1,0,0
Just smile and wave boys. Smile and wave.,1,0,0,0,0,0
"When he said, ""IT'S CALLED RESPECT"" and gritted through his teeth-- wow, he is just waiting to let his hands fly.",0,0,0,0,1,0
It's not cool that so many are going without pay and unable to make rent or buy groceries. Is a travesty that a manufactured crisis has come to this,0,1,0,0,0,0
I needed to read this because I felt so bad for this guy... I just can't imagine a long walk home in winter.,0,1,0,0,0,0
Happy cake day :),1,0,0,0,0,0
also a harsh NOOOO when disgusted,0,0,0,0,0,1
"You fool, you have no idea that you talked about team fortress all along!",0,0,1,0,0,0
When people bring up rape culture they mean stuff like this. Because yeah it’s been out and swept away and not raged over,0,0,1,0,0,0
"She really does and She really isn't! She's an old, tired ass, busted up, con artist hoe!",0,0,1,0,0,0
I'm so sorry that [NAME] has convinced you that his insane aggression isn't important.,0,1,0,0,0,0
Not sure how you got that outta my post. I play a lot of non-meta stuff all the time just because I find it fun or challenging.,1,0,0,0,0,0
You sound angry.,0,0,1,0,0,0
No TV Party for you 👎,0,0,1,0,0,0
Your girlfriend is cruel and emotionally manipulative. Get the hell out and don’t let anyone else treat you like a dirty little secret again.,0,0,1,0,0,0
Hope your mum gets well soon. Enjoy Saturday!,1,0,0,0,0,0
That sounds awful. Do you like that schedule?,0,0,0,1,0,0
I hated broccoli until my parents tapped into my obsession with dinosaurs and got me to pretend I was a brontosaurus,0,0,1,0,0,0
Fuck the fucking refs. Seriously. Fuck those fucking cunts. I'm so fucking mad. Fucking dickless fucking street walking fucking sluts.,0,0,1,0,0,0
"Agreed. Sadly, it's not uncommon enough, and it makes me sad because of the implications about mutual respect or the lack thereof.",0,1,0,0,0,0
I feel your pain. Sitting here wallowing in self pity and anger at how I let myself go!,0,1,1,0,0,0
"yet another infuriating loss, against a garbage team no less",0,0,1,0,0,0
I hate my life,0,1,0,0,0,0
Must be nice my seats were in that area... sadly I decided to go to the bathroom. #PTSD,0,1,0,0,0,0
he’s not happy with me,0,1,0,0,0,0
Oh nice I was wondering if you could mix flavours. I'll still stick to mint though 🤷‍♂️,0,0,0,0,1,0
Oh [NAME] imagining this tween screaming yaaass queen at a poor drag queen made me cringe into a ball,0,0,0,0,1,0
"My friend on PS4 said that if you don’t stay to kill the bear, you can’t kill it.",0,0,1,0,0,0
This makes me wanna die,0,1,0,0,0,0
"yes, i fucking hate that.",0,0,1,0,0,0
"i had a weird feeling colts were gunna win the SB, should have put some money on it ",0,0,0,0,1,0
[NAME]. [NAME] and [NAME] just style on these scrubs with fucking mecha Tai Chi.,0,0,1,0,0,0
FINISH ON HER!! Seems way more appropriate for a sex doll,0,0,0,0,0,1
What a gift!,0,0,0,0,1,0
At least you can admit you value one innocent person's life over another. What a shock it's the rich politician over the security guard.,0,0,0,0,1,0
"Can confirm as my first time commuting by motorcycle in the rain there was hail, then lots of thunder bolts and lightning , found it very very frightening. ",0,0,0,1,0,0
Oh wow I didn’t know their website was owned by Sinclair. I thought that was just channel 2.,0,0,0,0,1,0
And it's stopped. Training cancelled :-),1,0,0,0,0,0
She's just going to suck you back in.,0,0,1,0,0,0
It’s ugly. Bye bye and good riddance.,0,0,0,0,0,1
The wow at the end without an ! really had not emthamused!,0,0,0,0,1,0
"My nmom always says ""Well, you learned from it!""",1,0,0,0,0,0
"Uncle [NAME], you dirty old man.",0,0,1,0,0,0
"Everyone keeps giving me that advice haha. She's happily married to a really nice dude, and she is basically my sister at this point.",1,0,0,0,0,0
That was worse than a movie jump scare. I don't know why but giant squid feel more fearsome than sharks.,0,0,0,1,0,1
"Even if you were a woman, your personality is so vile and yuck I would happily do 20 years in prison for murdering you.",0,0,0,0,0,1
Agree. I did enjoy Godless but I was addicted to The Terror. It was full of such amazing character actors.,1,0,0,0,0,0
"Well, it wasnt by 31.... So im still mad.",0,0,1,0,0,0
There are so many posts from [NAME] on here it makes me wonder what people think wholesome means.,0,0,0,0,1,0
Glad she's not living in a bubble then....,1,0,0,0,0,0
Wow. Yeah does your place autograt at 8 or more ? So sorry 😐,0,0,0,0,1,0
That looks like total garbage.,0,0,0,0,0,1
Wonder where all the shit is.,0,0,0,0,1,0
[NAME] damn it I hate when enemy keepers use their hands and stuff to keep the ball outside their goal. Make a mistake pls.,0,0,1,0,0,0
I know and that made me sad!,0,1,0,0,0,0
My whole life’s been a lie,0,1,0,0,0,0
Glad to hear. It seems like a very hopeful sign. 👍,1,0,0,0,0,0
I can do that too but I have diarrhea,0,1,0,0,0,0
What’s the reference matter if it’s still insulting? Glad your degree is coming in handy for something.,1,0,0,0,0,0
I'm actually surprised none of his wives have stabbed him in his sleep already. Now he has secret service protection 😋,0,0,0,0,1,0
"I haven't seen a sign like that on mine. Not that it would carry the force of law, anyway, in Florida.",0,0,0,0,1,0
Depression is being sad when there's no reason to be. Losing two ws back to back now that's a reason to be sad,0,1,0,0,0,0
I picked up smoking again thinking it would aid that void that is working. It just made it worse.,0,0,0,0,0,1
[NAME] didn't finish the LPs!? Wow. I am in episode 20 something and was expecting him to finish :(,0,0,0,0,1,0
Tell her to stop eating shit and start using mouthwash.,0,0,0,0,0,1
"[NAME] no, these are horrid on anyone.",0,0,0,1,0,0
Agreed. I'm happy he was able to find a resolution of sorts; to effectively overcome the event.,1,0,0,0,0,0
Let me add to them - it was awesome. Also unexpected!,0,0,0,0,1,0
"There’s a lot of us ladies here, unfortunately 😔",0,1,0,0,0,0
"If this is actually real it is really fucking stupid.. 400mg of nicotine!? Clearly you're looking for something stronger, might as well try heroin..",0,0,1,0,0,0
Idk I’d kind of like [NAME] to come up next year. [NAME] still scares me a little. Not saying I don’t like the guy,0,0,0,1,0,0
She already had a child protection worker. It wasn’t her first rodeo sadly.,0,1,0,0,0,0
Glad to hear it's ubiquitous and not an OS thing.,1,0,0,0,0,0
Cheers dude. Upvoted!,1,0,0,0,0,0
I loved it so much more than I thought I would! [NAME] does an amazing job with quite a bizarre concept!,1,0,0,0,0,0
Not ok. They could have easily given them a drug test if they really wanted to know if they were on drugs. Disgusting.,0,0,0,0,0,1
"Cheers mate, ill do that!",1,0,0,0,0,0
Hate those ~~things~~ Tweets.,0,0,1,0,0,0
That son of a bitch!,0,0,1,0,0,0
The only clown that make me laugh.,1,0,0,0,0,0
"Oh wow, you are strong did you report him?",0,0,0,0,1,0
Same. Not being hateful to the op but I don't see the connection.,0,0,1,0,0,0
Went to their other location in Capitol Reef National Park and it was fantastic. The cauliflower dough is great even if you're not into gluten-frei.,1,0,0,0,0,0
Mark it nsfw just to mess with people. Worst title I have seen all week.,0,0,0,0,0,1
Good news though. Yesterday the devs were running test server during the morning.,1,0,0,0,0,0
"Your imaginary boyfriend is kinda creepy. Although, if he's kinky then he may be for keeps. *wink ",0,0,0,1,0,0
DJ finding consistency makes me happy,1,0,0,0,0,0
"It can't be, I won't believe it.......this is some antivawers bulls**t xD",0,0,1,0,0,0
This inspiring.,1,0,0,0,0,0
"Shut up, Mag!",0,0,1,0,0,0
Damn it. Don't mention [NAME]. Just makes me sad thinking what could have been.,0,1,0,0,0,0
The third picture is creepy.,0,0,0,1,0,0
Its all good until that episode where [NAME] traps the bat on [NAME] head comes on and she screams bloody murder and wakes us up.,0,1,0,0,0,0
"Chernobyl incident has scared everyone to death about nuclear, I'm curious where we would be if that never occurred.",0,0,0,1,0,0
I used to enjoy it and grew out of it.,1,0,0,0,0,0
[NAME] belongs to no one.,0,1,0,0,0,0
Ah! I couldn’t remember his name!,0,0,0,0,1,0
Literally right after I sent it. What the hell,0,0,1,0,0,0
"Sadly, he seems immune to bans. He also dodges them with alts like [NAME]",0,1,0,0,0,0
"I actually see this one a lot. ""Allergy: fire ants."" Me too, bro. Ants will fuck you up.",0,0,1,0,0,1
You mean your WolfDog Hybrids? Kidding.,1,0,0,0,0,0
If I’d know about his kin shit I would have never been friends with him in the first place,0,0,1,0,0,0
She was literally the worst manager I’ve ever worked for,0,0,0,0,0,1
U.S. are going to fuck this [NAME] guy so hard...he's going to need help to remove all the stars from his rectum,0,0,1,0,0,0
I still can't believe that dude in Whangarei is still allowed to run his business. I wonder how much longer he will keep it up.,0,0,0,0,1,0
This is so repulsive and disgusting. The government needs to do more to protect organising.,0,0,0,0,0,1
Wait wait wait... did [NAME] go 61-27??,0,0,0,0,1,0
Don't you even dare try to put any blame on [NAME],0,0,1,0,0,0
"I’m not crying, you are!!! 😢",0,1,0,0,0,0
"I cannot sadly, good luck though.",0,1,0,0,0,0
Debs a bitch,0,0,1,0,0,0
You seem fun,1,0,0,0,0,0
">How can I hate [NAME] I like [NAME], [NAME], and [NAME]? And [NAME]",0,0,1,0,0,0
I'm leaving to go get some more motherfucking jokes MOM [NAME],0,0,1,0,0,0
"I wonder if, as an added bonus, [NAME] ended the cameo with a dic pic. ",0,0,0,0,1,0
"I've honestly looked at mine and thought, I wonder if it'd keep my cup of coffee hot.",0,0,0,0,1,0
"It's a statistically slightly worse ICR, take that as you will.",0,0,0,0,0,1
Then enjoy your shutdown!,1,0,0,0,0,0
Wow...is that true? I’d love to see more on that. Can you provide any links or documents on that?,0,0,0,0,1,0
Oh man I feel bad now. If you find it funny than it's funny 💖 sorry,0,1,0,0,0,0
that sounds disgustingly sweet and yet i want to try it,0,0,0,0,0,1
I’m happy. Does that mean I can downvote?,1,0,0,0,0,0
"I was actually looking in to this game, glad they did this now so I can avoid it, yeesh",1,0,0,0,0,0
I thought this was a diary that I wrote in my notebook! I'm almost exactly the same!,0,0,0,0,1,0
I am very happy with play music. please tell me this is a lie,1,0,0,0,0,0
Not admitting you like something because some of the fan base sucks is pretty pathetic.,0,0,0,0,0,1
"Oh I'm contributing mate, don't you worry. The sub clown has been made to look like a knob again! Enjoy your Sunday night x",1,0,0,0,0,0
"""UGH FEMINISM!!! SURELY THATS THE REASON I CANT GET LAID!!!"" see you in hell ",0,0,1,0,0,0
I really hate ginger ale. With a passion. The scenario in that scene makes me sick to my stomach.,0,1,0,0,0,0
Sue the shit out of her for damages to your private property.,0,0,1,0,0,0
My poor baby,0,1,0,0,0,0
"This is what makes this sub so valuable, crazy and fun.",1,0,0,0,0,0
"> Because I was a disgracefully gullible, immensely stupid fucking dipshit ~~was~~ *am* FTFY",0,0,1,0,0,0
Crying? Yeah i like crying C-calling R-out Y-for I-serious N-mental G-treatment,0,1,0,0,0,0
There's an Arby's/Long John Silvers near where I live. I'm glad they don't cross menu items.,1,0,0,0,0,0
"Ugh I live in WA state and now I'm scared I'm going to get measles even though I'm vaccinated, I hate anti-vaxxers",0,0,0,1,0,0
"It absolutely is. Sadly, most players seem to only want [NAME] with different aesthetics.",0,1,0,0,0,0
Maybe try to do some little thing you really used to enjoy. Even if it's just for 5 mins it's still a small victory.,1,0,0,0,0,0
God damn I miss this game!,0,1,0,0,0,0
**KICK HIS ASS SEABASS**,0,0,1,0,0,0
Will that's what that poor child was just taught. Some parents have no idea,0,1,0,0,0,0
I wish I could tell you if it was a good t.v. Let me just find the MOTHERFUCKING REMOTE!!!!!!!!,0,0,1,0,0,0
She must hate her father.,0,0,1,0,0,0
Omg I could cry at this,0,0,0,0,1,0
I was surprised when they sewed them together instead of hot gluing them.,0,0,0,0,1,0
This argument makes zero sense. The same tax exclusions and exemptions that were around when the marginal rate was at 90 are not around today.,0,0,1,0,0,0
I miss you [NAME] 😢😭,0,1,0,0,0,0
> Pretty much the person I love just broke up completely with me After how long?,0,1,0,0,0,0
"Oh, did you not know [NAME] is the highest graded overall passrusher in this class? At any position!",0,0,0,0,1,0
"I work from home and live with my daughters. It's so serene, but also a lot of fun because we have great times together.",1,0,0,0,0,0
"Nah, substance abuse is sad, period. ",0,1,0,0,0,0
This is dangerous.,0,0,0,1,0,0
I had a feeling...crazy what that guy can do to his body.,1,0,0,0,0,0
I both loathe and applaud you,0,0,0,0,0,1
The cheerfulness of the “hail satan” text overlay was unexpected.,0,0,0,0,1,0
Oh for fuck’s sake.,0,0,1,0,0,0
Because you deserve to live and be happy,1,0,0,0,0,0
Huh. Weird.,0,0,0,0,0,1
Competitive Deathmatch was a huge reaper fest last season :( Had many games where everyone was reaper except maybe two people,0,1,0,0,0,0
"But something is extremely wrong if people are getting sick. Might not be a sonic wave, but it definitely is *something*",0,1,0,0,0,0
"All fair enough, but you should start just cleaning your dishes straight after you use them. You'll be much happier.",1,0,0,0,0,0
This is so tough for all of you! I'm so sorry!. Are you in Canada? I would push hard for a pediatric gastroenterologist.,0,1,0,0,0,0
Ahhh more and more selfish,0,0,1,0,0,0
"I'm kind of struggling tonight. Bored, lonely... man ",0,1,0,0,0,0
Oh I know. [RELIGION] is the most severe form of brainwashing on the planet. There’s absolutely nothing like it. It blows my mind.,0,0,0,0,1,0
"yeah, there's even more registered online. scary.",0,0,0,1,0,0
This picture really drives home that the CIS can be super terrifying when they want to.,0,0,0,1,0,0
"“What the FUCK is this [NAME], explain!”",0,0,1,0,0,0
It was fucking in!!,0,0,1,0,0,0
yea so disgusting,0,0,0,0,0,1
If he doesn’t give it a ten I’m gonna riot,0,0,1,0,0,0
Love the almost sharingan look he gets in his eyes right before the attempt. O-O I CAN SEE!,0,0,1,0,0,0
I sure hope so. I wanna cry tears of joy knowing [NAME] and [NAME] rode off into the sunset with one last ring.,1,0,0,0,0,0
"Definitely. I cried. A lot. But if [NAME] existence has taught me anything, it’s to hold out hope! ",0,1,0,0,0,0
Coincidence..only 2 hours ago I opened a roll of US quarters Ive had for a few months..16 regular pcs...and 24 states quarters. 24..quite happy.,1,0,0,0,0,0
I second that motion...with A VENGEANCE!!,0,0,1,0,0,0
"Ah, so you're the reason people hate aspies. ",0,0,1,0,0,0
Wow 4K!DS Kaede looks kinda decent,0,0,0,0,1,0
"Fuck you, u/SamuelZeign ! Your breath smells funny.",0,0,1,0,0,0
TBH she kind of brought it on herself. I'm glad the GM came to his senses.,1,0,0,0,0,0
"Wow, so that means common tongue isn’t English!?!",0,0,0,0,1,0
You missed the chance to title it [NAME] :(,0,1,0,0,0,0
I'm just happy I have the Pen to watch and listen too when the Steelers are on the brink of collapsing...PLUS no locker room drama...,1,0,0,0,0,0
You stole this,0,0,1,0,0,0
And happy cake day.,1,0,0,0,0,0
"I'm not vegan cause I love animals, I'm vegan cause I hate myself. ",0,0,1,0,0,0
Try it sometime man. You may just enjoy it,1,0,0,0,0,0
I’m so homesick and I come here for photos like this.,0,1,0,0,0,0
Tbh as creepy as this post is I was way more sexually active back when I was 16-20 than I am today Kids are horny 💁‍♂️ Idk,0,0,0,0,0,1
Don't you know? We have to just shut up and put our heads down until they decide!,0,0,1,0,0,0
Devastating to hear of any news like this :(,0,1,0,0,0,0
No. It’s creepy.,0,0,0,1,0,0
I cheered for the Superbowl to be canceled,1,0,0,0,0,0
"Yes, good for Destiny and Bungie, I wonder if they will return to Microsoft, remain independent or sign with another company.",0,0,0,0,1,0
One of my favorite episodes.,1,0,0,0,0,0
Oh shit. Is back?! Time to import,0,0,0,0,1,0
Oh....yuck,0,0,0,0,0,1
"I do not see how that is disgusting. She's cleaning her self and had a discharge, so what? ",0,0,0,0,0,1
"Dog thinking ""shit this guy is crazy, better get out""",0,0,1,0,0,0
"I'm on the receiving end of a breakup, and i'm not handling it well. So cheers from Germany!",1,0,0,0,0,0
"It's not something i'm proud of, but I definitely fucked up that day.",0,0,0,0,0,1
Half right I am 15 but I’m not a goth and just enjoy the taste of human mostly blood but flesh is almost as good,1,0,0,0,0,0
"I'll admit that's a bit surprising, since it's such a massive international hub. But beggars can't be choosers I guess. ",0,0,0,0,1,0
"You must be heartbroken, I’m so sorry. Can you start seeing a therapist?",0,1,0,0,0,0
I had season seats in 230 row 2 for a solid 5 years when the Pru just opened. Great view of the ice. Glad you had fun!,1,0,0,0,0,0
Oh wow I didn’t realize that,0,0,0,0,1,0
Did I say he was a scammer? I said he's disgusting and there's nothing endearing about him at all. Not surprised this subreddit is defending him,0,0,0,0,0,1
Well that sucks lmao,0,0,1,0,0,0
"Wow, the cropping on this shitpost is as bad as it gets.",0,0,0,0,0,1
>Playing competitive MTG has brought me as much joy as my children. Yeah this conversation is over,1,0,0,0,0,0
"Thats just dumb, u are stealing from people that just want to live a good life cuz other were unlucky, they were also unlucky by being born.",0,0,1,0,0,0
"You will watch porn again, don't try to fool me",0,0,1,0,0,0
I’m happy for you two. Cheers!,1,0,0,0,0,0
And it’s not like he was a bad coach. We’ve been spoiled from all our great seasons.,0,0,1,0,0,0
You are an asshole.,0,0,1,0,0,0
"[NAME] damn, she must fuckin’ STINK.",0,0,1,0,0,0
"Yeah, that was terrible. [NAME] laughing and joking at the end of that game ended his career here.",0,0,0,1,0,0
Weird headline. 2 children per mother would be expected to shrink the population.,0,0,0,0,0,1
"Wow man, that is DEAD. You have no marriage, just a roommate. Life is short, get out and find someone who meets your needs.",0,0,0,0,1,0
>Star centre [NAME] in the leadership group Oh my,0,0,0,0,1,0
It's also surprising that Valve released a dud game. Maybe it's time for Valve to grow up and introduce themselves to the digital communication age?,0,0,0,0,1,0
"Yup, lost a whole train station inside of their houses. Great loss ",0,1,0,0,0,0
Glad she was a good sport about it.,1,0,0,0,0,0
The real tips are always in the comments :D,1,0,0,0,0,0
> The defunct club still sit third in the overall NI league roll of honour despite not having competed for 70 years. Wow,0,0,0,0,1,0
Sports are fucking garbage. Basically just religion but with jerseys and beer in public.,0,0,0,0,0,1
"d'oh, my bad 😔",0,1,0,0,0,0
I was so scared to click that. Yet I did.,0,0,0,1,0,0
>+. I’m in my early 3 Exactly This. It's the worst.,0,0,0,0,0,1
[NAME] is pretty fucking scary,0,0,0,1,0,0
You like [NAME] but dislike [NAME]? That is weird considering that they both are on the same low level of intelligence.,0,0,0,0,0,1
I shower with the lights off. The first time felt really unnatural but now it's actually really comforting.,1,0,0,0,0,0
lol getting totes fucked up at work is super cool i am one ZANY individual look out Shut the fuck up do it in your own time,0,0,1,0,0,0
Id gladly exchange firsts with the Suns,1,0,0,0,0,0
Just imagine Disney characters without gloves. Yes it's that horrifying,0,0,0,1,0,0
"Tfw when not only is it tiny, but it’s damn ugly too. :( ",0,0,0,0,0,1
I will happily convert to [RELIGION] if I can quit my job and have unlimited food. Please tell me how to accomplish this,1,0,0,0,0,0
"Right there with you! Unladylike was so depressing, I couldn't keep listening to it.",0,1,0,0,0,0
Such a nasty woman,0,0,0,0,0,1
HOW DARE ANYBODY CRITICIZE YOUR POST IN THE CONTEXT OF YOUR POST HISTORY! RECOGNIZE HIS PRIVILEGE PEOPLE!!,0,0,1,0,0,0
[NAME] what a piece of shit! How could you do that to an animal?!,0,0,1,0,0,0
I fear it is already too late if he already uses words that should hurt but really don't because of their misuse.,0,0,0,1,0,0
Cant you tell how sad she is from her face?,0,1,0,0,0,0
"That's awful. I'm sorry that you had that experience, but yeah, mission accomplished, sorta.",0,1,0,0,0,1
I can't believe you won!,0,0,0,0,1,0
"That’s sad, although I’m aware they historically haven’t been weaned off of authoritarianism.",0,1,0,0,0,0
You don't even deserve my attention anymore. Bon voyage sucka,0,0,1,0,0,0
"I'm kind of glad they aren't letting you. Just you, not everyone else.",1,0,0,0,0,0
"No one to blame here, bad luck is what it is.",0,1,0,0,0,0
It’s crazy how many people don’t know the difference between fluid ounces and weight lol,0,0,0,0,1,0
This gives me anxiety and heartburn just looking at it!,0,0,0,1,0,0
"I'm so glad [NAME] finally got her visa, she's going to do awesome living in the USA!!!!",1,0,0,0,0,0
Sorry you are having such trouble.,0,1,0,0,0,0
i miss this show so much,0,1,0,0,0,0
"I hope that you find happiness, too. I'm happy that you've had a place to vent. ",1,0,0,0,0,0
"Marginal taxes was taught in my high school economic literacy class, it's so sad that so many people don't even understand the basics of our tax system ",0,1,0,0,0,0
I wanted to slap her when she told him she could have died and it would be his fault.,0,0,1,0,0,0
"Acestream is a great tool, just a shame that it's closed source, makes it a bit scarier for me to use.",0,0,0,1,0,0
Really? that's very interesting,0,0,0,0,1,0
Same.... I'm just perplexed,0,0,0,0,1,0
The SJW community. I hate it too cause they are the ancestors of the Civil Rights Movement who where absolutely awesome,0,0,0,0,0,1
Wow so much younger but he sounds mature,0,0,0,0,1,0
I cackled!!!!,1,0,0,0,0,0
I'm beginning to wonder how I lived before without these daily posts.,0,0,0,0,1,0
I’m tryin to make the community better and bring this to peoples attention he’s a filthy cheater,0,0,1,0,0,0
No. Not the I. :(,0,1,0,0,0,0
"My favorite pod when they are fresh & clear. Sadly, all of my recent packs look like dark brown syrup pods. ",0,1,0,0,0,0
"Sorry pal, it’s actually one of my least favorites :/",0,1,0,0,0,0
I'm happy to go without but if it's readily available then everyday.,1,0,0,0,0,0
what a ground licker. Day 9799 of being alive - I still hate people.,0,0,1,0,0,0
Sucks that [NAME] was a straight positive in important minutes and hasn’t seen the floor since..,0,0,0,0,0,1
"Fuck those people, there's no point thinking about them",0,0,1,0,0,0
"You're a sealion and a leftist troll. Begone, and enjoy your ban.",1,0,0,0,0,0
Looks like you got it bad. How soon till you can get out on your own?,0,1,0,0,0,0
"I like saying the n-word, it makes me happy",1,0,0,0,0,0
Never go to the post office. that place is hell. pay commercial plus online and order every material you need.,0,0,1,0,0,0
Yeah it was a fun game. :D,1,0,0,0,0,0
Still saddened by the fact that we never got to see prime [NAME] vs prime [NAME].,0,1,0,0,0,0
Wait what? I don’t get it?? Help.,0,0,0,0,1,0
"Take a shower brother, i can smell you through my phone",0,0,0,0,0,1
FEAR THE TURTLE,0,0,0,1,0,0
No it really is there maybe you suck at google,0,0,1,0,0,0
"Wow, the interview with her mom really made that clip.",0,0,0,0,1,0
"Weird! Also in Winnipeg, no issues. Do you have a VPN?",0,0,0,0,0,1
"Just hit my 3pl8 squat, been looking forward to this for a long time so really happy I finally got it! Now on to 4",1,0,0,0,0,0
Enjoy the ahuahuasca,1,0,0,0,0,0
OH MY GOOSE! You got my super obscure reference! I literally squealed out loud when I read this comment.,0,0,0,0,1,0
Preach my dude I know how it feels to get downvoted by the sheep,0,1,0,0,0,0
"Wow, AP. Just wow.",0,0,0,0,1,0
The funny/awful part is how well [NAME] works photoshopped in.,1,0,0,0,0,0
[NAME] looking like his fucking controller disconnected,0,0,1,0,0,0
That was so disgusting. VWP,0,0,0,0,0,1
Everybody talks about this but I wonder if it increases the chances of prostate cancer. Do you know?,0,0,0,0,1,0
":o I have one too! I didn't get anything but bullied at school, though.",0,1,0,0,0,0
😡this was a scam,0,0,1,0,0,0
Haha! Yeah scentsy is terrible!,0,0,0,0,0,1
Luckily every elevator would be broken at all times.,1,0,0,0,0,0
"If one day I have daughters, I want them to be so badass that these kids! Nice to see them enjoying metal! ",1,0,0,0,0,0
I'm 25 and I still don't have a license. I'm terrified of driving and get anxiety every time I'm behind the wheel.,0,0,0,1,0,0
I wonder how fat activism intersects with animal rights tho.,0,0,0,0,1,0
Totally fair. I would be sad in your situation. :( I hope you find it. You're not wrong to want those things!,0,1,0,0,0,0
Wow! Look at that spine shine! You handled her perfectly!,0,0,0,0,1,0
If Ww3 breaks out in northern Asia as people expect. It will make things worse for you guys in the states - not better,0,0,0,0,0,1
DONT BE NEEDY. TALK TO OTHER GIRLS.,0,0,1,0,0,0
"Oh wow, that's interesting! Genesis is a pretty interesting take on the luxury car market, hope the brand succeeds!",0,0,0,0,1,0
"Normally yeah but that was my friends first match ever and to encounter such a killer, who was running noed too is kinda disheartening for him",0,1,0,0,0,0
[NAME] is super happy. Nice.,1,0,0,0,0,0
The realization is pretty grim. Can't say I'm terribly happy.,1,0,0,0,0,0
This is terrifying,0,0,0,1,0,0
You’re the coward! I was the second man to walk on the moon. NEIL BEFORE ME.,0,0,1,0,0,0
"yeah guys, stop complaining about violent mobs and join one!",0,0,1,0,0,0
"Mental games. Take a (mental) shot everytime the teacher mispronounces a word,or messes up grammatically",0,0,1,0,0,0
I hate that I was young enough to not remember this but old enough to remember the next Super Bowl....,0,0,1,0,0,0
It seems strange to me that [NAME] is still unsigned this close to the season.,0,0,0,0,1,0
"Twenty some years ago, while I was pregnant with my son, TLC aired shows like A Baby's Life. Oh, the old days...",1,0,0,0,0,0
TV shows. And occasionally movies. I stopped Interstellar at that stupid love speech. Never finished it.,0,0,1,0,0,0
"Malevolent as I've ever been, head is spinnin'",0,0,0,0,0,1
"I am glad that you’re doing well, it’s a difficult process but incredibly rewarding, I imagine. Best of luck on your journey! ",1,0,0,0,0,0
How could you ever get bored of place that is getting more and more enjoyable as you are there,1,0,0,0,0,0
That sucks. Learn to check your ping like everyone else.,0,0,1,0,0,0
"Give him 8/240, ship [NAME] and [NAME] to the Padres in a three-team deal for [NAME]. Boom. I solved the offseason. You're welcome.",1,0,0,0,0,0
"I thought so too, glad I asked.",1,0,0,0,0,0
What. The. Actual. Fuck. *Gags*,0,0,1,0,1,0
Always happy to help,1,0,0,0,0,0
"This is being said about every fucking update that lowers the skillgap. Yes, it does change the game because we're already affected",0,0,1,0,0,0
That is absolutely terrifying to me. Oh my god. The idea that she was trapped as a toddler her entire life is just... wow.,0,0,0,1,0,0
"supernova AOC <3, the lies the media gets away with. Glad someone is talking back with real umph",1,0,0,0,0,0
Where the fuck is that Kepner rocks person when we need them the most.,0,0,1,0,0,0
Allow me to describe the shock and awe I experienced seeing this: **Fuck no why u do this?**,0,0,1,0,0,0
I'm just salty man. I hate playing Houston. I'm sure it's a nice place to live.,0,0,1,0,0,0
Terfs smell like bigots in general. Sort of a salty smell,0,0,0,0,0,1
None at all. I dont like kids and dont want them. I got a vasectomy and it's a done deal. Zero regrets,0,0,1,0,0,0
"How dare you interrupt the circle jerk. Out, sir.",0,0,1,0,0,0
I am sorry human being :(,0,1,0,0,0,0
I had some pretty bad diarrhea right after the game. It's was more enjoyable than that loss.,1,1,0,0,0,0
It makes being ugly even more pathetic. All that work just to create suffering.,0,0,1,0,0,0
Really bad trap if noone falls for it,0,0,1,0,0,0
"indeed, but im worried that this matchup will end up as the biggest bait since years and rookie will crush him badly",0,0,0,1,0,0
"They're not ""likes"" you fucking moron.",0,0,1,0,0,0
I would smash both,0,0,1,0,0,0
And yet nobody bat an eyelid when it was [NAME] who was palling around with [NAME]. I wonder why.,0,0,0,0,1,0
For a second I didn’t see the t in “stack.” Was wondering how you did that but nvm.,0,0,0,0,1,0
"Almost like [NAME] culture is written to be offensive, what with the institutionalized rape slaves and everything. They might even be the baddies.",0,0,1,1,0,0
Oh look another shit call,0,0,1,0,0,0
You're a mean person.,0,0,1,0,0,0
you're [NAME],0,1,0,0,0,0
The show paid for [NAME] surprise trip didn't they?,0,0,0,0,1,0
Glad your a Liberal supporter.,1,0,0,0,0,0
I will kill you all,0,0,1,0,0,0
Honestly I’ve seen kids that age do really gross stuff,0,0,0,0,0,1
He was horrible,0,0,0,0,0,1
Yeah that last one made me hate her the most for some reason.,0,0,1,0,0,0
I’m amazed how anti-government these people are. They have no understanding of what government does. Perhaps they should move to Somalia. No government there.,0,0,0,0,1,0
Bengals are a quirky breed 😸,0,0,0,0,1,0
I completely agree! It's cold at first but makes you feel so alive and invigorated by it too. It's a total shock to the system.,0,0,0,0,1,0
"in the words of [NAME]: As big as you're gonna get, so enjoy it. Had to give you a career to destroy it ",1,0,0,0,0,0
It was funny until they started to diss on chick fil a,1,0,0,0,0,0
"I can see how you feel , THIS DID NOT TEACH A CHILD TO RESPECT ANIMALS and im ashamed and upset honeslty no horse deserved that.",0,0,1,0,0,0
"I feel bad for her, talk to her :(",0,1,0,0,0,0
surprised he hasn’t mentioned [NAME] after saying [NAME] the best manager/coach he’s ever worked with,0,0,0,0,1,0
"Peeps poisoned our water supply, burned our crops, and delivered a plague unto our houses!",0,1,0,0,0,0
I'm happy for you and myself.,1,0,0,0,0,0
Ending a relationship with a toxic person is so freeing. Congratulations!,1,0,0,0,0,0
This is the sweetest.,1,0,0,0,0,0
My life is complete,1,0,0,0,0,0
"Pressure 7 targets/10 targets, popcorn, any tracking, and any tile frenzy because I enjoy trying to beat my highscore",1,0,0,0,0,0
Sad because you don't get any women?,0,1,0,0,0,0
Good to hear that! I’ve seen many ppl trashing [NAME] customer service so I was kinda worried,1,0,0,1,0,0
The fact someone could read your post and literally go and do this saddens me.,0,1,0,0,0,0
That'll be a testical festival for sure. Have fun.,1,0,0,0,0,0
It seemed weird to me as well. It's just 10mcg of cyanocobalamin with some fillers like corn starch and celulose.,0,0,0,0,0,1
OMG this sub is gonna be my saving grace for the rest of the year. Thank you so much!!,0,0,0,0,1,0
Players like this makes me rage quit tbh.,0,0,1,0,0,0
the fact that [NAME] still exists is somehow the strangest thing about this,0,0,0,0,1,0
That's awesome. I would never have expected the Prius community to be so involved.,0,0,0,0,1,0
That was honestly my first thought I’m so glad someone else went there too,1,0,0,0,0,0
"Hey, good to see ya here!",1,0,0,0,0,0
But don't you see it! How dare she show two inches of skin...,0,0,1,0,0,0
Wow if ur mom didn’t come back for her card you were a goner crazy,0,0,0,0,1,0
Oh shit. You’re that bet welcher aren’t you?,0,0,0,0,1,0
It's this kind of fear that made me make this,0,0,0,1,0,0
You're not my real mom. I don't have to listen to you. Just because my dad loves you doesn't mean that I have to!,0,0,1,0,0,0
I never used the word mean. Chill. I said weak and it is. Its sad aswell.,0,1,0,0,0,0
I skipped the Oilers game for a birthday party for a cat. I’m glad I did that instead.,1,0,0,0,0,0
she looks so happy and well rested,1,0,0,0,0,0
"Oh no, the gig is up. I'm really [NAME]. LOL",1,0,0,0,0,0
[NAME] was horrid for us,0,0,0,1,0,0
Lol well now you have even more in common! So happy to help and hope you can smile a bit before you zzzzzzz. :-),1,0,0,0,0,0
[NAME] playing for the heat always makes me laugh,1,0,0,0,0,0
I think it quite apparent I was being satirical in saying Mississippi.,1,0,0,0,0,0
Happy New Year everyone!,1,0,0,0,0,0
"If many people truly see that as a consequence, I'd suggest SD's public [NAME] needs some work. Sad.",0,1,0,0,0,0
The double standard. Taking pictures of women without their permission is taboo and creepy.,0,0,0,0,0,1
You are retarded,0,0,0,0,0,1
Unrelated but wow I’m so proud that I can read like 70-80 percent of this because I studied Chinese for 3 years. 加油！在中国你做什么？,0,0,0,0,1,0
I swear Denver has the worst sports media personalities.,0,0,1,0,0,1
A mix of useful idiots and active grifters. It's a sad sign of our culture that these people make a living this way.,0,1,0,0,0,0
"The biggest argument on your side is depreciate costs. You could challenge their concern of ""getting fooled"" by getting the car inspected by an independent.",0,0,1,0,0,0
Like who? The one guy stranded in desert already hating his life...,0,0,1,0,0,0
Life is Strange is terrible. Absolutely zero gameplay...,0,0,0,1,0,0
Yeah my girlfriend hates it when I joke about her weight. She needs to lighten up too,1,0,0,0,0,0
Get out asap.,0,0,1,0,0,0
"What an ugly shade [NAME] used to dye his hair. Well, I guess it matches the infamous shirt.",0,0,0,0,0,1
Reminds me of [NAME] from the documentary THIN who purged food through a feeding tube in her stomach. This sounds dangerous.,0,0,0,1,0,0
"I don't care, [NAME] tweets make me uncomfortable and I hate him!!! - Liberals",0,0,1,0,0,0
Wow thanks I never knew! I might try to take a tour!,0,0,0,0,1,0
"""Talk about vaccines again and your next shot will be from my gun... of crystals bathed in essential oils""",0,0,1,0,0,0
This is so cruel. I literally feel physically sick.,0,1,1,0,0,1
I'm sorry you had to go through that. Though I'm glad you're out of that toxic environment now.,0,1,0,0,0,0
How dare they not have the foresight to realize he'll become a president we don't like decades later.,0,0,1,0,0,0
Everyone is sad on this sub dont take it personally if you don't get any replies.,0,1,0,0,0,0
Surprised Colorado ain’t got one the way things have been going here past couple years,0,0,0,0,1,0
"Damn, 14 year olds in 2019 are bigger shits than I was when I was 14.",0,0,0,0,0,1
"No more [NAME] from Georgia. Suck it you old, ugly hag.",0,0,0,0,0,1
It's good to know that I'm not the only one lol,1,0,0,0,0,0
"Well, supposedly [NAME] wrote TPM in only a couple days, and people hated it.",0,0,1,0,0,0
> She fucked my bumper up and I will forever hate her And her insurance didn't repair it because???,0,0,1,0,0,0
Those ears...those horrible ears,0,0,0,1,0,0
"the father sending up 4 donuts every morning via stair lift to dtr, before she even comes down to breakfast, wonders if he is enabling her.",0,0,0,0,1,0
You're too ugly to even bully,0,0,0,0,0,1
EMAO fats (Eat my ass off),0,0,1,0,0,0
"i’m running, hiding & avoiding this man. poor girl. her story is a sad one ",0,1,0,0,0,0
"This better be a troll because if not, you are the most obnoxious, self centered, asinine person on this face of this planet.",0,0,1,0,0,0
"I, for one, am glad you didn’t. Happy you’re still with us ",1,0,0,0,0,0
"If you are really so dead set against shoveling sidewalks, perhaps you should move to a warmer climate. ",0,0,0,1,0,0
"Thanks for reply, I'll enjoy reading through the comments... maybe you make a book of it all. ",1,0,0,0,0,0
"Hi! :) Because I am broke, I guess.",0,1,0,0,0,0
"Dang, dawg. That one shocked me ",0,0,0,0,1,0
What in the bipolar hell is going on? Yikes,0,0,1,0,0,0
"Wow, way to deflate Endgame's stakes *even more* before the movie even comes out.",0,0,0,0,1,0
"Agreed, rarely get mad at ones like hun or darl. Being called boy by an old man however is infuriating.",0,0,1,0,0,0
I think the unluckiest... is [NAME]. :(,0,1,0,0,0,0
He remains the only serve bot I enjoy watching.,1,0,0,0,0,0
"Wow, the video is a lot worse than I thought. His actions after he asks for the age is very uncomfortable. ",0,0,0,0,1,0
I’ve been hurt too many times for it all to have been for nothing,0,1,0,0,0,0
"thank you for this, i feel less alone now. i’m glad you overshare on this stupid website :)",1,0,0,0,0,0
When [NAME] like “should we have an alien baby” and [NAME] looked SO happy 😂💛,1,0,0,0,0,0
"And he doesn’t even stop. It’s your work truck, man! They’re going to find out regardless. ",0,0,1,0,0,0
Obviously has played on her mind for that long... glad she apologised,1,0,0,0,0,0
"[NAME], that is so horrible. I’m so sorry for you and OP.",0,1,0,1,0,0
Oh god [NAME] has a fucking gun oh fuck,0,0,0,0,1,0
"I CANT BELIEVE HER WIG STAYED ON WITH ALL THAT CAKE!!!! [NAME] tape really does hold back all, y'all. Alaska who?",0,0,0,0,1,0
"Must be sad that you waste your time idolizing ""Pros"" and being a absolute poser in front of your freinds ",0,1,0,0,0,0
How poignant.,0,1,0,0,0,0
I think I’d take the long view - the good news is that at least she’s not pregnant...,1,0,0,0,0,0
Oh lord that's nasty. Guess I'm getting some fried chicken tonight.,0,0,0,0,0,1
I'm moving to the UK in 2 weeks. This terrifies me.,0,0,0,1,0,0
This literally made my day!,1,0,0,0,0,0
What a useless tool.,0,0,1,0,0,0
I'm so glad you're annoyed.,1,0,0,0,0,0
Yup that game was where I was like we have to draft him!!!!!,1,0,0,0,0,0
Oh my [NAME]. Yesssss.,0,0,0,0,1,0
"Wait, apple and [NAME]? Please tell me these fools are all on windows phones ",0,0,1,0,0,0
Her performance was absolutely awful in the Elseworlds crossover. So much so that every time she was on screen it made me cringe.,0,0,0,0,0,1
Me too! I got scared that I've been laundry inpaired my whole life and never even realized it!,0,0,0,1,0,0
Oh my god.... They used [NAME] voice!,0,0,0,0,1,0
"Oh damn, that would have been the only correct response! ""Sorry, but I have a boyfriend."" End of conversation.",0,1,0,0,0,0
Gives me [NAME] 2005 bad memories.,0,1,0,0,0,0
Mr [NAME] is operater as fuck,0,0,1,0,0,0
"I mean, it was season two level of “what the fuck are you doing writers?!”",0,0,1,0,0,0
I can't remember a time during my early childhood where I didn't dress up like my mom and almost break my little ankles in her heels,0,1,0,0,0,0
"You don't need to escape to have fun, if you want to win just get some friends to play with.",1,0,0,0,0,0
"I hate it when the suits call our oncology program a ""service line""",0,0,1,0,0,0
"Virtually no happiness anymore, exhausted with trying, meds not working properly and just tired of it all.",0,1,0,0,0,0
It pains me to see [NAME] used in this abhorrent meme,0,1,0,0,0,0
A fatass? Look at him. You think he cares about his appearance? He’s likely talking about alcohol anyway.,0,0,0,0,0,1
these people are holding our country back. Im happy natural selection is taking its course.,1,0,0,0,0,0
Fuck taking the high road. If I’m [NAME] I’m blasting the officials when I speak to the media.,0,0,1,0,0,0
"> But my god, that fucking face. Never mind her, what about him further down.",0,0,1,0,0,0
"This shit had me howling, which I can't say happens too often. Didn't expect to see comedic gold in that sub.",0,0,1,0,0,0
School Board Trustees are leeches of the system in any district. It's the most unnecessary position that does nothing more than continuous damage.,0,0,1,0,0,0
The Babylon Bee article makes me worry for [NAME] comic tastes.,0,0,0,1,0,0
Whoa this is really creepy,0,0,0,0,0,1
"No, stop! He'll stop cranking the job machine if you insult him again!",0,0,1,0,0,0
"Well unless you have an audio recording, people are gonna struggle to diagnose it for you any further I’m sorry. ",0,1,0,0,0,0
You’re hardly qualified to talk.,0,0,1,0,0,0
She looked the wrong way on a one way street. How are you that stupid.,0,0,1,0,0,0
This is what I'm currently dealing with and I'm glad I read this. Nice reminder thank you lol.,1,0,0,0,0,0
Did that with an oven pizza at 3am in my underwear. Got burns all over my stomach,0,1,0,0,0,0
... Still laughed!,1,0,0,0,0,0
"Yes please. Take the cheeto too, fuck it.",0,0,1,0,0,0
Simon's or the bay. [NAME] makes some merino ones that are unbelievable. They are not cheap though.,0,0,0,0,1,0
"the fucking buffet part killed me, i always considered myself good at roasting but damn bro lmaoo",0,0,1,0,0,0
Oh baby a triple!,0,0,0,0,1,0
It boggles my mind every day how easily conspiracy theorist stuck their flag in Trumpland.,0,0,0,0,1,0
Twice in that article he implies these minority communities aren't ordinary [NAME]. It's disgusting.,0,0,0,0,0,1
"Happy Birthday I hope this means anything, the little things matter sometimes.",1,0,0,0,0,0
If it makes you feel better im gonna be scrubbing out hard for a while so maybe ill see you round to give me another loss,0,1,0,0,0,0
*Hey just noticed..* it's your **8th Cakeday** jama211! ^(hug),1,0,0,0,0,0
You are not wrong. I have learned about myself alot while on drugs. Sometimes it's scarry when i find out how limited my mind is.,0,0,0,1,0,0
that looks like a nightmare.,0,0,0,1,0,0
I haven't heard that name in SO LONG. They had this GBA game that was one of my favorite games of all time!,1,0,0,0,0,0
That’s beyond disgusting in every way.,0,0,0,0,0,1
"That's the death mark, Looks like you've been chosen for sacrifice. Sorry bud",0,1,0,0,0,0
"They’re honestly a cult at this point. It’s not just sad, but incredibly scary.",0,0,0,1,0,0
"I'm strange as fuck, and I didn't grow up with money.",0,1,0,0,0,0
Thats pretty lewd.,0,0,0,0,0,1
"It's hard for me to switch between english and spanish in the same sentence, sorry I'll try to improve in the future",0,1,0,0,0,0
None that's why I asked. Glad to see your doing something and not just wishing or whining as that wont make it happen,1,0,0,0,0,0
The fact that this being brought up makes it a real scary feeling.,0,0,0,1,0,0
"Sometimes it even feels pathetic which I know I should be trying not to be so hard on myself but, yknow, evidence is hard to ignore",0,1,0,0,0,0
An attractive woman falling down and exposing her butt. It's weird that he'd go so 0 to 60 on such a thing.,0,0,0,0,0,1
Yes get [NAME] almost all the way the fuck out of here.,0,0,1,0,0,0
I was a little pissed off until I watched this loop 6 times. Now I'm happy! Weee!,1,0,0,0,0,0
I was hoping for a new album surprise came out of nowhere when i saw the notification.,0,0,0,0,1,0
Fucking refs suck my balls.,0,0,1,0,0,0
I definitely expected unwatchable pro-life drama and was quite delighted,1,0,0,0,0,0
"What an obnoxious, drunk girl. ",0,0,0,0,0,1
Who da fuck wears swim trunks to a competition,0,0,1,0,0,0
These are some of the lamest threatening letters I’ve ever seen. She’s a metahuman who can you murder people with her voice.,0,0,0,1,0,0
"Due to work, gotta stay legal. Edibles aren’t legal yet sadly. Fortunately not taking it for cancer though, just pain.",0,1,0,0,0,0
No that's your interpretation of the truth. A whore is an old and demeaning term for a professional sex worker. You just get off on being degrading to women.,0,0,1,0,0,0
Sold out. Sorry my dude!,0,1,0,0,0,0
I will never forgive and never forget for this one,0,0,1,0,0,0
What an immature response. With a little passive agressive racism to boot. Classy.,0,0,1,0,0,0
Levels mate. Absolutely obsessed with our dominance.,0,1,0,0,0,0
This is so sad. #playdespacito,0,1,0,0,0,0
I know 😢 it’s one of my life’s goals to see a moose in real life despite how terrified I will be lol!!,0,0,0,1,0,0
"There's no need for anger, but cringe and embarrassment are called for.",0,0,1,0,0,0
Sorry for your loss; this story is heartwarming.,0,1,0,0,0,0
Miss you...,0,1,0,0,0,0
[NAME] is amazing how dare you,0,0,1,0,0,0
Now my mental image is narrowed down to a big imposing woman or a spidery woman that scares me just to be around.,0,0,0,1,0,0
"I am so glad they didn't have this attendance in my day, skipping class would be impossible.",1,0,0,0,0,0
What the FRICK,0,0,1,0,0,0
I’m actually suprised they all didn’t follow him and now they all have to repeat junior year.,0,0,0,0,1,0
"Joseph Vincent is the goat when it comes to highlights, I’m so happy he made a Saquads video",1,0,0,0,0,0
I was raised solo parent so it was more of an angry hushed whisper when they thought I was in the other room.,0,0,1,0,0,0
Okay that was funny lol,1,0,0,0,0,0
"Who the hell thought he was dead, seriously.",0,0,1,0,0,0
"I'd hardly call them innocent if they're reveling in the thought of more mass shootings. People like that deserve worse, quite frankly.",0,0,1,0,0,0
She should be FIRED,0,0,1,0,0,0
It's hard to care about a woman dying from giving birth when you hate women in the first place.,0,1,0,0,0,0
Isn’t banning people for their point of view against the whole fucking concept,0,0,1,0,0,0
I feel sorry for him. He gotta be an awkward guy who has no friends.,0,1,0,0,0,0
Oh yeah its that other chick who looked way to young to be in highschool,0,0,0,0,1,0
I'm so drunk I cheereds a bot as if it was OP LOL,1,0,0,0,0,0
It took a surprisingly long time for this to be seen by me on this sub.,0,0,0,0,1,0
I dislike [NAME] more and more. Big ego and small feet.,0,0,1,0,0,0
What’s the clip from? I’m scared to put “teen boy good kisser 900 number” into YouTube,0,0,0,1,0,0
this is my worst fear,0,0,0,1,0,0
"There's having fun and being a hoe, OP seem to assume what she is, so ni worries for her. ",1,0,0,0,0,0
They are the best but my office is so far away 😞,0,1,0,0,0,0
"Hi [NAME], I love you, that is all. Can't wait to see you in Worcester in February!",1,0,0,0,0,0
I'm puzzled,0,0,0,0,1,0
I really don't think healthy people with no other emotional issues regret having their kids.,0,1,0,0,0,0
"Outstanding, really outstanding. I can't wait for her visit to the United States.",1,0,0,0,0,0
Fuck yeah dude. I need pizza now also. The beer and bourbon are flowing nicely. Cheers and happy New year,1,0,0,0,0,0
Some people have thin skin and are unequipped with dealing with backlash.,0,0,1,0,0,0
It’s the comment about smelling her that makes it pure cringe.,0,0,0,1,0,0
Holy hell I hate them so much.,0,0,1,0,0,0
"That was a hell of a tip, that happens",0,0,1,0,0,0
[NAME] what do you do with his underwEAR,0,0,0,0,1,0
"Oh wow okay, where can I get a wind proof lining beaning or scarf? And do I have to cover my eyes or anything?",0,0,0,0,1,0
Please don’t marry this man-child.,0,1,0,0,0,0
"Removed, stop trolling.",0,0,1,0,0,0
"Trolling cat lovers used to be funny, 24 years ago.",1,0,0,0,0,0
Horrible how they just invade your space anytime any place.,0,0,0,0,0,1
Gotcha. I see my clarification above. I sincerely apologize that anything I wrote made you feel that you needed to enforce your boundaries.,0,1,0,0,0,0
I’m surprised she didn’t name him Allesandrostien,0,0,0,0,1,0
. The only thing that matters is that [NAME] was murdered and those responsible must pay.,0,1,0,0,0,0
>Teamates lap ruin Omg nothing makes me so angry same as running towards the hook or gen with the killer behind. Run somewhere else!,0,0,1,0,0,0
And the super rich are still miserable,0,1,0,0,0,0
But I'm not happy,0,1,0,0,0,0
Fuck [NAME] for blocking funding for this for years and years. So glad it's being used to help people now,1,0,1,0,0,0
Holy shit this speaks to me.,0,0,0,0,1,0
Oh dear [NAME]!,0,0,0,0,1,0
This can be taken horribly out of context,0,0,0,0,0,1
Agreed. Everything she did was bad. She didn't anything good at all. Edit: Grammar.,0,0,1,0,0,0
I still can't believe [NAME] actually gonna be in Smash.,0,0,0,0,1,0
Drugs are a hell of a drug...,0,0,1,0,0,0
He drinks all coffee with cream. We already know he’s not above disgusting liquids.,0,0,0,0,0,1
She said that? Wtf?? That's fucked up. I shouldn't be surprised. Hypocrisy is common with this bunch.,0,0,1,0,0,0
I used to love watching movie reviews and video essays. But it’s seems like I can’t enjoy anything anymore,0,1,0,0,0,0
This is extremely dangerous. And would completely marginalize anyone without a chip. Making it an absolute necessity for everyone to have a chip.,0,0,0,1,0,0
"Ha, I just saw that highlight. nasty",0,0,0,0,0,1
The surprise would be that we just broke a 16 year old record...,0,0,0,0,1,0
TRENDY PEOPLE DANCING WITH PRODUCTS,0,0,1,0,0,0
"Nashville as a whole is easily one of the most classist, racist, judgemental, prejudiced cities I've set foot in. ",0,0,1,0,0,0
I have no idea how we are down by ONLY 13. Its truly a miracle.,0,0,0,0,1,0
Glad we agree.,1,0,0,0,0,0
Legend says he still can't believe he's done this.,0,0,0,0,1,0
"> Is it weird to have more sympathy for animals than humans? It's frighteningly common, so not *weird*, but it's definitely sad",0,1,0,0,0,0
Wow what a surprise...,0,0,0,0,1,0
"For me, it's tedious and frustrating enough to do it the first time, but I'm glad you enjoy it",1,0,0,0,0,1
This makes me happy. Happy new year everyone,1,0,0,0,0,0
"you are correct, but now it is over. and i cry",0,1,0,0,0,0
Thanks man! That feels good to hear. I’m glad someone is on my side and finally understanding how I feel about this season.😄👍,1,0,0,0,0,0
it depends on the page you moron.,0,0,1,0,0,0
"Fuck this team. I’m done, we all should boycott this bullshit",0,0,1,0,0,0
Wow! This got far more real than I was anticipating.,0,0,0,0,1,0
I loved [NAME] as a little kid but I wanted jean's powers but I couldn't stand how goodie goodie her and [NAME] were.,1,0,0,0,0,0
"For serial rapists, its not about the physical pleasure. Its all head games. Damn freaks",0,0,1,0,0,0
"Hear, hear. I'm just lucky my career field is relatively un-fuckerized. Truer words have never been spoken.",1,0,0,0,0,0
NEXT TIME! ON THE CURSE OF OAK ISLAND!,0,0,0,1,0,0
I bet she smells like a jar of mayo left open for a week in the summer,0,0,0,0,0,1
"The 100,000 who died in the Tokyo bombing during WWII weren't killed by [NAME], it was just the passive spreading of fire. Fuck off, genocide apologist. ",0,0,1,0,0,0
That was painful to read.,0,1,0,0,0,0
Hate to see him go. The only thing I’m complaining about besides this was the hagelin trade back in November. Both hit home,0,1,0,0,0,0
Well good for you man. Enjoy :),1,0,0,0,0,0
Once upon a time I got banned for a whole day because of bad behavior... Oh wait that was all of us...,0,1,0,0,0,0
She has major SB😖,0,1,0,0,0,0
It had its flaws but I thought it was enjoyably campy and a fun ride.,1,0,0,0,0,0
"This guy doesn’t like fox hunting because “toffs” do it. As with all policies of the left, it’s grounded in jealousy. ",0,0,0,0,0,1
I'm phobic of needles and babies so that was NOT a picture I wanted to see.,0,0,0,1,0,0
A surprise to be sure! But a welcome one,0,0,0,0,1,0
burn the witch!,0,0,1,0,0,0
"While I understand where you are coming from, this is a tad too aggressive.",0,0,1,0,0,0
Same. Ugh,0,0,0,0,0,1
"Been there, done that. Not the best idea unfortunately. Especially if it doesn't work. Gets awkward ",0,0,0,0,0,1
"Can't speak for that dude, but I'd say hell yeah they're a hate sub. ",0,0,1,0,0,0
"[NAME] this is so true, sometimes i will remember it like 5 years later and still regret it",0,1,0,0,0,0
I miss big daddy buff,0,1,0,0,0,0
Definite Fridge Horror moment for that movie. That poor man.,0,1,0,0,0,0
wondering what the hookup scene is like in the north woods of Wisconsin?,0,0,0,0,1,0
If he feeds the RBs and designs some QB fakes that actually fool defenses I’ll be happy with everything else,1,0,0,0,0,0
"Haha, then i am in... :)",1,0,0,0,0,0
Stupid pipe ruined a pretty good debut,0,0,1,0,0,0
Poor and lonely.,0,1,0,0,0,0
"But, it entertains you.... in some way. Thats the point dude.",1,0,0,0,0,0
Wow what a fucking autist. Probably more effort into this shit than all people that hate on GS combined.,0,0,1,0,1,0
He is a moron.,0,0,1,0,0,1
It happened and I'm very happy,1,0,0,0,0,0
This has to be made as a satire of terrible memes . Like r/okbuddyretard material,0,0,0,1,0,0
It can make me angry - that and hearing my neighbors have sex,0,0,1,0,0,0
"Pet-sitting is over, didn't know I was lonely without a doggo until now. ",0,1,0,0,0,0
Beat my second wife cuz obviously she put the evil eye on my first wife,0,0,1,0,0,0
"Hi, [NAME]! I hope you have the best day ever! -HappyFriendlyBot",1,0,0,0,0,0
"Great post, glad you had a good time here. Xpost it to r/travel. ",1,0,0,0,0,0
hahahaha yeah you tell him man! fuk da police coming straight from da undagrunnn hahahah just like that song right!,0,0,1,0,0,0
"Got boarded, ejected, and ship damaged... very poor tactic.",0,0,0,0,0,1
"Damn, that's the only war we lost. ",0,0,1,0,0,0
Shut up [NAME] we’ve had enough of experts,0,0,1,0,0,0
"Newsflash: Ugly people cheat, too. Cheaters cheat. Cheating is a behavior, not a look. ",0,0,0,0,0,1
"There has been the odd occasion without condoms. No deep penetration, but never the less. Some. I feel awful.",0,0,0,0,0,1
I miss the Scottish [NAME].,0,1,0,0,0,0
Man this sucks. Hope you’re enjoying life in a big house with lambs!,0,0,1,0,0,0
I’m glad at least one good thing could come from my experience!,1,0,0,0,0,0
"Same here, i hope my upcoming trip is gonna kill me",0,0,0,1,0,0
Bitch right!,0,0,1,0,0,0
The [NAME] are all laughing at each other. They are divided. We need to strike them down while they are weak.,1,0,0,0,0,0
He did get 3 stars bro😭,0,1,0,0,0,0
WHO WAS DRAAAAAAGED DOOOOOOOWN BYYY THE STOOOOOONE,0,0,1,0,0,0
That last sentence pains me,0,1,0,0,0,0
Thank you. I thought I was going crazy for a sec.,1,0,0,0,0,0
"First I was afraid, I was petrified...",0,0,0,1,0,0
"Crap, crap, mega crap!",0,0,0,0,0,1
This story puts me in the mood for a jolly rancher,1,0,0,0,0,0
I'm sorry man sounds bad,0,1,0,0,0,0
Nothin worse that doin the smooth criminal to be able to piss in the toilet,0,0,1,0,0,0
Because it's not mildlyinfuriating that you have to ask strangers to not be assholes?,0,0,1,0,0,0
"Yea feel sad for that kid, that native guy is an anti [NAME] activist who destroyed his life ",0,1,0,0,0,0
My nuts hurt watching that second part,0,1,0,0,0,0
Even [NAME] got sick of grunge,0,1,0,0,0,0
"We're are going on a trip, in our favorite rocket ship",1,0,0,0,0,0
I’ve lived in Florida. Hurricanes are *much* worse.,0,0,0,0,0,1
Wow the [NAME] replies appeared in less than ten minutes this time!,0,0,0,0,1,0
Aww that makes my day too <3,1,0,0,0,0,0
"Shockingly, some people continue to educate and improve themselves. You might benefit from it.",0,0,0,0,1,0
So those 2am cravings are really just my instincts keeping me alive,1,0,0,0,0,0
Wtf Powerhouse Macomb is the gym I go to. I've never seen this dude there.,0,0,0,0,1,0
"Because you didn't realize MEPS was an acronym? Yeah, definitely taking anything you say to heart. Piss off depper. ",0,0,1,0,0,0
"Sorry, I laughed, not at you, but because this is so perfect and so relatable. Hope you're past it or getting past it. ",0,1,0,0,0,0
"Hey. As long as the person I help is better off than when I first saw them, I’m happy.",1,0,0,0,0,0
"Hmm, I understand your frustration then",0,0,1,0,0,0
All I'm seeing here is that you commited a brutal murder.,0,0,0,0,0,1
Omg creepy!,0,0,0,1,0,0
This is so scary but I would love to go there. And it is actually in Brazil,0,0,0,1,0,0
"I enjoyed it somewhat, but haven't felt like rewatching (or owning) it.",1,0,0,0,0,0
This is awesome. Makes it feel like a community rather than just a forum.,1,0,0,0,0,0
Nothing. Fuck the environment so people can think they saved a few bucks. People are fucking stupid.,0,0,1,0,0,0
"Windbreakers, we’re supposed to wear them when it’s cold as apparently a joke to keep us warm 🙃 I hate doing drive ups now",0,0,1,0,0,0
Just read the text of this amendment. I am literally sick to my stomach from reading this. THIS MUST NOT STAND!!,0,0,0,0,0,1
Oh boy I was wide awake when I lost my under 51.5. [NAME] can go fuck his ugly self,0,0,0,0,0,1
Fuck shit bitch,0,0,1,0,0,0
Don’t tell me what to do.,0,0,1,0,0,0
I can't tell you how happy I am that [NAME] and [NAME] are Polynesian Sauce guys.,1,0,0,0,0,0
Luckily my wages are rising faster to compensate. Oh wait...,1,0,0,0,0,0
It could have been worse! All the chairs and table are still upright.,0,0,0,0,0,1
Sorry for your loss. My bestfriend is turning 13 soon and I'm trying to cherish every minute we still have.,0,1,0,0,0,0
"I couldn't let [NAME] become carver.. I regret it. [NAME] didn't deserve this, although he was fucking stupid to let his guard down",0,1,0,0,0,0
The one in WA state. For some reason Vancouver BC is really close to Vancouver WA. It's weird,0,0,0,0,0,1
"Oh god, never thought of the implications of [NAME] not selling BB-8 as mirroring her parents giving her up. That tugs the heartstrings a little bit.",0,1,0,0,0,0
The way colt talks in that weird calm voice is like a psychopath. I hate it. It’s so condescending and creepy.,0,0,0,0,0,1
The worst is starting out in a new relationship after leaving a failing one. You want to fall but you know how much the breakups hurt,0,0,0,0,0,1
It's amazing the people here supporting the [RELIGION] church and the child molesters over duterte... I wonder why.,0,0,0,0,1,0
And even worse after 40 years!,0,0,0,0,0,1
That’s horrible. Only religion could make an otherwise normal person want to show a torture and murder video to a child.,0,0,0,1,0,0
That's far from what happened and there is overwhelming evidence to the contrary of the circumstances of her death that it leaves no room for debate really.,0,1,0,0,0,0
It was a screech of delight. I like this hire. Would let to get a good OC now.,1,0,0,0,0,0
I don't care about [NAME] story but I surprisingly found myself liking Bristol's.,0,0,1,0,1,0
The jackets that we have so many people wore so they’re musty as hell,0,0,0,0,0,1
[NAME] i really hate entitled people. Upvote if you think that EPs are worse than Antivaxxers.,0,0,1,0,0,1
"P3 hit me so hard in the feels that every time I hear a song from it or watch anything P3 related, I just burst into tears.",0,1,0,0,0,0
Yes. You fucking troll me every time. Fuck you.,0,0,1,0,0,0
Not a single one of these allegations are of Russian collusion. It's more perjury trap nonsense.,0,0,1,0,0,0
Oh boy you’re in for a treat. Make sure you visit Austin if you move,1,0,0,0,0,0
I can be hard on KAT at times but boy am I glad he signed here for 5 more years,1,0,0,0,0,0
I get through a pack of tennis biscuits a week at work. Coconut bliss,1,0,0,0,0,0
"I used to hate them too, but since vikendi I’ve gotten pretty used to them ",0,0,0,0,0,1
[NAME] man..... I hope this is just one of his overdramatic moments on the floor... He's scared me like 5 times this year....,0,0,0,1,0,0
"THIS IS NOT DETROIT, MAN! THIS IS THE SUPERBOWL!",0,0,1,0,0,0
"Wow, are you me? No one is a fan of season 1 but I definitely do this. There are little gems despite [NAME].",0,0,0,0,1,0
"Yes! I play both, because I like the combat of one and everything else in the other.",1,0,0,0,0,0
I hate Twitter more and more each day....the people on there are so toxic it literally makes me sick. They can't appreciate a good meme.,0,0,1,0,0,0
And you wonder why Labour get's a bad name for anti-Semitism with statements like that. Ok hun.,0,0,0,0,1,0
Yasssss. I loathed Harry Potter. Book? Movie? Toy? Board game? Costume?,0,0,0,0,0,1
Man you'd be shocked to know some women still remain passive even when married.,0,0,0,0,1,0
Glad your boss backed you up,1,0,0,0,0,0
She looks almost devoid of color. Kinda like a manga. Amazing.,1,0,0,0,0,0
"Thanks, we were kinda enjoying it at the time too",1,0,0,0,0,0
Hated her. And that was honestly a more offensive reaction than everyone laughing at her IMHO,0,0,1,0,0,0
Still waiting on [NAME] to tell me how GIFs are terrible and I can’t afford to watch anymore of them.,0,0,0,1,0,0
Weird how they shoehorned s character from an ongoing tv show into Celebrity Big Brothter. Glad they got rid of him after one episode though.,1,0,0,0,1,0
People who mindlessly defend Turkey and Ergodan are very delusional!,0,1,0,0,0,0
Yeah - thanks - I vaguely remember this. I wonder what her net worth was year by year? Too lazy to investigate.,0,0,0,0,1,0
This is a terrible idea,0,0,0,1,0,0
Stop doing weird things,0,0,1,0,0,0
I'm so depressed,0,1,0,0,0,0
Happy cakeday your username is fun,1,0,0,0,0,0
Yeah until the last one has creepily wed and reproduced.,0,0,0,1,0,0
You're an idiot,0,0,1,0,0,0
"I've been looking forward to this But damn, I was hoping for some epic revenge story ;-; ",0,0,1,0,0,0
"You know when I typed ""legal tender"" I had a horrible feeling I was going down a rabbit hole.",0,0,0,1,0,0
nah man im just shook and dead™️,0,0,0,0,1,0
Benzos do not help anxiety long term. they make it worse,0,0,0,0,0,1
Alright stop.,0,0,1,0,0,0
My [NAME]. I think we have a winner. IT'S. A. REAL. PLACE. Best part,0,0,0,0,1,0
"I'm so sad for you, I'm so so sorry. 💔",0,1,0,0,0,0
I can’t call anyone Daddy. Not even my Dad. It just feels weird and creepy and I’m not 4.,0,0,0,0,0,1
Never thought I’d see a comrade here,0,0,0,0,1,0
You’re welcome! It’ll absolutely be worth it. And it’ll be fun! :D,1,0,0,0,0,0
sorry it was absolutely not like that,0,1,0,0,0,0
tobaccy is nasty,0,0,0,0,0,1
[NAME] I hate that I had to upvote this dude to the sub it is in. Every fibre of my being wants to downvote this atrocity,0,0,1,0,0,0
Sadly this is how you get shit fixed,0,1,0,0,0,0
[NAME] I hate this man,0,0,1,0,0,0
Fire the ux designers and yes also our beloved [NAME],0,0,1,0,0,0
It kind of surprised us how much of a feeling of control it gave us.,0,0,0,0,1,0
"This is the worst Hellraiser reboot script I've read this month, and let me tell you, I've read a lot of them.",0,0,0,0,0,1
Thank you for the specifics! Really helpful. Glad you’ve found such a good mix for you.,1,0,0,0,0,0
"Glad to hear it’s open again, great spot. I still class climbing Coonowrin as the stupidest thing I’ve ever done.",1,0,0,0,0,0
That’s Grandpa [NAME]. I stomp flaming bags with my boots,0,0,1,0,0,0
you're going to relapse in two years because you have an illness that makes you use excessive amounts of things to cope with emotions..,0,1,0,0,0,0
Don’t be a class traitor,0,0,1,0,0,0
FUCK LES BRUNS,0,0,1,0,0,0
"To be fair, it is worse than staying in the EU, but good grief it's better than a no deal.",0,0,0,0,0,1
Damn... that’s another thing I didn’t even think about it. Probably the biggest reason why people shouldn’t steal food,0,0,0,0,0,1
A great way to start the new year. Happy New year everyone.,1,0,0,0,0,0
"There is nothing this Government could cut that wouldn't upset someone. Sorry, but weez broke.",0,1,0,0,0,0
"Oh, how I miss real spicy Chinese food. Day after, not so much.",0,0,0,0,1,0
"Happy for him, great game. ",1,0,0,0,0,0
terrifying every time.,0,0,0,1,0,0
"I mean this in the least creepy way possible, tell me how it works out NO DETAILS PLEASE GOD NO",0,0,0,1,0,0
[NAME] was such a nasty POS. In his dirty wifebeaters with his malt liquor. “Men have needs...” He disgusts me.,0,0,0,0,0,1
"Thats awful, I'm so sorry for your loss",0,0,0,0,0,1
Pity because I enjoyed Max Normal.,1,0,0,0,0,0
Happy cake day!!!,0,0,0,0,1,0
Shame on you,0,0,1,0,0,0
PEOPLE LIKE THING AGGRESSIVELY BE PROUD OF IGNORANCE,0,0,1,0,0,0
"Haha, same bro. I am lvl 21 and still playing at least 4hrs a day. Loving it!",1,0,0,0,0,0
I'm most amazed by implicit suggestion that you still aren't showing any signs. i mean coming out should be sign enough right?,0,0,0,0,1,0
It’s a smart move but also hurts the business and possibly false. It’s rude.,0,0,1,0,0,0
I laughed. But I'm really not sure if I should upvote.,1,0,0,0,0,0
I enjoy living the lie. I do it everyday,1,0,0,0,0,0
"[NAME], but they all seem to be genuinely happy with their lives and supporting each other, so I’m happy for them too",1,0,0,0,0,0
This story made my day. Ha!,1,0,0,0,0,0
Yeah but you're not anymore I'm afraid.,0,0,0,1,0,0
That movie really scared me when I was a kid.,0,0,0,1,0,0
I didn’t know I could roll my eyes this far into my head,0,0,0,0,1,0
Watching this makes me angry.,0,0,1,0,0,0
The “sad [NAME]” tops it off,0,1,0,0,0,0
I genuinely teared up when I heard it in the game,0,1,0,0,0,0
"I’m surprised nyxl hasn’t done that with their overloaded dps roster, but a possible upcoming import limit might be the issue",0,0,0,0,1,0
I literally screamed uncontrollably for 3 months and ended up in a mental hospital.,0,1,0,0,0,0
It could be worse. We could get [NAME] or that Philly traitor [NAME] back.,0,1,0,0,0,0
Go away [NAME]....,0,0,1,0,0,0
Omg does anyone have a video of this,0,0,0,0,1,0
It's shameful that he has to preface this post with his bias. Couldn't just leave well enough alone.,0,0,1,0,0,0
Thanks so much for taking the initiative to do this! Not all heroes wear capes :),1,0,0,0,0,0
Cried when [NAME] and [NAME] gave each other a big hug and [NAME] lifted him off the ground.,0,1,0,0,0,0
"And best of all, it is giving a child a loving home.",1,0,0,0,0,0
What The actual fuck,0,0,1,0,0,0
"It’s all good man, I missed [NAME] too. I REALLY hope we get another dream sequence with him in EP4. ",1,1,0,0,0,0
Fuck [NAME] for continuing to give her a platform.,0,0,1,0,0,0
When traffic is moving it is definitely not legal nor safer. I hate how dip shits like you spread false information on this [NAME] forsaken subject.,0,0,1,0,0,0
"Thank you so much for the wonderful compliment, glad you enjoy it!",1,0,0,0,0,0
GET THE FUCK OUTTA HERE RUDY,0,0,1,0,0,0
Ice Cream or Tacos for me. Or the best of both worlds.... a ChocoTaco!,1,0,0,0,0,0
That's the main reason to play [NAME]? I hate it too.,0,0,1,0,0,0
How dare you,0,0,1,0,0,0
"Stay away from her kids, [NAME]!",0,0,1,0,0,0
"And we play for 6 dollars, this makes me so angry we need a big ass casino in that game",0,0,1,0,0,0
Fuck daesh *,0,0,1,0,0,0
"Sorry mate, you’ve got the wrong sub. This is for **bad** UK.",0,1,0,0,0,0
Fear mongering.,0,0,0,1,0,0
hahaha. I was/am honestly surprised that is the only time I've heard of a parent calling a rapid.,0,0,0,0,1,0
No kidding. Pretty sure my husband enjoys it as much as I do.,1,0,0,0,0,0
You sound scared,0,0,0,1,0,0
"Hell, I'm saving your Reply. Enjoy being the first in my list!",1,0,0,0,0,0
I went there once and was like “yeah neat I guess” around the same time. Totally forgot about it until I saw the pic of the door,0,0,0,0,0,1
The fact that she told you your sex life is over is insane to me.,0,0,0,0,1,0
Fly out of KDVT? Love flying out there.,1,0,0,0,0,0
I’m too poor to watch this 🙈😂,0,1,0,0,0,0
Dude nsfw this damn,0,0,1,0,0,0
only take your shoes off if there is carpet. and carpet is nasty.,0,0,0,0,0,1
I'd argue they are advocating not fighting the fire in your house when the entire neighborhood is engulfed in flames.,0,0,1,0,0,0
Seen as Child abuse in some places. Not illegal but judges hate it. No matter the sex.,0,0,1,0,0,0
I want my Thick Blood feat to actually say “F*CK YOU” every time I deny a Peacekeeper their bleed damage.,0,0,1,0,0,0
"Their roster just doesn’t work, sadly they didn’t realize it in time.",0,1,0,0,0,0
I miss him on our pp,0,1,0,0,0,0
No negotiations with terrorists.,0,0,1,0,0,0
What? Shut up?,0,0,1,0,0,0
The best thing about a traffic jam on 59 is getting out of it,1,0,0,0,0,0
dae [NAME] IS MOMMY FUCK MY ASS WITH A BACKHOE MOTHER YES GAWD *tongue pop* WHAT A TALENTED ACTRESS BUT ALSO PARENTAL FIGURE,0,0,0,0,0,1
"the trajectory of that is really weird! But [NAME], that guys arm, hand, possibly head is not liking the next .01 second!",0,0,0,0,0,1
I get migraines too and I’m sooo tired the first two days of my period,0,1,0,0,0,0
"Oh wow, that was a serendipitous ending! The weed saved her life. ",0,0,0,0,1,0
At SkyZone with the kid getting some energy out. Next up is a dentist visit...ugh,0,0,0,0,0,1
[NAME] on a pretzel. That is just...fucked up. Those comments are absolutely...I can’t think of anything awful enough to describe them.,0,0,1,0,0,0
I'm actually surprised it stayed up. We already got a shitpost thread yesterday. I though the limit was one per week.,0,0,0,0,1,0
Using an argument based on intolerance is frankly a bad strategic idea and borders on offensive. It won't persuade anybody and it sounds ridiculous.,0,0,0,0,0,1
Wow that’s weird. I’m too used to that age group complaining about “kids these days”. Thanks for sharing.,0,0,0,0,1,0
Aghh bacon is actually the worst. The smell of it is soo disgusting you can smell the dirtiness,0,0,0,0,0,1
Glad to see that thoughtful doggo found a home here!,1,0,0,0,0,0
Its weird because I didn’t say “house cat” I just said “cat” yet you felt the need to correct me.,0,0,0,0,0,1
"Fuck it, it's every man/woman for themselves in this fucked City. I've given up caring.",0,0,1,0,0,0
happy cake day,1,0,0,0,0,0
Arguing a player is the GOAT among every position is just a dumb argument to even begin with when it comes to football.,0,0,1,0,0,0
There was a huge pervasive fear of nuclear war in the 80s among kids. I remember often waking up screaming from nuclear nightmares.,0,0,0,1,0,0
Holy shit they fornicate like rabbits!!,0,0,0,0,0,1
"53 months?? That is insane, must've been a different type of octopus then the one I was learning about. ",0,0,0,0,1,0
It is amazing how social media is allowing maniacs to congregate. Social media is very bad for us.,0,0,1,0,1,0
What the fuck who likes cold,0,0,1,0,0,0
the older i get the more it hurts,0,1,0,0,0,0
Those bastards lied to me,0,0,1,0,0,0
"Dude, y'all anti American scum don't even believe in science. Fuck off with your generic bullshit because you can't list a specific example. ",0,0,1,0,0,0
"I wouldn't even call this a CB, she wasn't offered anything and turned it down. Still sad, though. ",0,1,0,0,0,0
"Happy cake day! Have a great day and year, cheers. ",0,0,0,0,1,0
"""...And what do I find out?! There is no [NAME]. This whole team is a god damn ghost town!""",0,0,1,0,0,0
That's such a selfish mentality to have.,0,0,0,0,0,1
My biggest fear is catching feelings. I got dangerously close once lol. It’s just about self control.,0,0,0,1,0,0
And everybody clapped! Fuck this loser!,0,0,1,0,0,0
What a methy situation!,0,0,0,0,1,0
"Why,? It’s natural. That’s weird af.",0,0,0,0,0,1
I'll be shocked if humanity makes it to 2100. But yeah. It's a miracle I'm alive since I had the toe on the trigger.,0,0,0,0,1,0
I would like to see the after justice of idiots like this,0,0,1,0,0,0
Bro this is awesome,1,0,0,0,0,0
> [NAME]. You disgust me. But seriously when do we get a real show and skip the constant ad teases.,0,0,0,0,0,1
I am clueless lately. None of my students parents speak English. It breaks my heart because I want to have more open communication.,0,1,0,0,0,0
I think this title is biased. It groups all media improperly.,0,0,1,0,0,0
"I hate to sound like we're in a Santa Monica coffee shop, but keto diets are incredibly effective if you can stick to it",0,0,1,0,0,0
"That sounds terrible! I get hay fever some years, I also have eczema and anxiety, all at once sounds like pure hell.",0,0,0,1,0,0
You can't demand historical accuracy 'at all' then. It's logical fallacy.,0,0,1,0,0,0
"And it seems, just genuinely nice, hilarious, and passionate about her work. I hope she gets more of an edit from now on!",1,0,0,0,0,0
"Wow, what a controversial opinion.",0,0,0,0,1,0
Can’t believe they actually got married. What a joke,0,0,0,0,1,0
The only happy ending I enjoyed on this sub. Good job.,1,0,0,0,0,0
"I beta-tested Gwent. After all that and everything after launch, I'd still rather just play it as a minigame in Witcher 3.",1,0,0,0,0,0
And the sad part is this goes on for decades and decades grrrrrrr,0,1,0,0,0,0
I’m glad,1,0,0,0,0,0
They're a match made in heaven!,1,0,0,0,0,0
"Because bullying is a way to enforce social conformity, and discourage people from being different. ",0,0,0,0,0,1
It's the hard R that'll get you in trouble.,0,0,0,1,0,0
"This is a test, now YOU have to give away that gold. Your donor was a cruel benefactor. ",0,0,1,0,0,0
"Dam tears in my eyes now, but seriously great job ",0,1,0,0,0,0
"Watching Revenge sometimes makes me cry, thinking back to when I tried to memorize that song, and listened to it over and over.",0,1,0,0,0,0
You didn't need to split this into two posts...,0,0,1,0,0,0
Sitting down and wiping is disgusting. Especislly when using a public toilet. Fucking savages up in this thread.,0,0,0,0,0,1
"Ooof, I’m so sorry, that is rough.",0,1,0,0,0,0
[NAME] was horribly inconsistent this year,0,0,0,1,0,0
"Well, whaddaya know!",0,0,0,0,1,0
Mom-emotions are always heartwarming and honest but dad-emotions make me tear up. Fuck,0,1,0,0,0,0
Shawty whats wrong with you. I want those people dead,0,0,1,0,0,0
"My girlfriend barely tolerates me showering in the morning, she'd be furious if I'd let an alarm ring while I'm away. And rightfully so. ",0,0,1,0,0,0
It's so surreal that we have a superstar on the Canucks. I have to pinch myself everyday,1,0,0,0,1,0
FUCKING NORMIES REEEEEEEEE,0,0,1,0,0,0
I'm so sorry. That's awful.,0,1,0,0,0,0
I feel attacked,0,1,0,0,0,0
I tip my invisible hat anytime I drive past this dealership. What an unfortunate surname.,0,1,0,0,0,0
a surprise to be sure,0,0,0,0,1,0
"You fucking got this bb, one step at a time. The DD is here for you.",0,0,1,0,0,0
"Bruh, I’ve been getting this tough love since I was 18. Hence the dusty balls. ",0,1,0,0,0,0
Is that a real tweet? From the actual president? Not a parody? I can't tell anymore.,0,0,0,0,1,0
Protip- just smell your damn food. Use your senses!,0,0,1,0,0,0
I’m sorry to inform you that this man is an imposter. I’m actually undercover atm.,0,1,0,0,0,0
I’m a little scared of telling my parents (I’m in high school.) How do I approach them about this?,0,0,0,1,0,0
"You sure are outraged about some people making fun of [NAME]. Gee, that's easy!",0,0,1,0,0,0
"I was so hyped after the zach shot, I'm still crying ",0,1,0,0,0,0
"Good. The US is behaving shamefully, the least Canada can do is to try and pick up a little of the slack. ",0,0,0,0,0,1
That’s a lot of chonkers!,0,0,0,0,1,0
"[NAME] "" haters gonna hate"" the most cringe I've seen of any politician. Worse than [NAME] benefit singing some working class song. ",0,0,1,0,0,0
[NAME] are you me? Like I was relating and then you said rot in Atlanta traffic and the pains of 285 burned into my mind.,0,1,0,0,0,0
Was it just me or when they showed the backboard camera did the hoop look like it had a surprised face?,0,0,0,0,1,0
Oh god. Imagine losing to Toronto in the cup final. You would spent the rest of your life hearing about it,0,0,0,0,1,0
Am an FX artist. This is fake. Scar wax gives it away so badly.,0,0,0,0,0,1
The kind you enjoy & can fully devote yourself to.,1,0,0,0,0,0
Black people still get shot unarmed. Comparing suffering is stupid and pointless.,0,0,1,0,0,0
"Haha, thats brilliant.",1,0,0,0,0,0
"The rich are horrible, horrible people..... and yet we keep voting GOP to give them more tax breaks, the hell is wrong with us?",0,0,0,0,0,1
Ate too much “hot chips”,1,0,0,0,0,0
"Honestly after he was so reasonable and calm throughout this confrontation, the hatchet man tattoo made me chuckle. Definitely unexpected.",0,0,0,0,1,0
"Wow, never knew about [NAME] and I thought I was well-read!",0,0,0,0,1,0
"Ooh, and they make the joke be able to be known by everyone so viewer thinks they are special",1,0,0,0,0,0
"The best one for me is still Borderlands 2, and it’s been a fucking while. Amazing how far ahead of its time that game was.",0,0,0,0,1,0
"I’m really excited for this year! Especially the Wu Lin hero , I can’t wait to wield my double-handed jian😍😍",1,0,0,0,0,0
This hurts to hear because we know it's true. There are 16 year olds who have experienced more than me.,0,1,0,0,0,0
I can guarantee you for many the hate for this administration started much before the election results were in.,0,0,1,0,0,0
Suddenly went 6 to midnight TBH,0,0,0,0,1,0
I hate the way [NAME] kisses people. Like smushing his face in a figure 8 on their lips. Ugh,0,0,1,0,0,0
RIP manning lol,0,1,0,0,0,0
Literally all of them have said and done MUCH worse than anything [NAME] has.,0,0,0,0,0,1
I was petrified...,0,0,0,1,0,0
he stopped talking to me 🤷🏼‍♀️,0,1,0,0,0,0
I might be in trouble in this case. I have 7 years going on 8 :(,0,0,0,1,0,0
"There. Are. No. Moderate. Republicans. Repeat this, nonstop, everytime she is mentioned. She is an extremist who pretends to be moderate.",0,0,1,0,0,0
"As a closing TM, that’s terrifying. ",0,0,0,1,0,0
So I should definitely give up on real life is what you are trying to say huh? :(,0,1,0,0,0,0
The one that is a sentient being; the one that's most affected.,0,1,0,0,0,0
*Ugh..* You are 23 and not married - leave.,0,0,0,0,0,1
The worst is working with dealerships,0,0,0,0,0,1
"Sometimes I think it's like the movie *Shallow Hal*. You see the person for who they really are on the inside, and it's terrifying.",0,0,0,1,0,0
literally exactly my thoughts on this!!! also happy cake day!!,1,0,0,0,0,0
Oh poor guy. That’s so sad. I can see why she is an ex friend.,0,1,0,0,0,0
What? No angelic BROWN EFFIN COW????,0,0,0,0,1,0
"I see you're a new fan, enjoy your stay!",1,0,0,0,0,0
That was intentional as fuck. I don’t know how anyone could argue that after that insane contortionist layup over [NAME] last week.,0,0,1,0,0,0
"Everything is cool when no one gets hurt.. But as soon as something bad happens, we all scream idiots... Why...?",0,0,0,1,0,0
Poor cat.,0,1,0,0,0,0
Thought i was already there with the terrible title.,0,0,0,1,0,0
"Gettysburg is awesome, I've been twice. I want to go back as an adult! Have fun!",1,0,0,0,0,0
That arena is so ugly I’d be scared too,0,0,0,1,0,0
so obnoxious.,0,0,0,0,0,1
And they lived happily ever after.,1,0,0,0,0,0
That's ignorant as all hell. Tell them to buy their own.,0,0,1,0,0,0
Must be a terrible swim team. The only thing that your neck beard does is accentuates your double chin.,0,0,0,1,0,0
"Sadly too easy to gank. Bronze brawl 4-man notices you are split pushing, you are dead.",0,1,0,0,0,0
My son told me he hates me,0,1,0,0,0,0
"All that condescension to spell ""capitulate"" wrong. Shame.",0,0,0,0,0,1
Weird I can relate to this but in the same time I can't relate to this,0,0,0,0,0,1
Oh mah gawd!!,0,0,0,0,1,0
My god. I could have written this. This exact scenario happens to me too (including waking up at 5:30 on the weekend),0,0,0,0,1,0
"Optimism dial at 13, absolute mad man",0,0,1,0,0,0
"Dude, you made my day. ",1,0,0,0,0,0
I guess its the 9th largest city in the country but it it weird to group them together,0,0,0,0,0,1
100% scam,0,0,1,0,0,0
That’s terrible; I would be devastated. You had to get out of there though. I’m thinking of you.,0,0,0,0,0,1
"if he would only have any marketable skills, alas I think he is going to serve hard time",0,0,0,0,1,0
It’s pretty captivating in a make you want to throw up and then beat the shit out of [NAME] kinda way.,0,0,1,0,0,0
"From the post history, I'd say this looks like a highly inept karma farm bot account. Edit: OP is for real! Yay! Upvoting!",1,0,0,0,0,0
Pikachu shocked.jpg I hope we give him a fair chance and he succeeds,0,0,0,0,1,0
"Glad I could help. Feels good once in a while, I know the feeling.",1,0,0,0,0,0
We’re all bible on this blessed day,1,0,0,0,0,0
I find it really strange how people align themselves with or against a politician so strongly.,0,0,0,0,1,0
[NAME] still got a little pop tho for calling for the match. Makes me smile that the crowd still loves her.,1,0,0,0,0,0
That sounds terrifying. I hope you and the little one are OK.,0,0,0,1,0,0
"Either way, I am afraid his marriage is over. She doesn't respect him anymore...",0,0,0,1,0,0
Your comment is completely irrelevant and you're trolling me in order for you to cry and whine about Detroit. Get out of here.,0,0,1,0,0,0
Lots of physical intimacy and sex almost every time we met. Never suspected that this would ever become a problem.,0,0,0,0,1,0
"This one is the worst, by far",0,0,0,0,0,1
He’s bad,0,0,0,0,0,1
OMG this is gaming history in the making. Lol I can't w8!,0,0,0,0,1,0
Happy Birthday!,1,0,0,0,0,0
"it is weird, looks like you have awesome internet",0,0,0,0,0,1
I would think I was in a horror movie and lock the doors. Lol,1,0,0,0,0,0
"This picture is a prime example that [NAME] are intolerant douchebags who will always demonize wealth, fame, and entertainment.",0,0,0,0,0,1
I got mine at 21. The ex wife would have had me snore instead of wear it for years.,0,1,0,0,0,0
Omfg the worst!! want to pull my hair out!!,0,0,0,0,0,1
I'm really enjoying Season 3 but this would ruin it for me.,1,0,0,0,0,0
"Yay, congratulations! :D",1,0,0,0,0,0
Because learning another language is cultural appropriation. This people are pathetic.,0,1,0,0,0,0
Srs glad she's going to stop cancering herself,1,0,0,0,0,0
..and it's awful. What a waste of money.,0,0,0,0,0,1
RED ALERT RED ALERT,0,0,0,1,0,0
I was in Buckhead waiting to celebrate in the streets. Ugh. [NAME] freakin [NAME].,1,0,0,0,0,0
Yes! Tell us E.V.E.R.Y.T.H.I.N.G! She’s horrible but also very entertaining!,0,0,0,0,0,1
When my [NAME] is crying...,0,1,0,0,0,0
"Fuck me, that is good. ",0,0,1,0,0,0
"I'm not ready, I'm not ready, I'm REALLY not ready.",0,0,1,0,0,0
I was so happy for cowboy,1,0,0,0,0,0
The Homestead Crater is fun. I also like the Crystal Hot Springs!,1,0,0,0,0,0
Our games against San Fran always seem to have amazing finishes,1,0,0,0,0,0
These questions tell you'll be a fantastic dad! Don't sweat it too much and make sure you enjoy it. They grow up quick :),1,0,0,0,0,0
enjoy it and happy New Year!! I was at the cheesecake factory yesterday with one of my kids.. had a blast,1,0,0,0,0,0
"[NAME]? Nah, that's him in the background. The idiot with the leaves is [NAME]. It's always fucking [NAME].",0,0,1,0,0,1
Found the selfish and shitty anti-vaxxer in the thread. How many of us have to die before you get your fucking kids vaccinated?,0,0,1,0,0,1
shucci a lil BITCH,0,0,1,0,0,0
Wtf. And then we wonder why people think DnD players are a bunch of fucking creeps. Sucks that you had to bear witness to such sadness.,0,1,1,0,0,0
Yep happening to me all the time at my college. Fuck everything,0,1,0,0,0,0
"Oh my god, zero-calorie Gatorade is a thing ^(i don't care how many chemicals are in it if its zero-calorie)",0,0,0,0,1,0
Everybody betrayed [NAME] [NAME]. I'm fed up with this world.,0,0,0,0,0,1
Im fine with complaining. A little surprised he's complaining without playing or even reading the patch notes since they were released.,0,0,0,0,1,0
Removed? Damn no respect.,0,0,1,0,0,0
"Yes, we did.",1,0,0,0,0,0
"Wow, really? I hope this kind of event doesn’t happen that often. ",0,0,0,0,1,0
I'm crying. Their faces 😂🤣😂,0,1,0,0,0,0
That [NAME] missed layup is haunting me right now.,0,0,0,1,0,0
He has become that which he swore to destroy!,0,0,1,0,0,0
I was jumping the same gun but decided to do some googling just in case. Glad I did :),1,0,0,0,0,0
"yeah violence shouldn't be your goto first option, but the people who pretend words are meaningless sounds are stupid idiots",0,0,1,0,0,0
No wonder crime is going up if these morons are in charge.,0,0,1,0,0,0
£20 per child?! That is ridiculous! You can’t buy much of anything for that! I am furious on your behalf!!,0,0,1,0,0,0
That's awesome man. Keep it up bro. Glad to see there's some people out there that still care about others,1,0,0,0,0,0
"That's still a fucking insane number. 70% is goddamn insanity, and the only reason you're alright with it is because you're unaffected.",0,0,0,0,1,0
"Don't bother, redditors hate Israel ",0,0,1,0,0,0
"Sorry, but isn't this a little too obvious? As the old saying, the early bird catches the worm.",0,1,0,0,0,0
"Didn't expect him to land back in the championship, although mears was much more unlikely",0,0,0,0,1,0
What a cringeworthy load of kak this is. Wow I have no words.,0,0,0,0,1,0
"Also, on my phone this didn't show up as a ""cross post"". Sorry!",0,1,0,0,0,0
How the fuck is that not ticketable.,0,0,1,0,0,0
please fire this fuck head im tired of losing games because of our power play,0,0,1,0,0,0
"It ruined me, too. D:",0,1,0,0,0,0
"I enjoy it as well, there's dozens of us!",1,0,0,0,0,0
That was brutal.,0,0,1,0,0,0
"Glad you had fun!! Did you all, ya'know? Did you all make plans to see each other again soon?",1,0,0,0,0,0
That looks like a fun group,1,0,0,0,0,0
"It’s horrible for me, way worse than your situation. Be Glad that you aren’t me",0,0,0,1,0,0
are you fcking serious sis,0,0,0,0,1,0
For fun!,1,0,0,0,0,0
"I feel terrible but I do this too, or watch obese people doing mukbangs",0,0,0,1,0,0
*[NAME] playing the world's saddest tune on the world's biggest violin.*,0,1,0,0,0,0
"Glad you are resting better, and as for your friend he deserves the brownie points. ",1,0,0,0,0,0
Sadly they aren't in control. [NAME] is and he'll always do the worst possible thing.,0,1,0,0,0,0
"Oh look, it's wr2! *proceeds to get fucked*",0,0,1,0,0,0
Worst radio ever.,0,0,1,0,0,1
"Oh no, the horror. Look, a pause! Let's start CPR! Those nurses, probably",0,0,0,1,0,0
You realize everyone sees you REEEEEEing all over the place right? You can act nonchalant all you want but obviously youre one salty sea dog,0,0,1,0,0,0
"[NAME] knocking [NAME] out. Somehow, I didn't expect the brainwashed soldier to betray the kids.",0,0,0,0,1,0
What the Fuck?,0,0,1,0,0,0
I'm afraid if I have a awful time or something like that I'm going to get worse..,0,0,0,1,0,0
"True, and so sad to see. Somewhere along the way, the governing of a country my mutual consensus turned into a national sport with 2 teams.",0,1,0,0,0,0
lakers bout to get KAT fucked now,0,0,1,0,0,0
I passed the aftermath of this wreck on the other side of I-20. What a tragedy.,0,1,0,0,0,0
Except it destroyed 76% of America's scooby snack production. May Shagster have mercy on us all.,0,1,0,0,0,0
I was thinking that as well after I posted. Some nasty stuff settles on ceiling tiles.,0,0,0,0,0,1
"This momentum control by the refs is killing us, and we're letting it",0,1,0,0,0,0
I’m afraid it will eventually go that way.,0,0,0,1,0,0
"Good read man, sounds like a crazy time, its the worst vomiting red in front of ramdom people lmfao 😂",0,0,0,0,0,1
happy birthday dude!,1,0,0,0,0,0
I wonder if these little creatures with their big bulgy eyes ever poke themselves in the eyes accidentally.,0,0,0,0,1,0
Shocking isn’t it,0,0,0,0,1,0
[NAME] blows. Be happy she’s gone,1,0,0,0,0,0
"I agree with you, but you know, sharia *is* sharia, which I find a tad more frightening ",0,0,0,1,0,0
Indeed. This episode is for me the best one officially. I'm scared for the finale,0,0,0,1,0,0
">more money than you I seriously, *seriously* doubt that. >doing something before this guys are outta the country Prove it.",0,0,1,0,0,0
"Those refs were terrible, god damn. GG Buckeyes, it was much closer than the score suggests.",0,0,0,1,0,0
Which is why I'm glad he turn around as he did. xD Still is both scary and funny if you look at it from a different light,1,0,0,1,0,0
"I am happy to receive constructive advice. If someone is short, or not constructive, I will react to it.",1,0,0,0,0,0
Oh wow!!!,0,0,0,0,1,0
Sadly I know lots of peeps that would find this dude hot. He has that LA 90’s Persian chic thing going for him,0,1,0,0,0,0
you fucking moron,0,0,1,0,0,0
I'd be more than happy to indulge this toothache.,1,0,0,0,0,0
I’m surprised they find toothpaste still,0,0,0,0,1,0
Looks extra creepy in light of the recent revelations about his campaign.,0,0,0,0,0,1
"Seriously? That’s so frustrating. It was [NAME] time to go, some of these “fans” are disgusting.",0,0,0,0,0,1
> Then and only then might you receive ~~a tip~~ **whatever change we have leftover from our grand expenses.**” FTFY. Sadly.,0,1,0,0,0,0
I watched the Lego thing with my 7 year old cousin and I was surprised at how quickly I became invested in it.,0,0,0,0,1,0
The monster!,0,0,1,0,0,0
you beat me to it. Take your fucking upvote,0,0,1,0,0,0
>It's not that I care Every reply now is you crying about being downvoted lol,0,1,0,0,0,0
"I'm so happy for you and so, so, so proud of you. It's HARD to talk to your doctor about this stuff.",1,0,0,0,0,0
Being a [NAME] is no different from being a [NAME]. Both have caused genocides. I hate how our society only focuses on one though!,0,0,0,0,0,1
Constantly worrying about her and not feeling pleasure without her presence could be. You need to talk to a therapist.,0,1,0,0,0,0
I wonder if the formal letter from the psychiatrist will help if cops just decide to shoot her first :(,0,0,0,0,1,0
Yeah! We should have given him justice by believing in claims with no merit! Yeah. Btw. [NAME] raped me 30 years ago! Get him!,0,1,0,0,0,0
I had one of those... my cat broke it.,0,1,0,0,0,0
The ruling class doesn't care. Their only goal is to plunder and loot the country for their own financial gain.,0,0,0,0,0,1
"Funny enough, I'm a Braves fan from CT whose main football team is the saints... So I don't like this post one bit. ",1,0,0,0,0,0
I live in those unfortunately,0,1,0,0,0,0
The fact that you think like this is terrifying.,0,0,0,1,0,0
U dumb.,0,0,1,0,0,0
"[NAME] damn it, I knew something was wrong, oh well.",0,0,1,0,0,0
You were shot by a Vigilante!,0,0,0,0,1,0
That made me laugh and if my mum’s mind was still here she’d laugh too!,1,0,0,0,0,0
It's practically non existent. Im mostly afraid to initiate a hug because I'm afraid I don't know/forgot how to hug.,0,0,0,1,0,0
It's sad that nearly everything seems ok as long as [NAME] told you to do it.,0,1,0,0,0,0
"The happiest of birthdays to you, [NAME]!",1,0,0,0,0,0
Imagine ur mom doing that I’m crying,0,1,0,0,0,0
wow I think you've really got her now,0,0,0,0,1,0
"Problem is, it is Bantam and younger. I can teach breakouts easy enough and I don't need a panicked D zone to do it.",0,0,1,0,0,0
Happy birthday [NAME]!,1,0,0,0,0,0
Oh thats weird. It opens the google maps app installed on my phone so i dont have that problem.,0,0,0,0,0,1
i thought it was very coincidental that i was listening to 808’s while doing this bullshit and that this question popped up unexpectedly. made me smile,1,0,0,0,1,0
Yes that was abuse.,0,0,1,0,0,0
I know a dozen local school administrators. What the hell are you talking about?,0,0,1,0,0,0
"Happy to not only have the same birthday as him, but to also have a ball he threw into the stands after the middle of the 9th inning. ",1,0,0,0,0,0
You sick fuck it has heads and arms we can’t eat that.,0,0,1,0,0,0
I have no friends.,0,1,0,0,0,0
Wanna trade lives? I'd gladly take normal height with hair and have the same experience.,1,0,0,0,0,0
Can't believe people like this actually exist.,0,0,0,0,1,0
Shut yer mouth libtard and get yer MAGA on! /s,0,0,1,0,0,0
This is a weird thing to be concerned about.,0,0,0,0,0,1
Of fucking course it is...,0,0,1,0,0,0
Had surgery at 3mnths old to fill a pinhole in my back (spinabifida) Cutting myself after some severe postpartum depression,0,1,0,0,0,0
*wrap* happy birthday,1,0,0,0,0,0
okay I just checked and OMG IT's SO TRUE (mostly) I really am a [NAME] <3,0,0,0,0,1,0
That...felt good...can I cry on your shoulder?,0,1,0,0,0,0
"I like [NAME] so far, but I know I'm alone in that.",0,1,0,0,0,0
"The third was fun with the [NAME] & [NAME] banter, but my vote still goes to S1 for being mostly faithful.",1,0,0,0,0,0
Just got back from Orlando to Chicago yesterday. I have a good feeling about this one!,1,0,0,0,0,0
"I do that on my boyfriend too haha, super soft and makes me feel safe! Maybe we are all crazy",1,0,0,0,0,0
They wanted [NAME] to be in the cameo and both to wish her happy birthday as specified in the order,1,0,0,0,0,0
You crush them up,0,0,1,0,0,0
hey at least you've got a friend group chat,1,0,0,0,0,0
Well I mean this game is so stupid in a lot of ways tbh,0,0,0,0,0,1
"Blizzard was working with Activision long before Hots. I'm afraid its too late now, to divorce.",0,0,0,1,0,0
YOU BLEEPING NEED ME! YOU CAN'T MAKE THIS SUB GREAT WITHOUT ME!,0,0,1,0,0,0
"I walked 500 miles and then I walked 500 more, you can’t relate to my pain 😤",0,1,0,0,0,0
surprise surprise! cbs loves this phony old wannabee,0,0,0,0,1,0
Wow calm down,0,0,0,0,1,0
That Moment when you suddenly find yourself in a 3 minute starring contest,0,0,0,0,1,0
I'm afraid I'm gonna have to go with what he said about an hour ago. Unicorns. He just ruled out any sort of,0,0,0,1,0,0
So pure I'm smiling :),1,0,0,0,0,0
Im surprised those ebrats who tried to steal your step daughter's board didn't complain to the mom about it.,0,0,0,0,1,0
Wonder what the sub’s average age is.,0,0,0,0,1,0
Shocked we didn't take him back and plunk him in the minors.,0,0,0,0,1,0
[NAME] is getting very unhinged I almost feel bad for him at this point,0,1,0,0,0,0
I mean I like the park and I was surprised by that poll too,0,0,0,0,1,0
It’s really sad to see,0,1,0,0,0,0
"Translation: ""I have no argument so here's a rude comment"".",0,0,1,0,0,0
Oh my [NAME]...,0,0,0,0,1,0
I'm so afraid to weigh myself. I'm gonna have to do it soon though 😭,0,0,0,1,0,0
I’m as terrified of Mr. [NAME] just as much as any sane person but I don’t think we should *burn* him...,0,0,0,1,0,0
It's just sad; she was just nice and normal before she messed with her looks,0,1,0,0,0,0
I feel a little sad for her. That she thinks the only options or something to do is having kids. Fuck her tho.,0,1,0,0,0,0
BITCOIN SEND MONEY INSTANTLY (waits 6 months to get money and still praises site),0,0,1,0,0,0
Happy New Year.,1,0,0,0,0,0
That day was incredible.,1,0,0,0,0,0
Where is that damn SaLt LiCK,0,0,1,0,0,0
"Not one bit surprising, yet also not really a men’s rights issue",0,0,0,0,1,0
How dare you not find domestic abuse funny! /s,0,0,1,0,0,0
it's funny how conservatives always say that leftists get angry over everything when conservatives get angry over a starbucks cup or a brown man existing,0,0,1,0,0,0
Aaaand everybody got diarrhea. Thanks dummy,0,1,0,0,0,0
Burn through ALL THE DATA,0,0,1,0,0,0
"Not out of a trash can though, surely? That'd be disgusting.",0,0,0,0,0,1
Looks sick actually.,0,1,0,0,0,0
Gawd but [NAME] is a bitch.,0,0,1,0,0,0
That was fun,1,0,0,0,0,0
this is painful,0,1,0,0,0,0
Doesn't look like any 12 year old I've ever seen.,0,0,0,0,1,0
I've never seen a more adorable tumble,0,0,0,0,1,0
"Finally some good vibes in this sub, im happy for you man!!",1,0,0,0,0,0
Oh what a day! What a lovely day!,1,0,0,0,0,0
You guys really took this loss well. I'm stunned at how not-salty you minor leaguers are taking it. Totally not full of excuses and what-ifs.,0,0,0,0,1,0
That's some bitchy whore,0,0,1,0,0,0
I remember them looking very happy. I loved that they were there and seemed very happy about what was happening.,1,0,0,0,0,0
I just don’t like him 😂,0,0,1,0,0,0
U get an updoot from one sad person to another,0,1,0,0,0,0
Soon: Mass death of pink-skinned Aussies.,0,0,0,0,0,1
We gotta throw the whole world away,0,0,1,0,0,0
"Sadly, it was not",0,1,0,0,0,0
Yea I guess I did. I forget how popular the bulls brand is overall. I just hate when people call others dumb because they talk/tweet in slang.,0,0,0,0,0,1
Being in a 3 person friend group fucking sucks sometimes m8 I feel like the least loved a lot of the time,0,1,0,0,0,0
What did the dyslexic atheist insomniac do last night? He stayed up all night wondering if there was a dog,0,0,0,0,1,0
I love when you get the text afterwards - my last donation apparently saved a life in Cairns! Really cheered me up actually.,1,0,0,0,0,0
I am sorry but you have to accept your reality. Thare ain’t nobody here who can help you on this problem. Just call 병무청 ASAP,0,1,0,0,0,0
Makes me want to go shit on the doorstep of 540 Hampshire Street (Good2go HQ),0,0,0,0,0,1
One of the scariest things about being in a cult is that you don't realize you're in a cult.,0,0,0,1,0,0
"That weighs heavy on the heart, I’m so sorry for your loss",0,1,0,0,0,0
"Disturbing =/= awful. Its incredibly well done by a professional. I feel like this sub is more for unintentional awfulness, not purposeful shock value/ theatrical makeup.",0,0,0,0,0,1
"Fuuuck, brutal",0,0,1,0,0,0
Damn this was deep. Hope the best for you and you could really turn this into a short story or something of the such.,0,0,1,0,0,0
my favourite kind of cookies.,1,0,0,0,0,0
[NAME] lost her guitar canonically,0,1,0,0,0,0
"ahah I hadn't even thought of it until the scenario I mentioned above, so dont feel too bad.",0,1,0,0,0,0
(apparenlty) a lawyer sending incriminating text message to a paralegal. this has to be really bad lawyer...,0,0,0,0,0,1
"They're all bad enough to be lumped in to the same category? You either have very high standards, or none at all.",0,0,0,0,0,1
Ignorance is bliss,1,0,0,0,0,0
Left beer outside so I could make a cool picture for reddit. Please give karma.,1,0,0,0,0,0
Well fuck. Just glad to get the point outta that,1,0,0,0,0,0
I hate watching [NAME] play I can tell before he steps over half when he’s gunna shoot or pass. His BB IQ is atrocious,0,0,1,0,0,0
"Ahh damn! Gotta pay attention to that, never even knew!",0,0,1,0,0,0
"Somebody should make this a smaller video to share it around, this poor kid is going through a lot.",0,1,0,0,0,0
I’m sorry about your pup. At least between the two of them she won’t be neglected? I just feel badly for you.,0,1,0,0,0,0
Lol!!,1,0,0,0,0,0
"It was a few years ago now, I’m afraid I don’t have it or I would.",0,0,0,1,0,0
no do not destroy [NAME] pope and glorius god emperor will cry :((((,0,1,0,0,0,0
I feel so stupid. I’ve never made the connection between [NAME] refusing to play for SD and [NAME],0,0,1,0,0,0
"Which totally makes it less funny for a person like me who has never seen this before, and laughed. ",1,0,0,0,0,0
“Touch me again and I’ll kill you.” I’m low key blown away that The Last Boy Scout even *made* it to Australia.,0,0,1,0,0,0
I'm glad none of you are GM,1,0,0,0,0,0
Wow. I didn’t realize a simple medical term like obesity judged a person’s laziness and intelligence. 🙄,0,0,0,0,1,0
[NAME] isn’t a rocket scientist. I was surprised about the Thailand thing tbh I did expect it to be true haha.,0,0,0,0,1,0
"She is smiling in the picture and, to add insult to injury, seems pregnant in the video.... ",1,0,0,0,0,0
PUT THEIR BLINDFOLDS BACK ON!!!,0,0,1,0,0,0
Suffering from success...,0,1,0,0,0,0
Of course. Just know that I know that you know you're a liar.,0,0,1,0,0,0
Calm down. What the hell. I just tryed to tell you that there MEIGHT be a different side to that story.,0,0,1,0,0,0
Report her to the police. Physical threats are a no-no.,0,0,0,1,0,0
This is so scary but true,0,0,0,1,0,0
Honestly scared to see what happens,0,0,0,1,0,0
I guess I am totally alone but I am really enjoying the audiobook and haven’t had a single complaint. I’m half way through now,1,0,0,0,0,0
My grandmother-in-law does this. I’m sorry to anyone in the Va Beach area.,0,1,0,0,0,0
That poor snek :’(,0,1,0,0,0,0
"I hate the argument too. It betrays and exposes the violent, primitive ape amygdala response that is most Human social interaction. ",0,0,1,0,0,0
I'm scared because we don't really have any isolation scorers right now.,0,0,0,1,0,0
"Not one single figure anywhere to be seen. Reminds me of auld Soviet propaganda. ""The harvest is up"" ""People happier than ever""",1,0,0,0,0,0
"Tbh I've never found the porn ads arousing, I've usually found them annoying, stupid, really clickbaity, or hilariously cheesy",0,0,0,0,0,1
"You guys are heartless, smfh.",0,0,1,0,0,0
"It was a bad one, and you should feel bad. ",0,0,0,0,0,1
So PST it is. Glad we agree.,1,0,0,0,0,0
this off season is dark and full of terrors,0,0,0,1,0,0
that's an adventure!,0,0,0,0,1,0
I can hardly hear you over those goal posts moving! Ahhhh the facts! They hurt! They hurt so bad mama!,0,1,0,0,0,0
Ooooh wow. 😆,0,0,0,0,1,0
No. You have to have killed her due to negligence or the like. Manslaughter is essentially the crime of accidentally killing someone because you did something careless.,0,0,0,0,0,1
Praise [NAME] your taste is bad /s,0,0,0,0,0,1
[NAME] i feel personally attacked,0,1,0,0,0,0
I'd be shocked if he knew much of anything about the EU.,0,0,0,0,1,0
People are legitimately monsters.,0,0,1,0,0,0
"You mean Ichigo/Nero/Black Ranger/I'm a Frog. Did not know that [NAME] voiced [NAME], but it does exsplain why he sounded so familiar.",0,0,0,0,1,0
Poor crack baby 😥,0,1,0,0,0,0
"I am now sad the latest Thief was so mediocre, because the actual City the game took place in was a great little world.",0,1,0,0,0,0
"I got matched with the best [NAME] in the world today, it was well fun. Felt happy to win a round ahaha.",1,0,0,0,0,0
This looks like don't hug me I'm scared,0,0,0,1,0,0
Nice! I'm glad there was a great turnout. Congrats!,1,0,0,0,0,0
Me thinks this crosses the line of dignity. Makes me sad. It’s one thing to expose things but another to mock it.,0,1,0,0,0,0
That's the worst urinal ever.,0,0,0,0,0,1
"I didn’t like him before this, now I really don’t like him. ",0,0,1,0,0,0
TIL that [NAME] is a guy.,0,0,0,0,1,0
Wow! I didn't even know there was a handball world championship.,0,0,0,0,1,0
"But terrible people is my ""type""",0,0,0,1,0,0
OH MY [NAME],0,0,0,0,1,0
Who is your least hated and absolute worst? (Outfit based only),0,0,0,0,0,1
[NAME] IS SO OLD HIS FAVORITE ROUTES ARE TO THE CVS AND CRACKER BARREL.,0,0,1,0,0,0
I'm sorry that happened to you. You planned a awesome day that I wouldve loved celebrating with you. Happy Birthday,0,1,0,0,0,0
"The Right: ""Why won't the left let us rape, abuse and brainwash children without putting their liberal noses where they don't belong.""",0,0,1,0,0,0
Oh wow Thats definitely something,1,0,0,0,1,0
You want forgiveness? Stop spamming.,0,0,1,0,0,0
This is so creepy. Good riddance to awful rubbish.,0,0,0,0,0,1
"He has actively lied about and misrepresented Canadian laws and legislation, even after he's been corrected. ",0,0,1,0,0,0
"If you need to vent or anything, let me know. I'd be glad to chat or even just listen, whatever helps. Stay strong!",1,0,0,0,0,0
FUCK TAMPA. FUCK TORONTO. WE WINNING THE MOTHERFUCKING CUP,1,0,0,0,0,0
Yeah wat a fucking knob right? Fucking nick...,0,0,1,0,0,0
What a sad post. I cannot believe people actually follow their advice.,0,1,0,0,0,0
Is this a real thing!?! (I am clearly very sheltered),0,0,0,0,1,0
He is holding you hostage. Sad state of affairs.,0,1,0,0,0,0
My pleasure ☺️ hope you enjoy! She seems very sweet.,1,0,0,0,0,0
"Actually surprised it's still going. It was fairly fun from what I remember, albeit a bit rough around the edges.",0,0,0,0,1,0
Originated joke by:,1,0,0,0,0,0
And unfortunately videos like this act as a constant reminder that most people are complete dumbasses. Sad really.,0,1,0,0,0,0
"Yes, they suck for making a profit off of people who are proven to be high risk. How dare they!",0,0,1,0,0,0
I discovered this show on the cnn docuseries about the nineties. What a terrible idea for a show 😂😂,0,0,0,1,0,0
And if that's the case then there is no helping him. It sucks that those people can't be helped,0,0,0,0,0,1
What a poor woman who only wanted to tell someone what to do.,0,1,0,0,0,0
[NAME] fucking christ. When [NAME] came into the league he was pretty much as skinny as [NAME] is now. And look at the dude now.,0,0,0,0,1,0
"The fact that ""TrueChristian"" and ""TrueChristianity"" are so [RELIGION] is extremely telling. The faith is dishearteningly fractured...",0,1,0,0,0,0
Just the name of it gives me anxiety,0,0,0,1,0,0
I just never felt like a boy. I hate my body and I just feel like I can't express myself for who I am.,0,0,1,0,0,0
"That's awful. If I were a celebrity, I would probably do the same.",0,0,0,0,0,1
Happy birthday!,1,0,0,0,0,0
Surprisingly all of my family keep their toasters on the work top despite being [RELIGION]/Unionist ?,0,0,0,0,1,0
"The best feeling ever was when class was over and it never got to your turn, so you didnt have to present until the next day",1,0,0,0,0,0
Yikes on the sauce!!,0,0,0,0,1,0
Someone who’s to sad and empty to care about toast... me I guess?,0,1,0,0,0,0
yesterday was a fucking travesty to the game of basketball,0,0,1,0,0,0
"It's a last resort when I forget my iPod, I swear",0,1,0,0,0,0
That’s a new level of blonde I never knew existed!,0,0,0,0,1,0
"Usually it's not entertainment, it's mostly curiosity and fascination. Like when you see something horrible, but can't turn your eyes away.",1,0,0,0,0,0
"We had a baby, it's hard to find the time to take them down.",0,1,0,0,0,0
"I just came home, what the fuck is this lineup? I love you [NAME] you mad bastard !!!",0,0,1,0,0,0
Unnecessary. This was painfully obvious,0,1,0,0,0,0
I wonder how many didn't get the joke,0,0,0,0,1,0
I won't stop crying 😭,0,1,0,0,0,0
"MOTHERFUCKING FLYING MONKEYS, AHHHHHHHHGHGHHH!!!!!!!!!!!!",0,0,1,0,0,0
"I'm sorry you had a bad experience, that's horrible. But that number saved one of my friends lives. Different for everyone",0,0,0,1,0,0
"Now is the fun part, where you try to maintain this lifestyle.",1,0,0,0,0,0
"I thought it was something about the dog not smelling your drugs, but now i'm just sad that you didn't get to pet it :(",0,1,0,0,0,0
It was stupidmancostume,0,0,1,0,0,0
"Lack of content, which led to shipping wars, which destroyed everybody’s minds, which created this.",0,0,1,0,0,0
I am so happy that sub exists,1,0,0,0,0,0
I feel sorry for her son that must have been super cringe,0,1,0,0,0,0
Just stop.,0,0,1,0,0,0
I hate these cakes so much.,0,0,0,0,0,1
I’m happy I could help. Let me know if it works,1,0,0,0,0,0
"Oh like ""both of."" Gotcha. Good times",1,0,0,0,0,0
This is on a video about electric guitars what the fuck?,0,0,1,0,0,0
"Good catch. I guess I was just remembering the shift after the first debate. That's pretty sad, tbh. ",0,1,0,0,0,0
I was flabbergasted when I saw it.,0,0,0,0,1,0
I feel that nobody cares and nothing will be different because this is a total non issue for vast majority of people.,0,1,0,0,0,0
That's really creepy. What is crazy is that 9 year old's get cell phones now! Times have certainly changed :p.,0,0,0,0,1,0
Oohhh so you go to school on a military base? Is your mom or dad in the military or both?,0,0,0,0,1,0
If she canf even protect herself what the fuck is she doing in a business that protects others.,0,0,1,0,0,0
What a shit twat,0,0,0,0,0,1
Understood - PM was all gears and no downtime. Last thing I would want is another bloody job like that. Cheers,0,0,1,0,0,0
I’m definitely leaving him. I have a 0 tolerance for cheating and won’t be staying for it to happen again,0,0,1,0,0,0
"That does suck. I’m sorry. Having recently been ghosted by someone who I thought was a very close friend, it’s a terrible feeling",0,0,0,1,0,0
Thank you for that :) I'm not OP but I am really happy to read your comment.,1,0,0,0,0,0
I'm always happy to have you in my box.,1,0,0,0,0,0
"Awe, poor baby. ",0,1,0,0,0,0
It *feels* unethical?,0,0,0,0,0,1
Hard to follow after reading his post history. Says he is divorced...,0,1,0,0,0,0
"This exact scene, as a matter of fact, haha.",1,0,0,0,0,0
Oh my [NAME].,0,0,0,0,1,0
Sadly I think this is true & maybe this is the incentive adults need to get into action,0,1,0,0,0,0
"That guy was beyond cringe, it was creepy",0,0,0,1,0,1
I was surprised too,0,0,0,0,1,0
Not even polite if they're driving. The road rage here is terrifying.,0,0,0,1,0,0
I'm glad to see when people succeed! I'm very happy for ya and life is going uphill which is always a great sign,1,0,0,0,0,0
i am shocked... SHOCKED I TELL YOU!,0,0,0,0,1,0
"Unfortunately I'm guessing their toxic attitude will alienate them from others, which will only make them more angry and resentful.",0,0,1,0,0,0
i hate furries,0,0,1,0,0,0
#Fuck the cowgirls & iggles,0,0,1,0,0,0
"DEAD DUCK INSIDE DO NOT EAT. Well, I’m not sure what I expected. ",0,0,1,0,0,0
"[NAME] “ I’m afraid if I don’t have money she’ll leave me”. Yuh, you’re exactly right [NAME].",0,0,0,1,0,0
"I was honestly shocked when they denied an overpayment, especially since after the charges cleared it would have been a $0 balance.",0,0,0,0,1,0
I don't think eating 4chan pizza is a good idea. Unless you're into some weird shit.,0,0,0,0,0,1
So happy I bought a PC. If you’re looking for a better experience across ALL games I suggest you do the same.,1,0,0,0,0,0
Wow... drug smugglers will always find a way I guess. I bet that took a ton of work,0,0,0,0,1,0
"holy shit that person is a fucking asshole, talk about a huge red flag for your stepbrother.",0,0,1,0,0,0
Hello. I’m sorry you’re going through that. Why do you think it’s impossible to leave?,0,1,0,0,0,0
we are scared on /r/bengals rn,0,0,0,1,0,0
I mean it sucks but that man looks deaded,0,0,0,0,0,1
Anyone else see her 10 year challenge post today or yesterday. I'm so shocked she wouldn't pick this picture.,0,0,0,0,1,0
He has the maturity of a 2 year old and you are right...ugly in his soul.,0,0,0,0,0,1
That dog was so happy I thought he was gonna start flying like tails the fox in sonic,1,0,0,0,0,0
>it tasted horrible to use. Eating some of that right now. No regrets.,0,0,0,0,0,1
The line the reviews were not positive made me laugh for some reason.,1,0,0,0,0,0
I deserved it. I'm a garbage cumslut. He owned me and he took his property.,0,0,1,0,0,0
"What an awful video. I just wanted to see the jump in real time, not 10 cuts of the start, followed by 1 slomo finish.",0,0,0,0,0,1
Ditto this. Happy hour after work is nice and low-commitment.,1,0,0,0,0,0
Don't forget about the flooding in Houston. :/,0,1,0,0,0,0
I like turtles.,1,0,0,0,0,0
Sounds hella aggressive. You can say the same thing while being nicer about it.,0,0,1,0,0,0
"Ironically, everyone else (except a v small%) are thinking the same, try keeping this in mind next time.. enjoy your day",1,0,0,0,0,0
im still starving,0,1,0,0,0,0
Oh no.,0,0,0,0,1,0
Yeah I don't mind the odd hunter or a daddy long legs but fuck those red backs. And whitetails Those cunts are vicious as all hell,0,0,1,0,0,0
That poor janitor.,0,1,0,0,0,0
"Personally, I assume that those who claim NOT to be deprived in this way are just adept liars. That's how deprived I am.",0,1,0,0,0,0
Wow starters before 6 min mark?? Insane,0,0,0,0,1,0
Name one thing this person in power has said or done that’s racist. This should be fun..,1,0,0,0,0,0
Wow. Good thing [NAME] are known for having ample savings since our country treats the average worker so well.,1,0,0,0,0,0
Surprised he didn’t get hit with a random drug test,0,0,0,0,1,0
He's a hypocrite like everyone else in his family and party.,0,0,1,0,0,0
"Shit, I lost the original page. Please forgive me.",0,1,0,0,0,0
She's a piece of work. I'm glad you're reporting your account issues.,1,0,0,0,0,0
Could be worse. At least he's not the guy who wrote the Witcher books LOL.,0,0,0,0,0,1
"Ah yes. Recursion. The backbone of Marxist theory. Glad you brought it up, chap",1,0,0,0,0,0
Except [NAME] is worse,0,0,1,0,0,1
I fucking love New Years day with the Hawks playing in the Winter Classic,1,0,0,0,0,0
Definitely surprised we took out [NAME] there. We needed to finish the quarter strong and it went straight to shit when he left.,0,0,0,0,1,0
Thanks! I’m Excited To See How This Meme Become In The Future!,1,0,0,0,0,0
Wow no wonder everyone is driving mopeds around. That's all there's room for.,0,0,0,0,1,0
Welcome! I'm a fellow INTJ-A female. Was also lonely for a long time. :) It's great to feel home!,1,1,0,0,0,0
"I mean, I’m an occasional monarchist myself. That doesn’t mean I’m under some delusion that it’s a fix all.",0,0,0,0,0,1
Poor [NAME] doesn't deserve that!,0,1,0,0,0,0
"Yup, cats can you think it could get the correct call. The US and holy shit how do you know there are too brittle.",1,0,0,0,0,0
I will take it a as serious question. Sorry. I am in Europe,0,1,0,0,0,0
"Yes, I've had this fear. It's even worse when you *don't* say goodbye and then it's the last time you see them.",0,0,0,1,0,0
He was aggrieved that people didn’t recognize him and recognized steroid users instead.,0,0,1,0,0,0
"This live meet the queens is awkward AF, I’d rather them produce this and make us watch nicely edited stuff.",0,0,0,0,0,1
[NAME] just think of how overworked her liver and kidneys must be!!,0,0,0,0,1,0
Sorry I failed to mention I'm relatively new to the scene . Last 2 years only,0,1,0,0,0,0
Same here. It’s very hard. I really feel for you.,0,1,0,0,0,0
I was thinking it’s sad that a team that hasn’t had a FRP for what seems like a decade has a better record than us.,0,1,0,0,0,0
"The truly great thing about this is how he looks down, disgusted, as if the comment were down there 😂",0,0,0,0,0,1
poor [NAME] is in jail now for assassination.,0,1,0,0,0,0
I would love to get microblading but its so iffy about if it’ll be good or not. I’ve seen a lot of terrible turn outs,0,0,0,1,0,0
I think it it would have been even worse if that was the case,0,0,0,0,0,1
I hate text speak . Do you really want to dumb down your argument more than you need to?,0,0,1,0,0,0
#OMG TERRIFYING!!!!,0,0,0,1,0,0
I'm mad at the process and happy with the results for Thrill tonight.,1,0,0,0,0,0
"[NAME] is a sensitive topic for me, so when she is brought up, sometimes I just go on a little tangent. My apologies. ",0,1,0,0,0,0
I hope all my muscles cringe so spastically all my joints come loose and I collapse into a writhing agonized pile of blood and meat.,0,1,0,0,0,0
Oooo too soon man,0,0,0,0,1,0
10/10 reading. I don't care if it happened this way or not. I was sufficiently entertained!,1,0,0,0,0,0
"This is most excellent news! Also, glad to know he went on to work somewhere like Google.",1,0,0,0,0,0
Huh. Siege is still a thing. I miss the old days. :(,0,1,0,0,0,0
[NAME] sounds happy to be back! So glad we have the full crew today!!,1,0,0,0,0,0
If you just slam on the brakes and accommodate these assholes they usually don't even realize they've done anything wrong,0,0,1,0,0,0
"In that case, I’m appalled. ",0,0,0,1,0,0
"I would think terrible, awful things.",0,0,0,1,0,0
This must have been the fastest reply I've ever gotten omg,0,0,0,0,1,0
It’s been over 20 years since I rode the 15. I’m still traumatized.,0,1,0,0,0,0
Made my day,1,0,0,0,0,0
Some additional background the robo-voice on that video is horrible.,0,0,0,1,0,0
Oh no the poor man,0,1,0,0,0,0
I was inspired by your post to grab a thing of Greek yogurt with pineapple I've got in the fridge. Hell yeah.,1,0,0,0,0,0
No problem. I'm happy to know it's not what you meant.,1,0,0,0,0,0
well i’m proud of you and that’s awesome,1,0,0,0,0,0
"Sorry, is Russia depicted in the cartoon?",0,1,0,0,0,0
"Glad it finally made it.. I was beginning to think ""[NAME], I hope this guy doesnt think I welched on the bet"". LOL",1,0,0,0,0,0
Makes it even weirder that she now hates America,0,0,1,0,0,0
this is such a happy video,1,0,0,0,0,0
I would stay away from [NAME]. Apparently his injury got infected and will require more surgery/surgeries,0,0,0,1,0,0
"I could go, but honestly, it is the worst place on earth. I have 0 desire to do it.",0,0,0,0,0,1
That sounds terrible.,0,0,0,1,0,0
"I am sorry that you are experiencing such deep suffering and such pain. You matter in this world, and we would all be diminished without you.",0,1,0,0,0,0
"Hey if any are left, I'd like to happily donate!",1,0,0,0,0,0
Laws don’t apply when you’ve got money. Sad but true.,0,1,0,0,0,0
I’m scared to fall asleep——-,0,0,0,1,0,0
Once we win week 1 next season this sub will turn around lol,1,0,0,0,0,0
That’d be lovely. Although now I have to root for AD to the Lakers which makes my chest hurt,1,0,0,0,0,0
Wonder how many people are walking around with slimey noses trying to figure out if this does work.... Besides me that is,0,0,0,0,1,0
It's beyond evil. It is pure demonic when it's that pure sadism and vile sick torture. I hate them guys.,0,0,1,0,0,0
"We know Verb. Wait a minute, you’re not Verb!",0,0,0,0,1,0
I’d gladly,1,0,0,0,0,0
I’M HOT ALL THE TIME :( pre-pregnancy I was cold a lot. This is worse.,0,0,1,0,0,1
"You shouldn't have been leaving anyway, witch. Go write a funding bill. You know... do your job.",0,0,1,0,0,0
That ending made me so fucking happy. Fuck that guy. Congrats to you.,1,0,0,0,0,0
"Think you're pretty funny, don't you, freak?",1,0,0,0,0,0
"I can only download games using SteamCMD at work at the moment, so yeah, glad I could buy it before the shutdown",1,0,0,0,0,0
"take up english sometime, you might enjoy it.",1,0,0,0,0,0
Absolutely terrible. But wholesome aswell.,0,0,0,1,0,1
"Wow, that really hurts coming from a demented troll sockpuppets brigading me on this sub",0,0,0,0,1,0
An entire family gone within minutes... how absolutely heartbreaking.,0,1,0,0,0,0
I put so much thought into things that often I trigger myself unintentionally. I can be hurt before something has a chance to happen.,0,1,0,0,0,0
"I still enjoy the content here sometimes, but....finally! This post nailed it.",1,0,0,0,0,0
His left hand is mightily fucked.,0,1,0,0,0,0
If they add the yellow boots I’ll be happy. I really like this suit,1,0,0,0,0,0
"Whoa, settle down big texter!!!! Not even sure how that happened?",0,0,0,0,1,0
I'm 21. I've entered adulthood and I even have to face negative comments from family members. Adulthood won't save me.,0,1,0,0,0,0
Lindt don’t fuck about,0,0,1,0,0,0
[NAME] 12 min long? That other 1 min video spoiled me.,0,0,0,0,1,0
"I’m a crybaby now, but I’m so happy to see happiness",1,0,0,0,0,0
Welcome to the hype train. hahhaha,1,0,0,0,0,0
Wow did you really just scam me😔,0,0,0,0,1,0
"Are you implying that I can not determine guilt by seeing a person's skin color and tense smile, you fucking racist?",0,0,1,0,0,0
Meth is a hell of a drug.,0,0,1,0,0,0
"All. I too, am drunk, and will be enjoying half price burgers at Whitlow's once my appetite kicks in. ",1,0,0,0,0,0
I still hated the system though. I felt penalized for using anything that wasn't the power beam the entire game.,0,0,1,0,0,0
Just hearing that thing's carapace sliding around and it's feet hitting the ground would make me vomit.,0,0,0,0,0,1
This. Making my animals happy is one of the only things that makes me happy.,1,0,0,0,0,0
You are oddly defensive about a random chef. Did you come to /r/wewantplates just to insult people and build up this chef? [NAME],0,0,1,0,0,0
"I might be interested, been playing 5e in a couple campaigns now, happy to talk further!",1,0,0,0,0,0
Why the hell do we sit trae in crunch time we probably won't win. Give him the XP. Very frustrating.,0,0,1,0,0,0
"Even with their new location around the corner, they are still incredibly awful. By far the worst [NAME]. ",0,0,0,0,0,1
"[NAME], [NAME], [NAME], and [NAME] all at top tier make me happy",1,0,0,0,0,0
Ireland because Ireland. Not me but i did something pretty scary.,0,0,0,1,0,0
Now you’re repeating yourself. Boy bye #wasteoftime. Have fun trying to call this company and their products bunk when everyone loves them haha,1,0,0,0,0,0
Aw thank you! Glad you enjoyed it :),1,0,0,0,0,0
How is this the epitome of slavery? Nobody is forcing you to do this. Stop being dramatic.,0,0,1,0,0,0
> traffic through there in the summer is awful because that’s where everyone wants to be. your life starts to revolve around bridge time.,0,0,0,0,0,1
"Yeah like ""oh yeah? No shit?""",0,0,1,0,0,0
"Hope you don't touch the menus, they're the filthiest thing in any restaurant. ",0,0,0,0,0,1
Im glad youre going to be a perfect parent who never makes any mistakes. Make sure you write a book!,1,0,0,0,0,0
"Love it! It’s somewhat realistic. Maybe not that THAT degree, but I enjoyed it.",1,0,0,0,0,0
Glad you liked it!,1,0,0,0,0,0
"*Dread it, run from it* *[NAME] still arrives*",0,0,0,1,0,0
"Eeeee busted, I couldn’t help myself hehe. ",1,0,0,0,0,0
No it wouldn't you dumbass,0,0,1,0,0,0
Where are [NAME] and [NAME]??? Time to kick some butts!,0,0,1,0,0,0
Too late with having it back. I really did'nt have much back then. So I had a really hard time too.,0,1,0,0,0,0
Congrats to you,1,0,0,0,0,0
"Spoiler alert, it's terrifying and depressiong",0,1,0,1,0,0
"It is honestly just garbage, I'm surprised they're allowed to be ads",0,0,0,0,1,0
"This is very [serious], how dare you guys mock this [serious] science?!",0,0,1,0,0,0
I miss you big strong daddy,0,1,0,0,0,0
Sounds pretty typical from Toyota really. Been hearing the same story from too many people. Sad really because they were always the best.,0,1,0,0,0,0
I swear if it's the Cowboys and the Patriots in the Super Bowl I'm going to burn something down.,0,0,1,0,0,0
Oh my gosh!!!!!! 😂 you poor thing! Thanks for sharing!,0,1,0,0,1,0
"Oh god, [NAME] is terrible. My kid loves it though, and Dr [NAME]",0,0,0,1,0,0
What an ass. I almost downvoted this out of anger.,0,0,1,0,0,0
I think it was a one time thing because they still go for a lot more. I got lucky.,1,0,0,0,0,0
"I enjoy the harsh throat hit, reminds me of cigs. Edit: Mango is still my favorite though.",1,0,0,0,0,0
I once had a guy yell something obscene from the window of his truck and throw a half full beer can at me too... good times,1,0,0,0,0,0
"Been spamming [NAME] in gold/plat elo, nashors into lich bane then hourglass is disgusting if you play it right.",0,0,0,0,0,1
Finally got this in the mail today. I'm pretty excited. My favorite ballplayer.,1,0,0,0,0,0
Damn i am sad that got deleted,0,1,0,0,0,0
I'm still surprised this thing is only 2 Lanes in each direction,0,0,0,0,1,0
"If the kid knew what she had on her mind, he's been corrupted way too young..",0,0,0,0,0,1
Fuck these calls,0,0,1,0,0,0
this sort of creativity is awesome to see. play calling done right. chargers going to stomp the pats this weekend,1,0,0,0,0,0
I’m shocked at how big that defeat is.,0,0,0,0,1,0
"Wait, WHAT?!?!",0,0,0,0,1,0
"Oh wow, I feel bad for the parents, they had no idea",0,1,0,0,0,0
"I dont mind these people dying, what bothers me is that some random bystander could be smashed by this guy should he fall",0,1,0,0,0,0
"Pretty good, but I would put the bishop on B4 so that the Knight will be in danger of the queen after taking the bishop.",0,0,0,1,0,0
And the human babies - don’t forget them! Totally wicked! Sad!,0,1,0,0,0,0
I’ve never heard of this before. That’s awful.,0,0,0,0,0,1
It never ends well,0,1,0,0,0,0
That's the worst possible outcome,0,0,0,0,0,1
Fuck sake man,0,0,1,0,0,0
I spent the entire time trying not to yell at the TV. [NAME] and [NAME] can fuck right off.,0,0,1,0,0,0
Screw them. We do what we have to do to get our kids to eat.,0,0,1,0,0,0
so painful to watch ugh im excited for trade szn,0,1,0,0,0,0
Where did you get those tunnels? I love them and would like some myself!,1,0,0,0,0,0
And then in a weird twist her family tries him for murder. Haha!,0,0,0,0,0,1
"Wow,29 turnovers. Something to talk about",0,0,0,0,1,0
"Yeah, I’m at the dh store. so it’s far but not that far. People really are horrible. ",0,0,0,1,0,0
I'm glad he's still watching,1,0,0,0,0,0
Fuck your opinion apparently,0,0,1,0,0,0
My name is [NAME] too. It's so strange hearing my favorite bravolebs say it on TV.,0,0,0,0,1,0
The absolute worst!,0,0,0,0,0,1
Wow! What are the odds of that!?,0,0,0,0,1,0
I love how people complain about too many midfielders yet still want [NAME].,1,0,0,0,0,0
I’m doing married. Sorry.,0,1,0,0,0,0
Could have been worse if a piece of metal exploded into him instead harmlessly on the beach,0,0,0,0,0,1
Mental illness. Operation on 7 people in a manic state . Four of them died. All his money was gone and his rich friends abandoned him.,0,1,0,0,0,0
Worrying about [NAME] during a game is ridiculous. Especially when he's currently 6-11 from the field.,0,0,0,1,0,0
One of the more disgusting virtue signals I've seen,0,0,0,0,0,1
"Oh, it’s you again. Here: ",0,0,0,0,1,0
"Lifesite “News” doxxed him. That website is just pure hatred distilled, it’s disgusting.",0,0,0,0,0,1
now I kinda wish [NAME] wasn't an imaginary cartoon character because this would actually be fun.,1,0,0,0,0,0
I hate betting unders.,0,0,1,0,0,0
Dude. Same. That would just be... Devastating.,0,1,0,0,0,0
>![NAME]. Apologies to the Hiyoko Best Girl gang but I could never get myself to like her...!<,0,1,0,0,0,0
"The shocking thing about this all is that she seems to be British born. I'd expect this from immigrants, not those born in the UK.",0,0,0,0,1,0
I enjoyed the 1:50 seconds of this person going about their day uneventfully,1,0,0,0,0,0
"Fuck the people that couldn't make rent, pay bills or medical costs because of the shutdown, right?",0,0,1,0,0,0
Cool story bro!,1,0,0,0,0,0
I'm elated to hear that 🤗,1,0,0,0,0,0
Fries with vinegar sound completely awfull,1,0,0,0,0,0
I can't believe [NAME] is considered an mua and he can find match his foundation lmao,0,0,0,0,1,0
no its amazing.,0,0,0,0,1,0
So edgy.,0,0,0,1,0,0
I just mean symbolically it's weird to call your own flesh a 'blanket'.,0,0,0,0,0,1
where’s that tashy bastard,0,0,1,0,0,0
This is the bus station way outside the city center and nowhere near the sea Edit: Unfortunately Turkey does lack aesthetic appeal outside Istanbul tourist areas,0,1,0,0,0,0
I dare each or any of you fuckasses to try and blame [NAME] for this one,0,0,1,0,0,0
Don't worry about stupid people and you do whatever you want. Screw them kind of people.,0,0,1,0,0,0
I regret my psycho ex. Does that mean I was raped? Or do the rules not apply because I'm a man?,0,0,1,0,0,0
"Nah, some cake sniffers were enjoying the books way before.",1,0,0,0,0,0
What a sweet “welcome to your new home!”,1,0,0,0,0,0
"Mate just go out and get yourself a steak dinner, you will enjoy it much more than Artifact.",1,0,0,0,0,0
Aw bummer. She lost her screenshot of the copy of a copy of bullshit articles handwritten in 1992. Somebody help a girl out.,0,1,0,0,0,0
Tell him he needs to go to rehab or he’ll be kicked out.,0,0,1,0,0,0
I'm speechless.,0,0,0,0,1,0
Oh. That is unfortunate,0,1,0,0,0,0
Be happy because I won't be short anymore one day,1,0,0,0,0,0
Now this I like.,1,0,0,0,0,0
It's like muricans don't want to protect their own jobs and are happy to become low-wage dump and burn workers for the owning class.,1,0,0,0,0,0
You were inebriated and eating ratshit.,0,0,0,0,0,1
Make a doctor's appointment and say you are experiencing lack of sleep because of anxiety. Doesn't get easier.,0,1,0,0,0,0
I’ve tried a few times on mobile and it never works for some reason. Edit: just logged on at work and fixed it. Feels good,1,0,0,0,0,0
>recommending Elite mode to first time players My stomach turns in disgust,0,0,0,0,0,1
I think it's ridiculous that we continue to pay taxes to fund paychecks that federal workers aren't receiving.,0,0,1,0,0,1
This is really scary. The saddest about this is i really think it will be possible quite soon. :(,0,1,0,1,0,0
How dare they ask me to be a good person! I'll show em!,0,0,1,0,0,0
That looks disgusting.,0,0,0,0,0,1
Oh I hate him even more now.,0,0,1,0,0,0
Wow yeah similar to my story what a nightmare :(,0,0,0,0,1,0
I’m glad to see [NAME] finally get the big screen presence they deserve.,1,0,0,0,0,0
It's a superfund site with a couple of inches of topsoil on it. Have fun with your cancer dummies.,1,0,0,0,0,0
If that mask could talk it would beg someone to end it's suffering.,0,1,0,0,0,0
Because this is a poorly run franchise. This is a bad team.,0,1,0,0,0,0
You people are awful. Those are *Haggisus Australis*. They're a protected species!,0,0,1,0,0,0
This is how you get an armed revolution....,0,0,0,0,1,0
and [NAME] got blessed with a LocationBot cat fact?! There is no justice in the world...,0,1,0,0,0,0
"What a very ""centrist"" thing to say. ",0,0,0,0,1,0
for me it was def the egg yolk. i’m pouting as i reluctantly eat it.,0,1,0,0,0,0
How are they assholes?,0,0,1,0,0,0
I too rationalize how bad my my ex-girlfriend is now that she's gone. 8(,0,1,0,0,0,0
"Yeah I'll probably do some baking with it! I might also like it better after a while, I was just very surprised today 😂",0,0,0,0,1,0
"How the hell is that comment ""holding the GM accountable""",0,0,1,0,0,0
That’s unfortunate,0,1,0,0,0,0
Just drink the bear. Life is too painful and short to worry,0,1,0,0,0,0
looks like got damn shoe leather.,0,0,1,0,0,0
Confound your toll Troll!,0,0,0,0,1,0
"trust me, you do not want to do this. i used to live with 2 party people and it was absolute hell. save yourself now",0,0,1,0,0,0
I want to die,0,1,1,0,0,0
This is straight up depressing,0,1,0,0,0,0
"Yeah it is, I hate it so much, I wish I woke up earlier.",0,0,1,0,0,0
This really hurts my feelings.,0,1,0,0,0,0
Griefing your oponents is amazing fun in a pvp game. *Cheating* to grief is the problem being addressed here.,1,0,0,0,0,0
Holy shit I didn’t realize he didn’t fumble all season that’s wild,0,0,0,0,1,0
I will GLADLY tell him to his face. And have.,1,0,0,0,0,0
"Oooh, hasn't seen that one. My favourite song is the first half of Miss Me.",1,0,0,0,0,0
The best part of adult snow days is no make-up!,1,0,0,0,0,0
FIDLAR dropped their new album today (yesterday?). It is certainly...different. But I'm enjoying it all the same,1,0,0,0,0,0
Wow another person in Dunedin uses Reddit,0,0,0,0,1,0
"wow, there's no way [NAME] should 'er scored that",0,0,0,0,1,0
"Oh, wow, I didn't know my Dad had a Reddit account.",0,0,0,0,1,0
Same here. The ones who know me and my obsession always let me know and it makes me happy.,1,0,0,0,0,0
good luck! i recently left the floor for an office job and couldn’t be happier.,1,0,0,0,0,0
It was such a strange error.,0,0,0,0,1,0
"wow, here in Brazil people say the opposite of this phrase, also makes me mad",0,0,0,0,1,0
"He doesn’t, he’s terrified, cries and hugs you. Basically one of the scariest scenes in TWD.",0,0,0,1,0,0
This hurts my brain,0,1,0,0,0,0
my little abomination,0,0,0,0,0,1
"I'm a Broncos fan. I'll never, ever root for the Chargers, Chiefs or Raiders. Who the fuck would? ",0,0,1,0,0,0
Shut up and stop trolling. You're not funny,0,0,1,0,0,0
That hop/shuffle is scary,0,0,0,1,0,0
nearly choked on my chicken breast,0,0,0,1,0,0
Don't be an asshole,0,0,1,0,0,0
Exactly. It was The fact that everything happened and ended so suddenly that left me speechless.,0,0,0,0,1,0
Are your boys really doing the hand clap meme? Holy crap is this cringey.,0,0,0,0,0,1
Ok but what if you hire him into a management position. He makes women feel uncomfortable and a discrimination suit waiting to happen.,0,0,0,0,0,1
heck,0,0,1,0,1,0
Wtf is a weeb,0,0,1,0,0,0
I just wanted my knees to stop hurting,0,1,0,0,0,0
The saddest thing is you will never understand how absolutely idiotic what you just said is.,0,1,0,0,0,0
Pretty normal! I have a friend who is exactly the same :),0,0,0,0,1,0
natural selection will rape her anyway so...,0,0,0,0,0,1
A Wall is NOT a Volition of the NAP you idiot.,0,0,1,0,0,0
OMG she's BYEsexual. Sorry I had to.,0,0,0,0,1,0
"Damn, politics *does* make strange bedfellows.",0,0,1,0,0,0
No credit?? This is the brilliant youtube channel You Suck At Cooking,0,0,1,0,0,0
I like the earthquake that occurs after she falls. Glad the cameraman got that on video.,1,0,0,0,0,0
I had to put Bird Box because it's the only direct to streaming movie I saw. I feel dirty.,0,0,0,0,0,1
PLEASE leave my Mother out of this!,0,1,0,0,0,0
"FUCK YOU CHAD, WE ARE COOL GAMERS RISE UP😎😎😎💯💯💯💯💯🔥🔥👅 BOTTOM TEXT ",0,0,1,0,0,0
SHUT THAT SOFT ASS SHIT UP,0,0,0,0,0,1
"Those pearls are the worst, ugh.",0,0,0,0,0,1
"Damn it, karen",0,0,1,0,0,0
They start as needy creeps and work their way up to being dangerous.,0,0,0,1,0,0
Getting tougher to make those mortgage **and** car payments.,0,1,0,0,0,0
PayPal is fucking pricey. 500 bucks to Mexico cost me 60$,0,0,1,0,0,0
How can you look at that. it hurts.,0,1,0,0,0,0
It’s definitely a massive problem for both of us. Attributing blame does nothing to solve the problem.,0,1,0,0,0,0
Im retarded lmao Etiz/flualp,0,0,1,0,0,0
Oh gosh dang it,0,0,0,0,1,0
Poor [NAME] she just broke her back,0,1,0,0,0,0
Seeing this makes me happy. I hope this is true :),1,0,0,0,0,0
I'm sorry for you... That sounds not cool :'(,0,1,0,0,0,0
"Did you hear about that old Italian chef? Sadly, he pasta way.",0,1,0,0,0,0
I'm sorry for your loss. From the picture it looks like he had a great life if that helps,0,1,0,0,0,0
" that’s actually sad, feel bad for him :/",0,1,0,0,0,0
"Philanthropy really scares some people, doesn't it? People did this to [NAME] too. ",0,0,0,1,0,0
"Indeed! Oh [NAME], you are in for a horrible life...",0,1,0,0,0,0
I mourn for you anti-intellectuals,0,1,0,0,0,0
"Don't read, it just gets worse! ",0,0,0,0,0,1
Fuck calm down [NAME],0,0,1,0,0,0
Having sex with a child in the room is often difficult and boring.,0,0,0,0,0,1
up shut fuck the,0,0,1,0,0,0
"The baby photos, holy fucking shit there's so many baby photos now.",0,0,0,0,1,0
"Wow, I'm glad he's okay.",0,0,0,0,1,0
Shut up you shill /s,0,0,1,0,0,0
[NAME] in the Lego movie? Get outta here,0,0,1,0,0,0
s p o o k y,0,0,0,1,0,0
Upon reading I find this to be fake news and I'm disgusted to learn she writes for the age,0,0,0,0,0,1
Sure it's okay. Very sorry for your loss. Your dad's posts kept me coming back here when I was just a lurker. Much appreciation.,0,1,0,0,0,0
I'm so sorry that your partner doesn't understand that you no longer want to put hormones in your body.,0,1,0,0,0,0
"For some reason I wanted to be a bartender when I was 8. After hearing this story, makes me feel I missed out. ",0,1,0,0,0,0
"Definitely going to fail without a doubt qualified to even own my dog, and I’m happy it’s a deload week.",1,0,0,0,0,0
you seem fun!,1,0,0,0,0,0
It's more like depression is the default state. We live in a depressing society.,0,1,0,0,0,0
"Wow, “Social” Democrats betraying the revolution. Who would had guessed?",0,0,0,0,1,0
Is that the only symptoms you’ve noticed? Are you normally worried for social situation?,0,0,0,1,0,0
I feel genuine sorrow for your family having to be associated with a cretin such as yourself,0,1,0,0,0,0
"dude,,, same i cried today because i couldn’t go to the gym bc my foot was too swollen to wear shoes lol",0,1,0,0,0,0
Wow...Mean [NAME] passed away today. RIP,0,0,0,0,1,0
My new favorite phrase.,1,0,0,0,0,0
The sad thing is that most of them are gone the next election anyway.,0,1,0,0,0,0
this take can get the fuck out. that bulge is sacred,0,0,0,1,0,0
Fucking pouliot you're shit,0,0,1,0,0,0
That would be me lol; glad it made you laugh,1,0,0,0,0,0
r/rareinsults also i’m surprised this guy isn’t fussing over the “it’s” instead of “its”,0,0,0,0,1,0
"Frankly, I'm continuously shocked that more than 35% of the population actually think he's doing a good job. ",0,0,0,0,1,0
Sex is gross and gross things are immoral to conservatives unless they are doing them.,0,0,0,0,0,1
Have I been eating avacodos wrong this entire time! Oh no!,0,0,0,0,1,0
Glad to hear it :) definitely more on the way!,1,0,0,0,0,0
That's an unexpected pair of fighters.,0,0,0,0,1,0
"[NAME], this really is stunning",0,0,0,0,1,0
Fuck her. I hate her so much. I wish she’s just vanish back to Indonesia with her mustache.,0,0,1,0,0,0
That's crazy. Glad you got your money back though!,1,0,0,0,0,0
"Wow, /r/noisygifs for real. First time I genuinely felt I could hear it.",1,0,0,0,1,0
Congrats I’m very happy for your happy ending. Wish you guys many many years of happiness together,1,0,0,0,0,0
We knows mumps immunity wanes; is it possible for measles immunity to do the same thing? I'm kinda scared to try Googling it too.,0,0,0,1,0,0
I hated that smug ass lawyer.,0,0,1,0,0,0
She might just be bitter over her own relationship and this is a painful reminder in some way.,0,1,0,0,0,0
Happy birthday [NAME],1,0,0,0,0,0
"To be fair, they did call it a horror. ",0,0,0,1,0,0
I wonder how she would respond if he said this. It's almost worth doing to find out.... Almost,0,0,0,0,1,0
This sounds so painful. I am so sorry. This ED is literally a demon.,0,1,0,0,0,0
Hi [NAME] nice to see you,1,0,0,0,0,0
"I think they'd do ok (Sorry but as an INTJ a lack of my thoughts here is also bothering me, too)",0,1,0,0,0,0
We're all [NAME] fans in our hearts,1,0,0,0,0,0
Crafty little bastards.,0,0,1,0,0,0
"I'm suprised they didn't use the classic: ""[NAME]?"" ",0,0,0,0,1,0
oh my good,0,0,0,0,1,0
"Yes, very sad but that's the reality of competitive online gaming right now",0,1,0,0,0,0
"*youve doomed us all, evacuate the continent immediately*",0,0,1,0,0,0
NO GOD NOOOO!,0,0,0,1,0,0
"But the battle dynamics are sh*t. Every other ME is better in that respect, especially the squad AI is bad. Really bad.",0,0,0,0,0,1
"Me, because I'm a narcissistic bastard.",0,0,1,0,0,0
He lost his shoes. He’s legally dead.,0,1,0,0,0,0
Omg saucepan what a daring and unconventional look!!!11,0,0,0,0,1,0
That's why I'm glad they got [NAME].,1,0,0,0,0,0
"What about a meet tomorow night (saturday night jan 12th) its supposed to be nice, just let me know and ill swing on by. 👍",1,0,0,0,0,0
Omg I'm crying and shaking rn [NAME] would never say that,0,1,0,0,1,0
ho boy are you in for a surprise,0,0,0,0,1,0
"That sounds awful. Glad its from 4Chan, so I know its fake.",0,0,0,0,0,1
I'll kill you.,0,0,1,0,0,0
ohhhhh my gosh,0,0,0,0,1,0
He probably enjoyed it so much with his frat brothers that he's willing to buck his own party for good weed.,1,0,0,0,0,0
So why did [NAME] leave? They were predictable and mostly tolerable. Three wings is absolutely intolerable. I hate him.,0,0,1,0,0,0
"Another bad essay by me, sorry for butchering anarchism, anti-ableism and anti-psychiatry but I hope I got the point across :p",0,1,0,0,0,0
Three years ago I did! Ended up hospitalized for 5 days. I can say that I'm in a much better place now. :),1,0,0,0,0,0
"omg, id cry if this was my store ",0,1,0,0,0,0
"I love this so much, glad [NAME] made it to San Jose after all",1,0,0,0,0,0
"I actually feel bad for your roommate, poor guy.",0,1,0,0,0,0
Some graffiti can turn that really bad,0,0,0,0,0,1
OMG the bra hanging out of the back of that dress is so cringe.,0,0,0,1,0,0
"C'mon baby, C'MON DEEP SHIT",0,0,1,0,0,0
Predicted almost exactly what was going to happen. Still got me.,0,0,0,0,1,0
Wow i've sat like all of those,1,0,0,0,0,0
Kid looks like he's about to cry,0,1,0,0,0,0
"Bro we got destroyed last time, we’re due for a heartbreaking missed field goal or extremely ill-timed turnover ",0,1,0,0,0,0
Haha I actually didn't know about its existence! I honestly wonder how much of that map I've actually seen though. So many hours. Lol,0,0,0,0,1,0
"My darling, have you bowed down to worship the ancient one yet? We are very worried. ",0,0,0,1,0,0
"Me too, I'm shitting myself.",0,0,0,0,0,1
My goodness. Your such a fucking manchild.,0,0,1,0,0,0
Omg so short but such a bop! I’m so excited for her album,0,0,0,0,1,0
It's a prime-time soap. I feel so guilty.,0,1,0,0,0,0
I'm surprised who posted this bc she's normally a sweet women but then there was this,0,0,0,0,1,0
"Grandmother got into an accident many years ago, and walked away with broken ribs.... it took her a couple years before she found out",0,1,0,0,0,0
"It's so sad that people don't vaccinate their children. For every upvote to this post, I'll vaccinate my child in protest. ",0,1,0,0,0,0
That's disgusting. Apt.,0,0,0,0,0,1
"Unbelievable that we didn’t sign him Also, we could’ve potentially signed [NAME] the window we signed [NAME]. Kill me.",0,0,0,0,1,0
I've never heard of this place. I know what we are doing next time we're up there!,0,0,0,0,1,0
I watch his YouTube stuff. It's gross!,0,0,0,0,0,1
Oh.... We're still doing this ? Even after [NAME]?,0,0,0,0,1,0
"Not related, but now I wonder how Delta would have done on the hair ball challenge",0,0,0,0,1,0
Looks like a plate to me. A stupid plate. But a plate nonetheless.,0,0,1,0,0,0
"Not to be critical, but “rethuglican” is an awful one ",0,0,0,0,0,1
I’ve been kicked in the leg my foots been stamped on. I can’t imagine the pain of this,0,1,0,0,0,0
Or just head on to Galleon's Grave. I just hate Dagger Tooth.,0,0,1,0,0,0
That was your saddest shortest story yet,0,1,0,0,0,0
I might get to phaneuf traded levels of joy.,1,0,0,0,0,0
wow even the buildings on the poster haven't loaded in,0,0,0,0,1,0
My dad has an irrational fear of the dark.,0,0,0,1,0,0
You have to leave the house.,0,0,1,0,0,0
Women don't want their own shit. They want our shit. ---- [NAME],0,0,0,0,0,1
Wow now I know there's a twist. Why even watch it?,0,0,0,0,1,0
"Oh lord, we're about to have a hell of an offseason",0,0,0,1,0,0
I'm glad we agree.,1,0,0,0,0,0
Oh same! But with [NAME]!,0,0,0,0,1,0
I actually feel assaulted by this video.,0,1,0,0,0,0
"As much as I'd love to say it's mine, sadly I can't",0,1,0,0,0,0
I hate y'all too,0,0,1,0,0,0
"Is it only possible for men to be crossdressers? I’ve never heard a woman called that, even if she’s dressed like a man.",0,0,0,0,1,0
We sacrifice them both to [NAME] and throw them in the Baler!,0,1,0,0,0,0
Seriously? I couldn't even remember the dude's name until about halfway through the season honestly.,0,0,0,0,1,0
Sad and very true though. Case in point.,0,1,0,0,0,0
"That sound you are hearing is me, a middle aged woman, applauding you wildly. How fun this is to read on my morning break.",1,0,0,0,0,0
"Dangerously close to paganophile, so be careful of your spelling for fear of extreme confusion...",0,0,0,1,0,0
I was just joking...,1,0,0,0,0,0
"Thanks, glad you enjoyed it!",1,0,0,0,0,0
I've been playing for years and it's still a bitch for me to lay off balls.,0,0,1,0,0,0
5 days?!? But I'm mad now!,0,0,1,0,0,0
I just saw a snot nosed brat eat a croissant on the subway and got crumbs all over and the snobby rude mom left like nothing happened .,0,0,0,0,0,1
Thank you. People always forget that The Happiest Days of Our Lives is essentially part of that song.,1,0,0,0,0,0
A sharp stick? I think you need a rifle to kill that bastard,0,0,1,0,0,0
"+1 Thought I had depression, turns out I just wasn’t being happy enough! Who’da thunk it.",1,1,0,0,0,0
Yes but that's largely changed in much of the US (the coasts at least). Surprised a state or two hasn't legalized it,0,0,0,0,1,0
Imagine thinking this comment was ok to post. Shame on you.,0,0,0,0,0,1
BALL DONT LIE,0,0,1,0,0,0
Go to Happiest Hour before/after the game. Walking distance b/w AA center. It's a fun spot!,1,0,0,0,0,0
Im definitely gonna check the bushes around the burn where everyone throws their targets from now on. Im not over it i feel bad man.,0,1,1,0,0,0
"I'd say the bigger potential problem is getting reported for public indecency, that goes on your criminal record.",0,0,0,1,0,0
"Oh no, my secret identity as a neurosurgeon/entomologist/radiologist/anesthetist/dentist has been discovered! I knew I should have given less detailed medical advice online! D: ",0,0,0,0,1,0
"Rule of cool: horses are sweet, and fun, and lancing someone is an awesome animation.",1,0,0,0,0,0
My son and I both enjoy taking pictures. It gives us pleasure. Part of the fun for us on vacation is taking pictures of new things.,1,0,0,0,0,0
"Yeah I know, it’s just wishful thinking but I would be ecstatic if it came out today",1,0,0,0,0,0
This is so sweet and it makes me so happy. But also so sad because I hate seeing families torn apart.,1,1,0,0,0,0
"Sometimes, I am amazed that they are able to fit into a car.",0,0,0,0,1,0
Tkachuk - Pageau - Stone is going to be our second line. Absolutely filthy.,0,0,0,0,0,1
It's so much worse with a child involved. I'm so sorry you have to go through this.,0,0,0,0,0,1
The Vikings....they make me the most angry.,0,0,1,0,0,0
"> They are all one entity with the same goals. Agreed, sadly.",0,1,0,0,0,0
For a moment there I thought I was the only one! Pretty awesome and I had no idea,0,0,0,0,1,0
FUCK YESSSSS CJJJJJJJJ,0,0,1,0,0,0
A derogatory term.,0,0,0,0,0,1
Wow what a final quarter. [NAME] throwing two intersepts. What a dog,0,0,0,0,1,0
Wow she still hasn't helped even though you recognize it?,0,0,0,0,1,0
"Smh. Can y’all stop being so hot? For real though congrats, you two look so happy together!",1,0,0,0,0,0
"Sadly, I’m younger. 15.",0,1,0,0,0,0
Wow I had no idea all of this transpired. Crazy!,0,0,0,0,1,0
When I drove refers I was always afraid this would happen to me. I always shut my doors I'm just a worrier,0,0,0,1,0,0
He was afraid of flying,0,0,0,1,0,0
“Don’t discipline my kid!”,0,0,1,0,0,0
Oh my *FUCKING* **GOD**!!,0,0,0,0,1,0
Dude couldn’t see he had a spool of hair growing on his face?!,0,0,0,0,1,0
Why am I crying rn...,0,1,0,0,0,0
Well [NAME] just missed...so there’s that bit of good news,1,0,0,0,0,0
[NAME] i want to slap the shit out of her,0,0,1,0,0,0
That is disgusting. And not one parent thought that was a *bit* inappropriate? smh,0,0,0,0,0,1
[NAME] would love it if we rolled over into the hypocrisy of pacifism. The only problem I have with punching [NAME] is making sure your aim is correct.,0,0,1,0,0,0
"cool, gonna check this game now",1,0,0,0,0,0
"Watch out, [NAME]!! [NAME] is right behind you. Oh god oh fuck he can’t hear us, he has AirPods.",0,0,1,0,0,0
He's transcended fuck-you-money to fuck-me-money territory,0,0,1,0,0,0
1 is spot on. Anxiety completely disappears. I like when that happens. One less issue,1,0,0,0,0,0
Why was nobody driving the damn thing? They were all in the backseat. :/,0,0,1,0,0,0
What the fuck did I just read?,0,0,1,0,0,0
"Though I encourage! For an opportunity to play a game of such grand anticipation as this, is a sweet fortune.",1,0,0,0,0,0
i dont give a flaming fart about averages. most people have no taste in comedy.,0,0,0,0,0,1
"Ace here! I do masturbate and enjoy it, I just feel no sexual attraction or desire to have sex with other people.",1,0,0,0,0,0
That is extremely uncomfortable to look at.,0,0,0,0,0,1
I'm not crying... you're crying!,0,0,1,0,0,0
Please don't think the way they're trolling represents us [NAME]. I'm sorry this happened.,0,1,0,0,0,0
I was freaking out watching this. WTF are the parents!?,0,0,1,0,0,0
Oh my [NAME] your desk is fucked.,0,0,0,0,1,0
Bitch ass n*** [NAME] rooting for [NAME],0,0,1,0,0,0
"I was reading up last night and it's a mixed bag. Exercise can help with the depressive episodes, but it can make the manic episodes worse.",0,0,0,0,0,1
Damn! You were so close! Scary. Damn damn!,0,0,0,1,0,0
The fact [NAME] met her at the airport should tell you all you need to know about why they did it. What a farce.,1,0,0,0,0,0
"So happy for you! Keep dancing, dancing is freedom!! Something we feel we will never have again. ",1,0,0,0,0,0
I hope there is a special place in Hell for these people.,0,0,1,0,0,0
"[NAME], “How dare you show concern for the wounded!” Made me chuckle.",1,0,1,0,0,0
"All those empty seats smh. Imagine paying $300+ just to see the Rangers get slaughtered at home. And yet, I still want more goals haha.",1,0,0,0,0,0
"[NAME] 31m contract is horrendous, I hated it when he signed it and I hate it now.",0,0,1,0,0,1
I don't even cook the steel cut! I just love the chewiness! I'm usually fuller longer with steel cut too.,1,0,0,0,0,0
"Given my grandpaernts survived the holocaust and told us everything, we have a horrible yet interesting family humour. ",0,0,0,1,0,0
Our team just gave up the moment that happened and all went to top lane to have a b-step party with the other team,1,0,0,0,0,0
Anyone that actually takes the train daily can tell you that. And I do feel its getting worse.,0,0,0,0,0,1
I’m offended that your offended,0,1,0,0,0,0
"Kind of wish they recorded a video of the shard of glass moving through the heart, we would all pee a little in our pants.",0,0,0,1,0,0
I am so blessed to be a lesbian.,1,0,0,0,0,0
"I DON'T BELIEVE, WHAT I JUST SAW",0,0,0,0,1,0
"OMG, is this the one that wore white? 😳",0,0,0,0,1,0
"No, no, please don’t make me see [NAME], please!",0,0,0,1,0,0
Happy Easter everyone!!,1,0,0,0,0,0
Especially hard last night looking at Snapchat stories.,0,1,0,0,0,0
"Yeah yeah science, but I never said anything about meeting forcing him. That's disgusts me.",0,0,0,0,0,1
Lmfao. Tax refunds. Must be nice to get one of those.,1,0,0,0,0,0
Talking about scary foreign people spreading disease is a classic xenophobic trope. Vile.,0,0,0,0,0,1
stop making me cry man,0,1,0,0,0,0
You'd be surprised how much control [NAME] has in your life. I've experienced it first hand. Mentally.,0,0,0,0,1,0
"Hi, female prostitute for sex work here. Can you not with this angry and condescending attitude? Not good camaraderie, comrade.",0,0,1,0,0,0
"Omggg me too ahahaha, i should try shopping in kids",0,0,0,0,1,0
I feel like this anime will make me cry in the end. Damn even its opening is full of drama. Am I correct in this?,0,1,0,0,0,0
"Mate you are mental, no way [NAME] would mess up like you have said!",0,0,1,0,0,0
Be adult Pay taxes to govt Be deemed incompetent by people with different views Feels bad,0,1,0,0,0,0
Fuck I’m hungry now.,0,0,1,0,0,0
Please tell me that [NAME] never said this.,0,1,0,0,0,0
"Dude, wtf is this?",0,0,1,0,0,0
Damn this is dope,0,0,1,0,0,0
I’m tired of these stupid posts. Stop trying to become a meme. You’re ruining this sub!,0,0,1,0,0,0
[NAME] line of drool made me very happy I waited to watch this til I was eating dinner i love the power hour so much,1,0,0,0,0,0
"...it was a corgi, and that dog looked happy as hell.",1,0,0,0,0,0
Guess I hit a triple,0,0,0,0,1,0
Btc is a shite coin,0,0,0,0,0,1
worst is when people with dogs think they know what it's like to be a parent omg like you dont even know YOU DONT EVEN KNOW,0,0,0,0,0,1
"Yah, totally. It's just kind of scary when all you hear are loud extremes on both sides. ",0,0,0,1,0,0
oh god this is the worst,0,0,0,0,0,1
What was the original post? If it was as awful as this one my comment would still apply!,0,0,0,0,0,1
"Nope! His real name starts with a G. Weird spelling of a common name, and pretty identifiable so I’ve never wanted to use it 🙃",0,0,0,0,0,1
But really Vanilla Ice is scum RIP [NAME] and [NAME],0,0,0,0,0,1
I am not running around talking about how I am going to beat up my kids teachers. Not sure where you got tough guy from that...,0,0,1,0,0,0
She got the death penalty...? fck me.,0,0,1,0,0,0
Who gives a shit. Stay in your fucking car.,0,0,1,0,0,0
I’m happy I can help.,1,0,0,0,0,0
don't you get it? It's freedom to kill children now...,0,0,1,0,0,0
"No it's propaganda we because r/politics only presents info, true or (usually) or otherwise info that is designed to hurts conservatives and help liberals. Propaganda",0,1,0,0,0,0
"That's awful. I'm glad [NAME] doing better, but he might have serious trust issues for life. ",0,0,0,0,0,1
Stop believing everything you’re told.,0,0,1,0,0,0
"Oh damn, is that who made that up?",0,0,0,0,1,0
That's a cool dino,1,0,0,0,0,0
Shhh don't give them the idea!,0,0,1,0,0,0
So now disabled people don’t have rights . You get worse .,0,0,1,0,0,0
"Downtown is inconvenient, look like you've gone full county, enjoy your strip mall ",1,0,0,0,0,0
" goat handshake denied Personally, I just think [NAME] was scared of touching such a relic as is [NAME] hand",0,0,0,1,0,0
it's horrid :/,0,0,0,1,0,0
My inevitable famine is when I run out of pop tarts and get sad,0,1,0,0,0,0
Fuck these trendy hipster joints. Give me my shit like normal fucking people.,0,0,1,0,0,0
Enjoy the ride!,1,0,0,0,0,0
